attendance,purchase_rate,customers,purchase_amount,revenue,profit
161,0.344532,54,6.71,362.22,112.22
84,0.643854,55,3.35,184.49,-65.51
120,0.671607,80,7.68,614.29,364.29
174,0.568251,103,4.82,496.57,246.57
89,0.536839,51,7.15,364.80,114.80
86,0.521344,43,6.49,278.94,28.94
176,0.370076,66,5.59,369.26,119.26
86,0.664247,54,6.73,363.20,113.20
107,0.477353,54,7.75,418.65,168.65
172,0.320578,52,4.44,230.78,-19.22
122,0.337802,40,6.39,255.68,5.68
94,0.634675,62,5.50,340.95,90.95
83,0.357112,26,6.04,156.98,-93.02
170,0.390188,63,7.74,487.46,237.46
167,0.557324,96,6.47,620.79,370.79
80,0.598322,47,5.89,276.90,26.90
162,0.568537,94,6.93,651.33,401.33
176,0.628276,112,7.10,795.71,545.71
137,0.427564,60,4.50,270.08,20.08
96,0.580571,49,3.66,179.51,-70.49
158,0.574626,93,7.30,678.88,428.88
122,0.300585,46,6.29,289.18,39.18
129,0.408174,56,3.13,175.30,-74.70
128,0.364362,41,3.38,138.38,-111.62
123,0.626954,66,4.52,298.01,48.01
101,0.636255,68,7.38,502.01,252.01
164,0.343245,43,7.18,308.77,58.77
80,0.436543,26,7.15,185.88,-64.12
116,0.650991,75,5.11,383.39,133.39
148,0.302932,37,3.33,123.11,-126.89
158,0.573665,88,6.79,597.17,347.17
141,0.401511,55,4.53,249.33,-0.67
153,0.351298,50,5.63,281.43,31.43
146,0.626152,94,7.24,680.53,430.53
128,0.593463,77,7.41,570.93,320.93
153,0.452618,67,6.90,462.34,212.34
163,0.355431,47,5.71,268.22,18.22
98,0.322026,30,4.75,142.35,-107.65
151,0.514354,76,4.04,307.14,57.14
164,0.567842,79,6.70,529.05,279.05
143,0.601105,89,5.06,450.76,200.76
105,0.370647,38,3.20,121.47,-128.53
110,0.376761,48,7.93,380.78,130.78
138,0.643169,90,6.74,606.28,356.28
120,0.362421,42,7.85,329.73,79.73
161,0.664842,106,4.78,506.67,256.67
162,0.677290,120,4.78,573.66,323.66
161,0.381423,49,5.06,248.05,-1.95
169,0.640732,113,3.25,367.13,117.13
135,0.594356,81,7.61,616.29,366.29
140,0.346776,34,6.11,207.86,-42.14
149,0.549744,90,6.09,548.18,298.18
152,0.508702,71,6.75,479.45,229.45
143,0.686919,102,3.18,324.77,74.77
86,0.468824,43,3.98,171.01,-78.99
142,0.383695,51,3.41,173.76,-76.24
88,0.481865,47,4.84,227.63,-22.37
136,0.356102,54,7.10,383.52,133.52
104,0.320843,30,7.96,238.80,-11.20
155,0.423192,62,5.06,313.60,63.60
162,0.614033,97,7.83,759.63,509.63
164,0.659041,104,3.90,405.95,155.95
147,0.573631,90,3.21,289.06,39.06
115,0.663393,70,3.50,245.27,-4.73
179,0.675607,117,5.92,692.21,442.21
154,0.329508,54,7.19,388.11,138.11
167,0.351594,53,4.83,256.18,6.18
139,0.465174,65,7.10,461.64,211.64
154,0.617261,102,5.94,605.67,355.67
177,0.511058,98,7.29,714.64,464.64
164,0.633644,104,3.25,337.95,87.95
164,0.421172,66,4.97,328.00,78.00
109,0.336796,34,3.05,103.71,-146.29
178,0.517122,96,4.69,450.02,200.02
103,0.589483,67,5.95,398.50,148.50
96,0.379429,39,7.38,287.79,37.79
130,0.616537,79,3.21,253.70,3.70
140,0.303928,40,5.08,203.26,-46.74
120,0.659095,83,3.85,319.22,69.22
144,0.343142,55,5.13,282.12,32.12
148,0.337829,47,6.63,311.80,61.80
97,0.543882,49,5.52,270.32,20.32
119,0.677917,87,3.79,329.86,79.86
119,0.550369,61,3.56,217.00,-33.00
109,0.484321,52,4.67,242.58,-7.42
175,0.698143,114,5.08,578.62,328.62
179,0.360708,53,7.30,386.88,136.88
92,0.665669,61,3.45,210.58,-39.42
150,0.628431,91,4.12,374.90,124.90
176,0.518552,85,4.00,340.40,90.40
116,0.574244,65,4.93,320.70,70.70
115,0.575985,60,7.52,451.10,201.10
91,0.301536,30,6.96,208.74,-41.26
164,0.662145,116,3.76,435.60,185.60
133,0.556727,74,4.98,368.52,118.52
82,0.581151,54,5.40,291.53,41.53
150,0.565855,80,3.82,305.88,55.88
97,0.348404,31,3.81,118.11,-131.89
91,0.576570,55,7.88,433.19,183.19
150,0.441421,75,4.18,313.64,63.64
128,0.354362,46,4.44,204.06,-45.94
123,0.546719,63,7.90,497.53,247.53
110,0.617703,64,7.24,463.08,213.08
137,0.395592,48,3.01,144.54,-105.46
128,0.699712,87,4.40,383.09,133.09
98,0.382713,37,4.77,176.34,-73.66
132,0.513992,67,6.69,448.44,198.44
150,0.333427,59,5.63,331.90,81.90
117,0.678181,69,6.16,424.91,174.91
153,0.414734,52,5.70,296.20,46.20
133,0.688937,92,3.15,290.04,40.04
109,0.335675,31,3.66,113.56,-136.44
130,0.571499,67,6.30,421.95,171.95
131,0.365769,44,3.40,149.51,-100.49
83,0.354450,34,7.26,246.67,-3.33
141,0.354267,49,3.77,184.91,-65.09
101,0.611688,63,6.65,418.88,168.88
107,0.638537,76,4.30,326.56,76.56
156,0.401504,54,3.15,170.01,-79.99
140,0.566634,81,7.14,578.67,328.67
156,0.515296,79,6.77,534.44,284.44
102,0.531136,47,7.41,348.38,98.38
161,0.596123,98,5.57,546.20,296.20
92,0.459529,45,7.09,319.04,69.04
150,0.438645,64,4.47,285.97,35.97
131,0.666002,81,5.70,461.78,211.78
153,0.471389,73,7.57,552.61,302.61
119,0.646493,67,6.29,421.21,171.21
105,0.573943,62,6.02,373.44,123.44
119,0.503218,65,7.07,459.80,209.80
143,0.697382,95,7.54,716.51,466.51
140,0.318013,40,4.59,183.68,-66.32
132,0.569768,76,5.13,390.10,140.10
164,0.480305,73,5.90,430.50,180.50
86,0.645182,58,5.42,314.57,64.57
116,0.346810,42,4.61,193.74,-56.26
174,0.519821,87,3.29,285.80,35.80
154,0.514574,82,5.67,464.62,214.62
98,0.553323,67,5.32,356.21,106.21
128,0.673406,91,5.96,542.58,292.58
165,0.427367,84,3.63,305.15,55.15
155,0.501551,86,5.61,482.77,232.77
98,0.337137,31,4.99,154.58,-95.42
135,0.374997,58,6.57,381.18,131.18
100,0.547902,54,7.96,429.97,179.97
114,0.616043,76,4.47,339.51,89.51
176,0.455182,71,7.64,542.20,292.20
126,0.403839,49,4.88,239.21,-10.79
103,0.323855,35,3.88,135.81,-114.19
122,0.629625,86,5.27,453.06,203.06
145,0.551822,85,4.99,424.42,174.42
158,0.329948,62,6.69,414.57,164.57
129,0.602007,76,5.02,381.57,131.57
165,0.393767,63,7.42,467.55,217.55
169,0.513115,74,5.20,384.66,134.66
111,0.618161,69,4.54,313.04,63.04
173,0.315962,57,5.57,317.42,67.42
122,0.390052,53,3.45,183.00,-67.00
151,0.668624,99,4.61,456.47,206.47
155,0.402904,69,4.91,338.45,88.45
154,0.608063,96,6.19,594.23,344.23
105,0.537339,55,3.39,186.28,-63.72
108,0.506631,55,6.55,360.50,110.50
136,0.301175,41,3.07,125.69,-124.31
176,0.396480,89,4.17,370.87,120.87
133,0.466596,66,3.53,232.72,-17.28
94,0.313145,41,7.78,318.97,68.97
165,0.646973,109,3.81,415.06,165.06
135,0.415707,62,6.20,384.26,134.26
143,0.525240,86,4.89,420.89,170.89
134,0.381799,52,4.23,219.98,-30.02
97,0.449432,40,7.32,292.80,42.80
107,0.680663,83,6.67,553.51,303.51
162,0.388791,66,4.58,302.50,52.50
165,0.351414,57,3.01,171.74,-78.26
117,0.309975,34,7.19,244.56,-5.44
165,0.599015,105,4.34,455.53,205.53
81,0.535662,43,7.66,329.58,79.58
129,0.661300,96,7.80,748.77,498.77
121,0.341680,37,4.08,151.09,-98.91
91,0.514589,42,5.23,219.73,-30.27
140,0.569022,73,6.01,438.50,188.50
81,0.545075,47,5.88,276.35,26.35
97,0.521794,46,4.72,217.01,-32.99
122,0.612616,81,5.04,408.45,158.45
138,0.614885,95,7.39,702.13,452.13
80,0.375191,34,6.03,204.97,-45.03
93,0.575655,51,7.38,376.46,126.46
153,0.619852,86,6.54,562.62,312.62
100,0.510215,45,3.82,172.07,-77.93
161,0.649698,111,7.85,871.81,621.81
119,0.338092,36,5.67,204.11,-45.89
158,0.390684,55,5.03,276.43,26.43
121,0.587170,78,6.42,501.03,251.03
108,0.424066,39,7.71,300.64,50.64
136,0.603716,80,7.94,635.34,385.34
115,0.511931,59,6.10,359.76,109.76
170,0.615761,95,5.40,513.01,263.01
92,0.638054,59,3.76,222.00,-28.00
164,0.454165,73,7.04,514.17,264.17
178,0.568500,114,3.14,357.67,107.67
147,0.479911,69,6.02,415.47,165.47
177,0.492642,72,6.04,435.22,185.22
83,0.542000,47,5.60,263.14,13.14
161,0.523448,100,5.56,555.64,305.64
115,0.512610,47,3.09,145.39,-104.61
111,0.320460,31,7.55,233.95,-16.05
96,0.398267,38,5.41,205.59,-44.41
139,0.309503,48,6.61,317.11,67.11
102,0.604388,59,7.98,471.03,221.03
179,0.693320,120,6.84,820.41,570.41
87,0.686435,60,7.06,423.42,173.42
101,0.383843,30,3.80,113.90,-136.10
113,0.598451,66,5.16,340.31,90.31
170,0.418341,64,3.74,239.66,-10.34
168,0.602017,108,7.88,851.34,601.34
108,0.687470,65,4.88,317.33,67.33
85,0.642574,49,7.37,361.12,111.12
151,0.524204,81,3.60,292.00,42.00
180,0.633160,117,7.07,827.01,577.01
157,0.304151,47,5.74,269.95,19.95
83,0.327432,22,7.28,160.11,-89.89
87,0.697871,64,5.96,381.41,131.41
123,0.459350,59,5.97,352.27,102.27
169,0.556270,92,3.38,310.55,60.55
142,0.661209,98,5.92,579.85,329.85
102,0.472941,52,5.46,283.76,33.76
141,0.644797,85,7.09,602.59,352.59
112,0.385985,41,4.61,188.89,-61.11
80,0.637897,50,7.12,356.21,106.21
177,0.506088,85,3.69,313.69,63.69
147,0.530301,74,7.82,578.50,328.50
165,0.666422,105,7.90,829.97,579.97
146,0.336524,44,4.92,216.28,-33.72
154,0.564655,93,3.80,353.45,103.45
109,0.528234,59,3.83,225.73,-24.27
100,0.453739,55,4.51,248.02,-1.98
153,0.532432,70,5.90,413.17,163.17
163,0.650561,99,4.76,471.38,221.38
104,0.373487,41,3.32,136.17,-113.83
126,0.660211,80,7.14,570.90,320.90
93,0.671637,66,6.40,422.43,172.43
119,0.686995,80,3.91,313.19,63.19
175,0.658340,113,6.56,740.86,490.86
101,0.681897,68,6.67,453.64,203.64
136,0.301097,35,3.20,111.87,-138.13
120,0.525275,70,3.12,218.33,-31.67
153,0.651878,96,4.00,383.87,133.87
123,0.428196,55,5.79,318.29,68.29
117,0.409687,42,5.11,214.44,-35.56
152,0.553513,75,4.05,303.89,53.89
119,0.511840,67,4.29,287.15,37.15
85,0.435897,40,5.55,221.99,-28.01
141,0.648001,107,5.33,570.69,320.69
143,0.449863,61,6.23,379.77,129.77
160,0.339882,68,4.84,329.45,79.45
166,0.392563,75,5.52,414.23,164.23
83,0.322918,22,6.46,142.03,-107.97
129,0.531894,76,5.77,438.31,188.31
108,0.496227,48,4.09,196.49,-53.51
138,0.312276,48,4.91,235.89,-14.11
88,0.630277,56,4.57,255.78,5.78
101,0.406515,37,5.99,221.46,-28.54
171,0.671869,115,5.56,638.97,388.97
158,0.564049,91,4.00,363.66,113.66
105,0.584010,63,4.78,301.31,51.31
123,0.529986,62,7.73,479.20,229.20
175,0.406951,62,7.97,494.42,244.42
84,0.524852,41,5.66,231.98,-18.02
162,0.590963,99,6.67,659.97,409.97
140,0.436182,59,7.53,444.20,194.20
162,0.489680,67,7.75,519.34,269.34
129,0.672094,90,7.24,651.40,401.40
88,0.588973,56,4.77,266.89,16.89
136,0.477074,71,6.72,477.03,227.03
149,0.308055,42,4.98,209.15,-40.85
141,0.448557,69,7.67,529.24,279.24
148,0.664412,107,3.51,375.92,125.92
111,0.397537,34,7.39,251.33,1.33
169,0.358567,63,7.79,490.86,240.86
137,0.348430,45,6.97,313.64,63.64
174,0.664375,111,4.45,494.38,244.38
95,0.484140,45,5.91,266.08,16.08
147,0.632914,90,7.06,635.63,385.63
146,0.351836,54,5.38,290.74,40.74
112,0.328462,35,5.16,180.75,-69.25
106,0.345290,30,5.18,155.28,-94.72
105,0.576786,66,3.23,213.24,-36.76
86,0.594045,56,3.05,170.72,-79.28
172,0.429320,79,4.51,356.35,106.35
128,0.563786,71,3.39,240.90,-9.10
87,0.547532,44,3.89,171.11,-78.89
128,0.363965,51,3.82,194.98,-55.02
164,0.361424,56,3.08,172.52,-77.48
149,0.363620,47,4.13,194.12,-55.88
161,0.358729,49,3.17,155.21,-94.79
103,0.457380,41,6.19,253.66,3.66
180,0.317335,55,5.49,302.15,52.15
135,0.638946,88,5.30,466.24,216.24
146,0.329046,51,7.81,398.15,148.15
137,0.309319,46,5.14,236.39,-13.61
177,0.605362,114,7.68,875.51,625.51
133,0.434974,61,4.18,255.13,5.13
113,0.429361,52,6.22,323.69,73.69
104,0.306045,36,5.17,185.95,-64.05
166,0.492619,89,3.60,320.10,70.10
179,0.369734,75,5.19,389.50,139.50
86,0.528898,54,3.03,163.79,-86.21
85,0.490185,45,4.71,212.09,-37.91
172,0.360225,60,5.80,348.22,98.22
97,0.384780,33,6.17,203.70,-46.30
176,0.384282,58,5.87,340.75,90.75
164,0.394056,57,4.99,284.38,34.38
157,0.635964,97,5.14,498.45,248.45
127,0.328860,40,3.52,140.86,-109.14
145,0.305403,42,6.50,272.79,22.79
137,0.428604,60,3.73,224.06,-25.94
158,0.439302,64,5.82,372.43,122.43
114,0.571204,75,7.78,583.72,333.72
110,0.435952,49,3.39,166.24,-83.76
121,0.370641,44,3.82,167.93,-82.07
86,0.595587,50,5.84,292.11,42.11
104,0.575085,64,6.66,426.23,176.23
156,0.544463,91,5.53,502.81,252.81
119,0.544520,62,5.68,352.35,102.35
144,0.623321,91,7.52,683.97,433.97
119,0.388949,48,7.22,346.60,96.60
103,0.574336,56,7.28,407.69,157.69
130,0.368917,37,6.68,247.26,-2.74
161,0.310848,45,7.10,319.65,69.65
122,0.656904,78,6.19,483.06,233.06
176,0.581364,108,5.99,647.41,397.41
143,0.425671,53,6.29,333.41,83.41
142,0.378336,65,6.88,447.27,197.27
163,0.440028,82,6.44,527.69,277.69
140,0.415474,47,7.12,334.64,84.64
124,0.574513,75,7.24,542.83,292.83
168,0.632489,113,4.91,555.14,305.14
105,0.447272,43,7.60,326.99,76.99
176,0.583469,95,3.21,305.17,55.17
101,0.495641,51,5.09,259.56,9.56
97,0.659211,67,4.89,327.64,77.64
95,0.542487,36,5.87,211.28,-38.72
115,0.332615,40,7.53,301.05,51.05
154,0.430489,65,5.95,386.72,136.72
166,0.481497,91,3.49,317.95,67.95
96,0.366945,37,7.56,279.63,29.63
135,0.662961,85,5.41,459.51,209.51
89,0.604548,48,7.47,358.37,108.37
119,0.507225,61,3.84,234.00,-16.00
126,0.568796,75,5.41,405.68,155.68
131,0.347381,41,6.81,279.02,29.02
83,0.368059,33,6.74,222.51,-27.49
174,0.383674,63,4.93,310.43,60.43
158,0.592134,87,7.89,686.20,436.20
124,0.596415,67,7.67,514.06,264.06
169,0.687741,120,4.10,491.65,241.65
153,0.475139,73,7.54,550.19,300.19
179,0.528724,95,4.87,462.47,212.47
81,0.382914,20,4.93,98.59,-151.41
159,0.539811,90,3.84,345.91,95.91
148,0.402897,64,7.47,478.33,228.33
143,0.442575,68,4.05,275.47,25.47
152,0.696480,110,5.85,643.23,393.23
103,0.480882,52,7.07,367.39,117.39
161,0.354269,47,3.70,173.71,-76.29
155,0.550451,84,7.91,664.25,414.25
92,0.675961,57,5.61,319.60,69.60
80,0.324473,27,3.52,95.04,-154.96
179,0.645774,106,4.83,512.08,262.08
171,0.332277,56,7.38,413.19,163.19
126,0.336480,46,4.73,217.55,-32.45
126,0.478660,58,5.43,314.91,64.91
111,0.478636,49,5.17,253.49,3.49
160,0.346800,50,7.11,355.42,105.42
91,0.683642,62,7.85,486.74,236.74
105,0.576427,60,3.99,239.47,-10.53
111,0.633864,63,6.85,431.80,181.80
127,0.404607,48,5.01,240.63,-9.37
103,0.683334,72,7.30,525.38,275.38
95,0.344449,39,6.47,252.40,2.40
123,0.699684,93,7.67,713.25,463.25
101,0.419860,36,5.75,207.17,-42.83
127,0.428214,63,7.81,492.12,242.12
125,0.585119,73,3.98,290.43,40.43
176,0.323356,61,5.36,327.20,77.20
176,0.637842,105,7.19,755.18,505.18
95,0.438288,43,6.42,276.21,26.21
95,0.364718,29,4.11,119.15,-130.85
136,0.528050,77,7.98,614.37,364.37
175,0.303500,57,7.84,447.02,197.02
102,0.563051,59,6.07,357.93,107.93
131,0.495280,63,5.46,343.87,93.87
109,0.516856,60,5.09,305.38,55.38
106,0.664790,70,5.72,400.61,150.61
159,0.489538,86,3.70,317.85,67.85
150,0.588651,92,6.35,584.13,334.13
108,0.409084,50,5.49,274.67,24.67
159,0.386602,70,7.34,513.62,263.62
179,0.586829,87,5.17,449.98,199.98
97,0.612418,54,7.09,382.98,132.98
161,0.360122,56,6.31,353.28,103.28
112,0.634852,67,6.32,423.16,173.16
157,0.657997,101,4.02,406.14,156.14
108,0.541593,53,5.69,301.72,51.72
102,0.671481,64,4.20,268.75,18.75
107,0.427063,51,3.70,188.55,-61.45
155,0.661833,99,7.65,756.86,506.86
90,0.393197,35,5.29,185.01,-64.99
104,0.416316,44,5.75,252.87,2.87
138,0.638091,84,7.77,653.02,403.02
162,0.667975,103,6.28,647.19,397.19
173,0.596733,99,3.57,353.26,103.26
85,0.558147,49,3.77,184.83,-65.17
162,0.353100,65,7.88,512.17,262.17
171,0.568567,102,6.39,651.69,401.69
129,0.575821,76,7.69,584.15,334.15
81,0.344731,18,5.94,106.87,-143.13
94,0.334816,31,5.43,168.24,-81.76
106,0.667937,64,7.73,494.50,244.50
84,0.649065,57,4.66,265.62,15.62
147,0.555387,83,5.76,478.25,228.25
80,0.656821,51,6.32,322.42,72.42
156,0.387204,66,4.91,324.30,74.30
151,0.369729,70,5.67,397.10,147.10
103,0.316851,38,4.50,171.11,-78.89
126,0.404736,61,5.45,332.56,82.56
131,0.324216,45,3.55,159.86,-90.14
145,0.364606,62,4.37,270.92,20.92
158,0.485217,78,5.71,445.36,195.36
136,0.669260,80,3.26,260.64,10.64
158,0.559725,90,6.60,594.17,344.17
92,0.605756,58,7.78,451.42,201.42
128,0.346202,49,5.47,267.94,17.94
178,0.440487,77,5.08,391.42,141.42
159,0.505132,79,5.59,441.38,191.38
150,0.525900,76,3.15,239.08,-10.92
167,0.614214,95,3.38,321.03,71.03
96,0.337981,36,6.02,216.90,-33.10
95,0.505289,44,5.35,235.47,-14.53
159,0.396053,60,7.02,421.49,171.49
98,0.530725,53,7.04,372.99,122.99
146,0.680991,95,5.16,490.33,240.33
111,0.535644,51,5.96,303.86,53.86
174,0.359685,62,4.52,280.17,30.17
80,0.675618,52,7.81,406.13,156.13
135,0.599389,80,3.65,292.00,42.00
93,0.684652,70,5.17,361.92,111.92
127,0.385888,41,6.73,276.03,26.03
153,0.334583,52,3.21,167.16,-82.84
85,0.519659,47,5.18,243.50,-6.50
114,0.392883,42,6.32,265.37,15.37
143,0.325015,42,3.52,147.78,-102.22
143,0.455454,53,5.34,282.92,32.92
142,0.582756,85,3.35,284.74,34.74
139,0.385846,52,4.04,209.99,-40.01
140,0.631527,88,5.03,443.02,193.02
170,0.515230,81,6.97,564.35,314.35
152,0.310522,47,7.02,329.94,79.94
115,0.324571,35,7.43,260.13,10.13
90,0.608045,59,6.22,366.72,116.72
115,0.466974,58,4.48,259.71,9.71
114,0.568584,59,3.36,198.13,-51.87
138,0.391405,46,7.10,326.38,76.38
92,0.315686,24,7.83,188.02,-61.98
96,0.369322,34,6.36,216.32,-33.68
165,0.523397,92,3.86,354.84,104.84
161,0.682938,118,3.22,379.65,129.65
88,0.587842,57,3.80,216.63,-33.37
153,0.485498,65,4.83,314.21,64.21
130,0.378659,44,6.90,303.56,53.56
157,0.383590,51,3.01,153.50,-96.50
106,0.632622,65,7.82,508.18,258.18
95,0.391784,35,6.54,228.95,-21.05
87,0.643026,58,6.83,396.24,146.24
172,0.692766,102,3.60,366.83,116.83
87,0.393134,32,4.82,154.27,-95.73
176,0.589703,102,5.85,596.69,346.69
116,0.519360,53,4.21,222.95,-27.05
91,0.463498,43,6.31,271.16,21.16
148,0.390971,46,5.58,256.54,6.54
91,0.378241,41,5.44,223.13,-26.87
141,0.469648,76,3.34,253.67,3.67
116,0.504963,45,4.26,191.62,-58.38
115,0.481700,57,3.06,174.35,-75.65
137,0.571810,79,5.43,429.23,179.23
155,0.566520,102,7.19,733.34,483.34
124,0.312952,47,6.22,292.49,42.49
129,0.604410,81,7.55,611.47,361.47
146,0.474158,68,4.85,329.61,79.61
147,0.689351,111,4.57,506.94,256.94
139,0.661468,94,5.77,542.83,292.83
175,0.469873,76,7.45,566.56,316.56
95,0.303599,27,3.08,83.23,-166.77
141,0.517344,65,7.43,482.68,232.68
136,0.606419,76,5.16,392.30,142.30
137,0.463257,51,6.76,344.86,94.86
81,0.697599,61,7.66,467.29,217.29
104,0.507877,51,3.52,179.37,-70.63
132,0.497530,65,7.14,463.98,213.98
124,0.447667,56,6.22,348.56,98.56
83,0.661750,62,5.13,317.77,67.77
166,0.579276,91,7.74,704.26,454.26
128,0.605773,79,7.65,604.46,354.46
80,0.468896,33,6.48,213.86,-36.14
96,0.412896,43,5.59,240.52,-9.48
98,0.392670,42,7.99,335.57,85.57
106,0.658807,74,5.86,433.33,183.33
159,0.377172,56,5.60,313.86,63.86
151,0.461171,61,5.91,360.73,110.73
102,0.686670,73,3.83,279.86,29.86
96,0.594977,58,5.47,317.45,67.45
136,0.649128,91,7.22,657.34,407.34
160,0.302738,51,7.85,400.24,150.24
100,0.563008,59,3.25,191.75,-58.25
142,0.667455,94,3.32,311.79,61.79
137,0.599118,86,3.74,322.01,72.01
158,0.623798,110,5.56,611.96,361.96
124,0.584189,62,6.68,414.31,164.31
162,0.361889,59,3.78,223.10,-26.90
90,0.426345,37,6.87,254.09,4.09
109,0.382362,48,5.95,285.38,35.38
154,0.663209,107,7.60,813.04,563.04
81,0.581019,51,3.38,172.37,-77.63
82,0.499177,39,4.16,162.36,-87.64
119,0.426019,52,6.04,314.04,64.04
107,0.409435,48,3.52,168.78,-81.22
178,0.375556,61,7.86,479.75,229.75
102,0.398765,43,5.10,219.31,-30.69
88,0.512887,55,3.11,170.92,-79.08
94,0.554041,44,4.55,200.18,-49.82
174,0.676614,125,5.32,665.03,415.03
145,0.669458,94,6.56,616.48,366.48
123,0.662418,81,4.32,349.64,99.64
162,0.324484,49,3.19,156.21,-93.79
144,0.391520,56,5.80,324.99,74.99
176,0.606686,105,6.90,724.96,474.96
161,0.521825,87,6.35,552.14,302.14
83,0.600016,51,4.19,213.93,-36.07
143,0.694870,100,7.90,789.64,539.64
100,0.518053,51,4.04,206.29,-43.71
125,0.307648,37,4.91,181.83,-68.17
89,0.389527,33,3.67,121.21,-128.79
109,0.347068,40,7.94,317.59,67.59
87,0.619514,54,7.36,397.65,147.65
121,0.389452,46,5.90,271.41,21.41
121,0.668085,77,6.29,484.36,234.36
88,0.563193,45,7.63,343.51,93.51
82,0.577768,47,5.37,252.55,2.55
93,0.616570,48,5.80,278.36,28.36
154,0.326798,49,5.74,281.06,31.06
146,0.547257,91,5.61,510.24,260.24
89,0.602574,53,3.07,162.67,-87.33
133,0.506451,67,7.14,478.43,228.43
147,0.484341,65,4.56,296.22,46.22
125,0.573886,56,7.51,420.65,170.65
112,0.345626,31,3.92,121.60,-128.40
82,0.501598,41,6.75,276.80,26.80
111,0.654890,74,6.68,494.30,244.30
170,0.405169,75,4.12,309.00,59.00
97,0.616559,51,5.34,272.30,22.30
143,0.439741,63,4.94,310.94,60.94
84,0.408986,32,3.17,101.46,-148.54
83,0.410608,34,7.95,270.39,20.39
89,0.333314,35,6.26,219.10,-30.90
167,0.338180,61,3.75,228.63,-21.37
155,0.646832,113,7.21,814.24,564.24
177,0.347197,63,5.43,342.26,92.26
149,0.449293,70,5.53,387.39,137.39
114,0.584424,71,7.33,520.25,270.25
99,0.491705,51,7.57,386.14,136.14
141,0.512428,71,3.80,269.66,19.66
143,0.393910,61,5.89,359.21,109.21
171,0.504723,95,3.31,314.30,64.30
106,0.662502,62,4.40,273.07,23.07
89,0.352928,33,7.44,245.57,-4.43
112,0.622065,73,6.95,507.24,257.24
140,0.689968,91,4.12,375.33,125.33
121,0.639115,83,7.97,661.71,411.71
81,0.340025,35,3.48,121.68,-128.32
155,0.491903,82,5.09,417.78,167.78
98,0.656737,66,7.97,526.19,276.19
144,0.351992,50,4.86,243.24,-6.76
164,0.334164,60,7.44,446.22,196.22
121,0.607745,86,5.74,494.04,244.04
93,0.421541,45,7.99,359.72,109.72
132,0.569714,71,7.39,524.74,274.74
173,0.402455,64,3.82,244.21,-5.79
140,0.547434,69,3.70,255.00,5.00
114,0.488325,48,5.29,253.85,3.85
117,0.499000,52,5.88,305.73,55.73
140,0.359415,54,7.45,402.16,152.16
173,0.642575,115,6.70,770.81,520.81
109,0.472830,45,4.48,201.38,-48.62
154,0.534245,78,4.24,330.95,80.95
148,0.325481,53,7.96,421.69,171.69
178,0.443209,67,7.92,530.58,280.58
81,0.444571,35,5.53,193.42,-56.58
84,0.650083,50,3.56,177.92,-72.08
104,0.641692,66,4.89,322.51,72.51
150,0.322639,54,3.12,168.57,-81.43
95,0.551956,55,4.75,261.10,11.10
155,0.644682,102,5.70,581.31,331.31
172,0.346798,61,7.00,426.80,176.80
169,0.449652,66,3.71,244.90,-5.10
118,0.647604,80,6.58,526.51,276.51
166,0.484129,68,3.50,237.86,-12.14
124,0.406326,50,3.32,165.85,-84.15
144,0.604387,84,5.37,451.22,201.22
147,0.643539,83,5.42,450.14,200.14
92,0.513085,38,4.45,168.98,-81.02
129,0.495193,55,4.32,237.40,-12.60
105,0.544986,47,6.78,318.85,68.85
151,0.612118,96,6.07,582.62,332.62
174,0.681651,120,4.23,507.54,257.54
172,0.588387,102,3.48,354.50,104.50
87,0.384989,34,6.63,225.53,-24.47
176,0.568061,103,3.73,384.47,134.47
100,0.419887,49,5.86,287.16,37.16
157,0.324769,41,6.26,256.56,6.56
117,0.570221,76,5.12,389.19,139.19
84,0.547125,49,5.34,261.44,11.44
156,0.477488,76,3.22,244.41,-5.59
107,0.430866,42,4.50,189.17,-60.83
129,0.437241,59,6.35,374.87,124.87
110,0.478007,50,6.69,334.63,84.63
138,0.553952,72,3.53,254.33,4.33
173,0.472106,75,3.22,241.32,-8.68
151,0.657965,106,6.44,682.58,432.58
148,0.433301,60,7.09,425.23,175.23
141,0.697781,96,3.02,289.75,39.75
137,0.324326,49,6.14,301.08,51.08
174,0.336110,54,6.00,324.18,74.18
180,0.668228,122,3.64,443.72,193.72
85,0.562940,44,6.56,288.44,38.44
114,0.577943,66,5.22,344.68,94.68
125,0.470241,61,7.67,467.57,217.57
160,0.611249,101,7.68,776.06,526.06
131,0.351796,52,7.69,400.03,150.03
144,0.529051,77,3.04,233.72,-16.28
91,0.369652,27,6.39,172.48,-77.52
140,0.566408,79,6.22,491.28,241.28
176,0.648165,117,6.29,736.49,486.49
148,0.461507,67,4.32,289.12,39.12
111,0.432985,60,4.28,256.54,6.54
169,0.498836,93,6.12,569.52,319.52
164,0.619297,105,4.40,461.50,211.50
148,0.364604,48,3.82,183.46,-66.54
139,0.416727,67,4.14,277.38,27.38
114,0.462400,56,3.71,207.71,-42.29
113,0.481718,50,4.46,222.76,-27.24
167,0.512750,87,4.39,381.66,131.66
133,0.526569,77,4.25,327.30,77.30
88,0.477434,40,3.20,127.94,-122.06
129,0.413467,60,4.69,281.16,31.16
138,0.370261,51,5.38,274.56,24.56
105,0.334280,42,7.97,334.57,84.57
139,0.558477,69,3.76,259.18,9.18
135,0.378817,43,5.46,234.76,-15.24
143,0.314568,37,7.71,285.12,35.12
150,0.623126,104,4.01,417.34,167.34
108,0.426099,43,3.07,131.88,-118.12
123,0.657032,77,3.69,284.07,34.07
167,0.686929,121,3.26,394.60,144.60
106,0.439775,49,7.40,362.39,112.39
117,0.372723,44,6.04,265.66,15.66
157,0.612525,109,7.47,813.97,563.97
84,0.383554,30,7.47,224.18,-25.82
101,0.555508,55,5.71,314.08,64.08
145,0.618442,89,4.21,374.62,124.62
173,0.575842,103,4.81,495.02,245.02
108,0.324224,39,3.12,121.57,-128.43
134,0.555441,79,6.97,550.25,300.25
86,0.568002,50,6.70,335.08,85.08
90,0.408401,42,6.25,262.49,12.49
148,0.481968,88,6.88,605.27,355.27
104,0.497943,45,7.88,354.38,104.38
136,0.694019,95,3.25,308.99,58.99
152,0.492084,81,4.18,338.56,88.56
90,0.542582,52,5.96,310.03,60.03
133,0.587799,87,3.74,325.51,75.51
113,0.481002,57,7.87,448.48,198.48
160,0.342015,59,7.80,460.15,210.15
142,0.507559,82,4.42,362.74,112.74
103,0.650471,55,4.44,244.39,-5.61
102,0.603827,61,3.27,199.20,-50.80
141,0.544397,77,5.09,391.89,141.89
174,0.524289,95,5.55,527.48,277.48
126,0.480126,65,6.46,419.85,169.85
121,0.446980,64,4.86,310.91,60.91
99,0.322400,34,5.13,174.47,-75.53
134,0.413308,46,6.46,297.09,47.09
88,0.576179,51,7.51,383.18,133.18
154,0.588884,94,6.77,636.73,386.73
106,0.521261,56,3.55,198.91,-51.09
158,0.640630,105,4.22,442.93,192.93
124,0.683076,85,6.08,516.52,266.52
159,0.379230,67,6.04,404.57,154.57
82,0.592169,43,7.24,311.39,61.39
93,0.466574,46,3.87,177.99,-72.01
140,0.671384,96,3.16,303.17,53.17
144,0.376885,50,4.70,234.96,-15.04
108,0.464359,61,5.90,359.78,109.78
158,0.600433,80,5.14,410.86,160.86
103,0.553618,58,3.65,211.78,-38.22
109,0.462665,51,7.11,362.47,112.47
89,0.357050,28,4.64,130.03,-119.97
143,0.444249,66,7.47,493.33,243.33
163,0.556154,88,6.78,596.89,346.89
95,0.611377,62,3.52,218.49,-31.51
107,0.374077,50,5.00,250.16,0.16
174,0.699114,114,6.64,756.52,506.52
173,0.665799,116,7.29,845.72,595.72
180,0.493063,78,3.65,284.48,34.48
103,0.325626,40,3.75,149.95,-100.05
92,0.545057,57,3.70,210.85,-39.15
154,0.585736,85,7.41,629.84,379.84
147,0.590542,88,7.93,697.72,447.72
131,0.622155,81,6.25,506.04,256.04
116,0.582473,64,4.75,304.17,54.17
126,0.605573,78,3.81,297.07,47.07
175,0.514946,89,3.29,292.46,42.46
142,0.627927,82,3.57,292.75,42.75
166,0.544066,78,6.53,509.38,259.38
174,0.579470,102,3.52,358.93,108.93
98,0.512065,43,3.85,165.48,-84.52
93,0.664078,59,4.31,254.13,4.13
168,0.360042,63,5.39,339.77,89.77
129,0.478785,61,4.32,263.52,13.52
116,0.322337,33,5.52,182.01,-67.99
141,0.504595,57,6.39,364.23,114.23
130,0.608944,76,3.28,249.54,-0.46
112,0.422221,44,7.63,335.82,85.82
88,0.660589,60,7.12,426.97,176.97
118,0.616296,74,6.56,485.10,235.10
145,0.344079,50,7.64,381.92,131.92
135,0.436944,55,5.68,312.35,62.35
143,0.428832,61,4.16,254.03,4.03
85,0.592656,50,7.64,382.15,132.15
159,0.439454,69,6.14,423.89,173.89
146,0.632564,93,4.71,438.13,188.13
87,0.305776,33,6.95,229.50,-20.50
106,0.473259,54,6.73,363.68,113.68
101,0.497888,54,5.99,323.67,73.67
173,0.661174,113,4.40,497.72,247.72
121,0.497667,59,7.63,450.24,200.24
130,0.437871,57,6.40,364.56,114.56
141,0.422763,64,4.74,303.17,53.17
112,0.406098,48,4.50,215.96,-34.04
172,0.654684,110,3.92,430.71,180.71
99,0.498720,45,7.14,321.48,71.48
82,0.642359,54,7.81,421.57,171.57
160,0.488582,74,3.26,240.89,-9.11
151,0.477082,89,4.48,398.36,148.36
119,0.410428,56,5.36,300.25,50.25
113,0.484374,57,5.22,297.34,47.34
179,0.471610,88,7.23,636.05,386.05
172,0.575584,98,5.38,527.19,277.19
123,0.643132,83,7.08,587.38,337.38
173,0.599947,107,6.09,652.16,402.16
102,0.421329,43,6.22,267.36,17.36
101,0.421777,39,3.77,146.88,-103.12
130,0.521876,76,3.53,268.49,18.49
93,0.405217,34,3.55,120.84,-129.16
175,0.492591,100,5.32,532.07,282.07
102,0.349028,35,4.63,162.09,-87.91
180,0.513212,91,7.58,689.82,439.82
141,0.472334,71,5.93,420.99,170.99
121,0.407794,51,5.78,294.95,44.95
97,0.515958,52,4.71,244.86,-5.14
132,0.537954,76,3.81,289.68,39.68
130,0.466386,63,3.43,216.29,-33.71
154,0.601965,83,3.10,257.13,7.13
81,0.612358,51,6.64,338.45,88.45
82,0.526037,46,4.36,200.68,-49.32
142,0.657319,91,7.99,727.16,477.16
93,0.408073,38,6.74,256.27,6.27
95,0.390439,43,3.99,171.53,-78.47
105,0.643262,72,6.74,485.12,235.12
159,0.318698,54,6.58,355.37,105.37
140,0.439580,77,6.87,529.15,279.15
170,0.527831,77,7.46,574.21,324.21
144,0.357238,54,5.95,321.07,71.07
124,0.473007,58,5.61,325.57,75.57
144,0.528973,80,7.74,619.49,369.49
104,0.332792,39,5.50,214.47,-35.53
90,0.408632,41,6.78,277.79,27.79
81,0.650030,52,7.30,379.76,129.76
151,0.531019,85,3.90,331.29,81.29
114,0.370348,53,7.75,410.58,160.58
117,0.642439,74,7.19,532.10,282.10
118,0.598001,70,7.45,521.35,271.35
157,0.672323,108,3.65,394.03,144.03
89,0.531532,49,5.90,289.06,39.06
165,0.652490,97,6.10,592.12,342.12
84,0.455721,26,7.51,195.35,-54.65
178,0.359543,64,4.63,296.29,46.29
158,0.405079,66,5.75,379.77,129.77
155,0.576123,96,7.58,727.22,477.22
175,0.674760,107,3.19,341.76,91.76
133,0.413251,49,4.85,237.87,-12.13
164,0.458276,80,5.27,421.33,171.33
87,0.448477,33,3.28,108.23,-141.77
161,0.617415,92,5.33,490.24,240.24
87,0.551885,46,3.64,167.34,-82.66
155,0.431131,69,7.75,534.60,284.60
97,0.551574,47,7.55,354.95,104.95
97,0.617500,56,7.70,431.42,181.42
128,0.495894,67,6.24,417.88,167.88
137,0.645255,83,5.85,485.84,235.84
112,0.440033,43,6.14,264.23,14.23
139,0.311581,44,6.65,292.62,42.62
102,0.616007,62,3.54,219.73,-30.27
176,0.396751,77,4.00,307.71,57.71
156,0.599308,93,4.39,408.53,158.53
127,0.651982,80,7.94,635.50,385.50
96,0.467381,45,4.39,197.51,-52.49
177,0.555189,97,5.81,563.43,313.43
126,0.518245,70,5.67,397.12,147.12
148,0.568823,85,7.35,624.55,374.55
99,0.570732,55,3.33,183.08,-66.92
103,0.365077,27,4.17,112.64,-137.36
116,0.403985,45,3.61,162.47,-87.53
158,0.386021,63,4.59,289.24,39.24
143,0.690132,97,7.52,729.49,479.49
122,0.353145,40,5.41,216.49,-33.51
86,0.408345,36,5.79,208.51,-41.49
96,0.391097,45,7.00,314.97,64.97
144,0.690783,98,3.63,355.48,105.48
131,0.450452,64,5.20,332.49,82.49
136,0.400035,52,5.37,279.50,29.50
106,0.319125,37,3.50,129.60,-120.40
115,0.318597,42,4.31,180.86,-69.14
109,0.325979,33,3.33,109.87,-140.13
142,0.600452,77,6.37,490.25,240.25
140,0.306518,40,6.94,277.42,27.42
140,0.472252,71,4.27,302.88,52.88
84,0.678690,55,3.13,172.32,-77.68
169,0.637253,95,3.40,323.02,73.02
126,0.638356,80,7.83,626.71,376.71
103,0.350968,43,3.41,146.48,-103.52
168,0.584372,100,6.30,630.50,380.50
159,0.624714,102,4.31,439.88,189.88
179,0.605323,110,5.16,567.86,317.86
89,0.400788,43,6.70,287.90,37.90
167,0.389618,63,5.49,345.70,95.70
117,0.545634,63,3.21,201.97,-48.03
130,0.425431,60,7.09,425.51,175.51
116,0.370846,40,7.46,298.30,48.30
82,0.465047,30,6.94,208.20,-41.80
96,0.543807,54,7.59,409.69,159.69
126,0.354867,52,7.60,394.95,144.95
149,0.347556,56,7.07,396.17,146.17
90,0.553002,55,5.15,283.07,33.07
102,0.387797,37,3.58,132.57,-117.43
159,0.398949,63,5.77,363.46,113.46
174,0.541909,106,3.13,332.26,82.26
99,0.665225,62,3.41,211.61,-38.39
136,0.484224,72,3.00,216.10,-33.90
154,0.689579,106,3.11,329.50,79.50
142,0.454003,62,6.80,421.80,171.80
121,0.372809,48,5.61,269.36,19.36
134,0.338007,47,7.34,344.83,94.83
88,0.471483,51,7.96,406.13,156.13
180,0.523675,91,7.52,684.67,434.67
170,0.417427,60,6.45,386.98,136.98
138,0.578472,89,4.39,390.45,140.45
82,0.573811,48,4.03,193.56,-56.44
149,0.303448,48,6.05,290.60,40.60
160,0.375175,58,4.71,273.32,23.32
174,0.470793,85,3.58,304.67,54.67
122,0.523729,64,7.27,465.46,215.46
92,0.625835,66,4.02,265.06,15.06
105,0.564518,69,7.10,489.72,239.72
151,0.341032,48,3.44,165.32,-84.68
171,0.347212,66,3.12,205.77,-44.23
90,0.549011,55,5.39,296.61,46.61
84,0.644916,50,5.23,261.44,11.44
116,0.549247,64,7.09,454.01,204.01
103,0.317752,30,3.94,118.32,-131.68
142,0.481920,65,3.03,197.05,-52.95
138,0.630744,85,7.20,611.98,361.98
124,0.645729,80,5.78,462.61,212.61
136,0.659610,78,6.31,492.28,242.28
115,0.585726,67,4.30,288.02,38.02
147,0.324096,41,5.72,234.60,-15.40
128,0.409973,60,3.71,222.63,-27.37
167,0.419548,79,3.10,245.24,-4.76
115,0.545545,67,6.10,408.95,158.95
109,0.345533,37,7.48,276.86,26.86
166,0.307664,50,3.97,198.39,-51.61
102,0.616509,60,6.66,399.75,149.75
162,0.535890,84,6.33,531.67,281.67
148,0.490805,80,5.13,410.73,160.73
149,0.330735,48,4.93,236.84,-13.16
164,0.475355,90,5.74,516.79,266.79
110,0.346694,40,7.41,296.24,46.24
98,0.310482,27,6.49,175.27,-74.73
163,0.443497,72,4.57,329.37,79.37
159,0.553439,89,5.90,525.42,275.42
170,0.399924,71,5.27,374.10,124.10
93,0.539688,58,4.03,233.63,-16.37
157,0.556427,91,6.89,626.68,376.68
170,0.535134,93,5.07,471.06,221.06
175,0.388986,67,4.91,328.96,78.96
134,0.307471,44,3.02,133.07,-116.93
172,0.514106,85,3.57,303.47,53.47
146,0.379050,62,7.99,495.65,245.65
132,0.664381,93,3.65,339.09,89.09
131,0.558635,62,5.07,314.12,64.12
169,0.654756,121,4.82,582.88,332.88
166,0.312153,50,4.72,235.86,-14.14
126,0.656153,76,5.78,439.56,189.56
133,0.421077,57,7.94,452.65,202.65
138,0.434017,57,6.65,379.04,129.04
99,0.504188,49,5.45,267.28,17.28
99,0.307850,27,3.24,87.41,-162.59
164,0.509233,96,3.56,341.85,91.85
155,0.395841,62,6.05,374.86,124.86
128,0.520684,68,3.28,222.91,-27.09
149,0.463898,75,5.87,440.57,190.57
139,0.482704,73,5.86,427.96,177.96
122,0.501014,62,7.57,469.34,219.34
92,0.367004,36,5.10,183.74,-66.26
111,0.486239,50,5.32,265.79,15.79
98,0.447501,52,4.74,246.55,-3.45
119,0.644639,84,7.85,659.72,409.72
129,0.474688,52,3.05,158.68,-91.32
101,0.603436,65,3.32,215.90,-34.10
132,0.515944,60,4.83,289.98,39.98
116,0.557524,68,7.26,493.76,243.76
146,0.517463,74,7.71,570.87,320.87
127,0.383424,50,3.12,156.14,-93.86
163,0.644011,98,6.07,594.76,344.76
137,0.470947,63,6.61,416.57,166.57
157,0.381306,60,5.35,321.28,71.28
126,0.637607,77,6.30,484.91,234.91
83,0.434061,37,7.35,272.11,22.11
117,0.543181,67,4.69,313.91,63.91
80,0.587390,47,6.69,314.66,64.66
110,0.497452,50,4.65,232.71,-17.29
87,0.453574,35,7.98,279.42,29.42
139,0.402673,52,7.99,415.41,165.41
93,0.372239,36,4.15,149.32,-100.68
91,0.603805,52,4.95,257.45,7.45
171,0.584628,93,7.87,732.33,482.33
111,0.599097,67,4.24,284.20,34.20
142,0.692260,95,3.74,354.83,104.83
109,0.351489,38,7.20,273.46,23.46
139,0.658450,88,7.45,655.22,405.22
141,0.552527,78,6.39,498.54,248.54
115,0.379400,49,5.67,277.97,27.97
93,0.322897,31,3.86,119.60,-130.40
143,0.480270,70,5.30,370.94,120.94
148,0.569840,97,6.57,637.31,387.31
177,0.428643,76,6.32,480.07,230.07
161,0.418282,72,3.87,278.77,28.77
117,0.609589,76,4.32,328.28,78.28
139,0.572635,84,4.54,381.27,131.27
138,0.503405,74,6.84,506.45,256.45
121,0.581068,66,4.72,311.54,61.54
157,0.535137,84,3.34,280.52,30.52
116,0.554907,64,5.32,340.40,90.40
142,0.336982,47,3.24,152.13,-97.87
83,0.571091,45,4.69,211.19,-38.81
86,0.360534,29,5.53,160.41,-89.59
110,0.507964,54,3.81,205.68,-44.32
130,0.405145,56,3.72,208.19,-41.81
180,0.463605,79,4.22,333.50,83.50
140,0.589883,79,7.40,584.33,334.33
169,0.440740,81,5.85,473.62,223.62
168,0.369967,55,6.10,335.40,85.40
130,0.413812,54,3.94,212.80,-37.20
156,0.604493,93,5.86,545.00,295.00
92,0.604662,60,3.71,222.53,-27.47
174,0.664410,112,5.19,581.59,331.59
119,0.553648,62,7.70,477.14,227.14
113,0.338811,39,5.21,203.08,-46.92
176,0.608929,111,3.48,385.77,135.77
87,0.371252,35,3.07,107.34,-142.66
150,0.676803,100,6.90,689.82,439.82
103,0.430147,42,3.80,159.63,-90.37
168,0.477356,72,6.89,495.84,245.84
130,0.600746,74,5.56,411.13,161.13
94,0.617683,51,5.09,259.61,9.61
154,0.664187,101,3.41,344.90,94.90
86,0.562109,44,4.77,209.96,-40.04
89,0.614117,45,5.00,224.83,-25.17
157,0.445130,84,4.80,403.58,153.58
92,0.595218,53,5.26,278.62,28.62
121,0.550822,68,6.88,467.84,217.84
96,0.469540,44,3.95,173.77,-76.23
103,0.601770,65,6.30,409.64,159.64
95,0.697903,66,5.31,350.19,100.19
104,0.630910,63,4.52,284.85,34.85
162,0.616065,94,5.71,536.30,286.30
179,0.699775,134,4.70,629.17,379.17
171,0.629332,107,5.41,579.40,329.40
107,0.303554,36,7.25,260.99,10.99
173,0.353376,60,7.89,473.49,223.49
102,0.457631,45,6.58,296.05,46.05
117,0.402823,51,3.20,163.13,-86.87
166,0.478920,94,6.31,592.77,342.77
140,0.465272,60,6.33,379.82,129.82
140,0.590832,83,7.82,648.99,398.99
136,0.454884,68,5.81,395.17,145.17
159,0.656378,107,3.91,418.82,168.82
146,0.437475,65,6.37,414.29,164.29
122,0.578175,72,7.47,538.00,288.00
177,0.463856,77,5.15,396.91,146.91
153,0.423577,55,3.27,179.96,-70.04
112,0.570559,71,6.13,435.00,185.00
117,0.412811,49,5.33,261.02,11.02
121,0.466579,52,3.49,181.45,-68.55
88,0.310108,25,5.42,135.49,-114.51
116,0.362337,42,4.00,168.07,-81.93
113,0.377605,42,6.66,279.79,29.79
161,0.434061,58,3.35,194.03,-55.97
131,0.434641,52,3.51,182.53,-67.47
129,0.670252,89,4.38,390.08,140.08
150,0.374873,60,7.95,477.05,227.05
91,0.599415,55,4.85,266.81,16.81
177,0.594449,105,3.55,373.23,123.23
126,0.388795,48,6.16,295.67,45.67
115,0.435139,44,3.38,148.91,-101.09
164,0.414860,72,7.72,556.03,306.03
101,0.487170,43,3.74,160.79,-89.21
95,0.404831,45,6.31,283.73,33.73
109,0.337807,39,7.13,278.03,28.03
162,0.475255,70,7.05,493.32,243.32
95,0.648471,57,7.80,444.40,194.40
96,0.572106,51,3.55,181.07,-68.93
125,0.494147,65,7.59,493.66,243.66
171,0.565178,101,7.49,756.13,506.13
165,0.357203,57,3.47,197.68,-52.32
120,0.338704,39,3.02,117.72,-132.28
138,0.393827,52,6.01,312.36,62.36
171,0.361516,65,7.04,457.35,207.35
84,0.396154,27,5.47,147.61,-102.39
177,0.559144,94,4.70,441.81,191.81
165,0.476879,74,4.13,305.52,55.52
132,0.482752,66,4.29,283.38,33.38
95,0.311146,26,4.10,106.71,-143.29
103,0.583056,55,7.29,401.07,151.07
141,0.520161,71,5.41,384.26,134.26
138,0.314121,43,7.09,304.94,54.94
168,0.444641,75,7.25,543.79,293.79
106,0.357136,33,7.47,246.63,-3.37
97,0.337046,33,5.68,187.53,-62.47
89,0.413309,38,3.42,130.05,-119.95
86,0.578499,46,6.23,286.37,36.37
134,0.518566,73,7.81,570.31,320.31
154,0.577386,88,6.76,594.51,344.51
81,0.625447,46,5.01,230.66,-19.34
107,0.319453,36,7.11,256.04,6.04
149,0.402547,52,6.84,355.72,105.72
88,0.677620,60,3.04,182.39,-67.61
157,0.306441,42,7.86,330.14,80.14
93,0.460274,41,7.19,294.98,44.98
139,0.637208,93,6.31,586.54,336.54
144,0.385599,67,4.97,333.27,83.27
148,0.412501,70,6.06,424.08,174.08
93,0.322168,31,5.22,161.91,-88.09
163,0.553536,90,3.33,299.63,49.63
168,0.540627,90,4.05,364.48,114.48
86,0.528762,42,5.96,250.44,0.44
86,0.349918,30,3.83,114.93,-135.07
137,0.367776,43,6.72,289.01,39.01
110,0.430929,54,6.45,348.03,98.03
139,0.362589,56,5.89,329.79,79.79
146,0.655348,91,7.20,654.99,404.99
157,0.601824,96,7.41,711.48,461.48
128,0.499637,72,7.41,533.77,283.77
142,0.465735,61,5.70,347.77,97.77
147,0.435759,70,5.68,397.29,147.29
157,0.343158,55,4.07,223.75,-26.25
149,0.477644,65,4.00,259.73,9.73
178,0.511189,79,6.63,523.47,273.47
177,0.308049,64,7.24,463.22,213.22
124,0.601601,62,4.97,308.15,58.15
150,0.345916,43,5.54,238.05,-11.95
127,0.638886,79,3.13,247.15,-2.85
98,0.382675,45,5.97,268.70,18.70
126,0.473317,58,4.45,258.19,8.19
95,0.516051,51,6.47,329.87,79.87
98,0.678518,70,3.64,255.01,5.01
108,0.363079,52,7.50,389.87,139.87
126,0.323780,40,4.74,189.58,-60.42
150,0.477938,71,3.81,270.39,20.39
131,0.641420,82,7.87,645.68,395.68
131,0.546801,69,6.56,452.70,202.70
101,0.462975,53,6.43,340.58,90.58
177,0.575071,98,6.09,596.38,346.38
166,0.616462,99,5.32,526.69,276.69
132,0.393460,53,5.70,302.33,52.33
136,0.398836,50,4.51,225.54,-24.46
130,0.401051,48,6.51,312.43,62.43
80,0.423640,33,3.06,101.00,-149.00
84,0.328299,27,7.03,189.85,-60.15
175,0.484294,80,4.20,336.04,86.04
163,0.379031,59,4.15,244.82,-5.18
94,0.655299,57,5.17,294.52,44.52
107,0.477947,56,7.97,446.12,196.12
102,0.375501,35,3.32,116.13,-133.87
179,0.498870,99,4.82,476.94,226.94
91,0.475799,45,7.77,349.83,99.83
120,0.532094,58,4.14,240.40,-9.60
159,0.420137,65,4.57,296.81,46.81
89,0.512694,44,5.88,258.84,8.84
128,0.566170,64,4.17,267.03,17.03
101,0.452866,39,4.87,190.08,-59.92
173,0.577904,104,3.75,389.50,139.50
110,0.662926,68,3.81,259.17,9.17
146,0.682584,103,5.93,611.16,361.16
124,0.522425,53,5.59,296.39,46.39
135,0.372603,52,6.66,346.20,96.20
82,0.387350,27,4.16,112.21,-137.79
113,0.494998,62,6.21,384.83,134.83
156,0.502938,84,3.03,254.14,4.14
89,0.393068,29,7.72,223.77,-26.23
167,0.529087,91,4.75,432.51,182.51
138,0.514449,79,4.82,381.11,131.11
177,0.517590,86,5.10,438.81,188.81
147,0.478455,74,7.49,554.53,304.53
116,0.377202,52,4.50,234.03,-15.97
118,0.648851,77,7.69,592.33,342.33
170,0.497643,96,4.77,457.95,207.95
97,0.593459,56,3.65,204.33,-45.67
111,0.659921,80,3.24,259.57,9.57
169,0.437070,71,4.85,344.32,94.32
160,0.399961,77,7.61,586.00,336.00
81,0.485145,42,3.34,140.45,-109.55
144,0.344727,39,6.92,269.80,19.80
107,0.310225,34,6.42,218.33,-31.67
141,0.561825,72,5.88,423.69,173.69
166,0.350045,65,6.33,411.62,161.62
153,0.582614,79,5.63,444.75,194.75
107,0.626885,79,6.04,477.21,227.21
147,0.488765,76,7.33,557.02,307.02
146,0.317356,46,6.50,299.04,49.04
150,0.607239,90,5.96,536.67,286.67
119,0.559956,64,7.45,476.51,226.51
164,0.561705,90,6.07,546.64,296.64
146,0.679525,99,4.23,418.82,168.82
121,0.698041,86,6.31,542.27,292.27
178,0.669202,118,5.54,653.37,403.37
165,0.484636,78,3.73,291.22,41.22
147,0.393904,61,5.36,327.07,77.07
109,0.305089,32,4.28,137.07,-112.93
173,0.537589,87,4.45,386.78,136.78
110,0.627122,80,7.51,601.11,351.11
152,0.477124,82,5.25,430.77,180.77
158,0.669136,106,7.88,835.27,585.27
92,0.395492,34,3.62,123.20,-126.80
132,0.318946,48,5.44,261.01,11.01
128,0.341150,36,6.12,220.28,-29.72
166,0.411520,73,6.80,496.57,246.57
83,0.372681,34,3.46,117.50,-132.50
145,0.696741,96,6.20,595.61,345.61
153,0.680083,105,5.65,592.75,342.75
116,0.347035,41,3.97,162.85,-87.15
132,0.451307,61,4.26,259.91,9.91
105,0.430899,51,6.98,356.03,106.03
170,0.607662,109,5.08,553.53,303.53
110,0.590345,60,5.16,309.42,59.42
133,0.607026,83,3.16,262.55,12.55
126,0.454858,48,5.26,252.46,2.46
147,0.462192,66,7.43,490.37,240.37
86,0.472257,33,3.96,130.78,-119.22
179,0.306365,58,4.74,275.02,25.02
98,0.351788,33,3.98,131.33,-118.67
160,0.571208,97,7.81,757.10,507.10
150,0.457548,67,7.14,478.52,228.52
89,0.547327,56,4.14,232.07,-17.93
179,0.559463,118,6.11,721.29,471.29
148,0.325663,40,6.83,273.16,23.16
170,0.542294,94,6.72,631.82,381.82
125,0.663669,88,5.04,443.72,193.72
171,0.687287,119,3.22,382.63,132.63
105,0.539518,48,6.47,310.63,60.63
178,0.631049,108,3.13,338.35,88.35
96,0.520565,50,3.94,196.83,-53.17
102,0.600532,53,4.30,227.79,-22.21
162,0.524018,86,7.63,655.88,405.88
167,0.504277,85,7.47,635.03,385.03
129,0.416139,57,4.39,250.37,0.37
122,0.384652,41,4.22,173.17,-76.83
150,0.619180,82,3.36,275.57,25.57
114,0.339112,37,4.80,177.52,-72.48
101,0.358446,35,3.44,120.29,-129.71
83,0.426779,46,7.25,333.51,83.51
129,0.601845,86,7.75,666.56,416.56
175,0.585773,101,5.67,572.22,322.22
108,0.441002,49,7.70,377.34,127.34
145,0.536651,84,3.47,291.47,41.47
103,0.593394,58,4.38,254.28,4.28
174,0.576033,100,6.42,642.24,392.24
133,0.448232,53,6.83,362.06,112.06
82,0.653866,46,3.12,143.48,-106.52
124,0.548239,65,3.92,254.54,4.54
162,0.549100,85,5.12,435.59,185.59
155,0.301155,50,5.56,277.84,27.84
180,0.391388,75,5.21,390.67,140.67
161,0.602446,81,4.14,335.02,85.02
93,0.350926,32,5.85,187.35,-62.65
132,0.501425,60,3.45,206.95,-43.05
148,0.387364,63,4.16,262.27,12.27
120,0.326986,50,4.72,235.89,-14.11
170,0.301087,52,5.79,301.33,51.33
120,0.499825,56,5.55,311.02,61.02
121,0.691326,82,6.83,560.43,310.43
96,0.536060,53,6.24,330.62,80.62
144,0.347049,52,7.30,379.46,129.46
101,0.314454,35,4.86,170.08,-79.92
100,0.525784,56,6.35,355.73,105.73
124,0.571248,70,4.24,296.97,46.97
94,0.407352,36,4.13,148.75,-101.25
157,0.356937,51,4.94,252.05,2.05
129,0.699925,102,3.66,373.82,123.82
118,0.591839,75,4.75,356.08,106.08
91,0.536228,51,3.50,178.66,-71.34
172,0.304131,45,4.68,210.65,-39.35
111,0.566532,66,4.62,304.82,54.82
113,0.366093,46,6.22,286.10,36.10
85,0.457274,36,7.63,274.78,24.78
115,0.331061,38,5.67,215.42,-34.58
85,0.443062,44,3.24,142.49,-107.51
142,0.446286,67,3.64,243.57,-6.43
121,0.321287,41,6.04,247.73,-2.27
91,0.441363,43,4.16,179.09,-70.91
116,0.386508,39,3.70,144.29,-105.71
136,0.430294,48,5.20,249.78,-0.22
134,0.525574,62,3.77,233.69,-16.31
153,0.604147,93,5.62,522.86,272.86
119,0.680218,86,6.69,575.14,325.14
92,0.474875,41,7.55,309.71,59.71
116,0.615890,74,4.50,332.92,82.92
140,0.694105,100,5.99,599.37,349.37
91,0.335251,28,3.16,88.35,-161.65
145,0.310495,53,6.78,359.53,109.53
140,0.352155,54,7.64,412.71,162.71
81,0.525569,38,4.03,153.28,-96.72
120,0.370198,51,5.89,300.60,50.60
149,0.544208,86,7.60,653.94,403.94
113,0.587593,62,3.11,192.90,-57.10
163,0.332649,61,7.93,483.91,233.91
166,0.655903,113,4.80,541.97,291.97
126,0.562773,67,3.64,243.77,-6.23
92,0.608778,55,5.04,277.40,27.40
104,0.379576,34,7.92,269.13,19.13
178,0.623305,111,7.58,841.26,591.26
151,0.677144,97,3.51,340.16,90.16
89,0.525189,46,5.78,265.92,15.92
172,0.313116,54,5.35,288.67,38.67
113,0.305705,46,3.35,154.09,-95.91
175,0.319563,63,5.11,321.71,71.71
144,0.549146,78,7.26,566.17,316.17
131,0.597914,70,6.75,472.38,222.38
106,0.655823,69,4.78,329.86,79.86
118,0.414823,48,6.59,316.29,66.29
163,0.500786,82,7.61,623.69,373.69
171,0.658996,103,5.23,539.09,289.09
160,0.476115,70,6.04,422.74,172.74
93,0.306274,25,7.33,183.16,-66.84
151,0.553923,88,4.62,406.82,156.82
149,0.366047,55,7.23,397.40,147.40
152,0.371741,58,6.03,349.91,99.91
147,0.587980,87,5.82,505.96,255.96
175,0.678890,120,6.74,808.55,558.55
130,0.331039,39,5.91,230.53,-19.47
89,0.535820,52,4.55,236.42,-13.58
124,0.526252,66,5.92,390.62,140.62
135,0.389055,53,6.08,322.36,72.36
152,0.515319,70,6.50,455.12,205.12
88,0.639462,49,5.90,289.15,39.15
123,0.420405,47,6.01,282.52,32.52
146,0.669211,95,4.79,454.89,204.89
96,0.432093,44,5.73,252.16,2.16
90,0.501455,45,4.59,206.50,-43.50
155,0.600229,96,3.55,340.84,90.84
87,0.620922,60,5.02,301.26,51.26
81,0.464195,39,5.76,224.58,-25.42
121,0.491737,66,3.69,243.27,-6.73
131,0.689278,94,3.79,355.84,105.84
126,0.415921,60,3.97,238.13,-11.87
92,0.319464,36,7.60,273.55,23.55
156,0.451847,92,6.70,616.75,366.75
166,0.303036,40,6.63,265.05,15.05
94,0.623793,59,4.51,265.87,15.87
125,0.477303,62,4.70,291.55,41.55
97,0.378720,38,3.58,136.13,-113.87
132,0.342795,46,3.06,140.91,-109.09
110,0.428412,49,4.23,207.17,-42.83
136,0.333834,51,7.45,380.03,130.03
111,0.453728,51,7.24,369.36,119.36
175,0.358440,67,6.04,404.90,154.90
96,0.316683,33,4.25,140.19,-109.81
107,0.430932,50,3.22,161.20,-88.80
111,0.528658,63,7.75,488.00,238.00
159,0.598133,91,5.69,517.42,267.42
150,0.340858,59,5.81,342.61,92.61
150,0.460335,54,7.44,402.00,152.00
158,0.585563,104,5.67,589.81,339.81
122,0.684215,87,6.64,577.85,327.85
167,0.534444,87,6.43,559.50,309.50
130,0.484105,56,7.92,443.70,193.70
157,0.484618,73,3.50,255.70,5.70
145,0.425356,55,3.95,217.19,-32.81
141,0.504871,78,5.01,390.84,140.84
126,0.323001,39,6.05,235.99,-14.01
84,0.569319,48,5.43,260.63,10.63
84,0.352713,29,4.59,133.08,-116.92
156,0.537180,83,7.58,628.92,378.92
84,0.301306,33,6.95,229.37,-20.63
115,0.667828,80,3.61,288.94,38.94
132,0.582866,83,3.42,283.58,33.58
164,0.519467,84,7.26,609.52,359.52
155,0.508203,78,5.37,418.64,168.64
144,0.440278,58,6.24,362.15,112.15
112,0.568084,60,5.36,321.75,71.75
132,0.567833,72,3.99,287.47,37.47
123,0.432039,64,3.57,228.47,-21.53
132,0.395209,52,3.30,171.62,-78.38
109,0.334866,30,7.60,227.97,-22.03
174,0.672626,122,6.17,752.49,502.49
119,0.618256,56,3.98,223.13,-26.87
80,0.389591,30,3.93,117.81,-132.19
136,0.547284,66,3.09,203.75,-46.25
136,0.667807,87,7.24,629.55,379.55
109,0.408172,40,5.67,226.86,-23.14
150,0.622642,89,3.08,274.47,24.47
123,0.478469,60,7.50,449.85,199.85
123,0.592464,71,7.82,555.01,305.01
142,0.667528,88,5.49,483.54,233.54
143,0.572455,73,8.00,583.85,333.85
160,0.539129,83,7.13,591.84,341.84
102,0.595271,55,3.97,218.09,-31.91
177,0.425442,78,3.49,271.84,21.84
141,0.596453,89,7.49,667.05,417.05
160,0.371692,52,4.05,210.84,-39.16
107,0.320589,39,3.49,136.04,-113.96
84,0.482363,40,7.13,285.13,35.13
101,0.663315,64,4.49,287.62,37.62
121,0.359579,49,4.38,214.66,-35.34
146,0.356945,55,4.55,250.08,0.08
163,0.693377,114,6.14,700.29,450.29
131,0.492241,66,7.19,474.23,224.23
106,0.561519,68,3.54,240.39,-9.61
158,0.531404,90,6.90,621.07,371.07
178,0.490950,93,5.98,556.54,306.54
157,0.344312,61,6.65,405.56,155.56
133,0.668948,83,4.63,384.40,134.40
180,0.442534,81,5.88,476.40,226.40
98,0.566825,61,7.67,467.67,217.67
105,0.545680,56,7.15,400.66,150.66
163,0.666270,113,4.38,495.40,245.40
119,0.443211,55,6.85,376.55,126.55
104,0.526825,55,7.09,389.71,139.71
140,0.486644,78,4.19,326.56,76.56
170,0.356664,58,4.27,247.74,-2.26
105,0.372360,45,5.33,239.69,-10.31
120,0.315240,29,7.84,227.46,-22.54
86,0.445590,38,6.77,257.35,7.35
163,0.543006,90,5.00,450.33,200.33
84,0.522168,44,4.68,206.01,-43.99
110,0.364721,43,5.01,215.22,-34.78
100,0.373467,36,4.34,156.09,-93.91
98,0.359208,33,7.94,261.91,11.91
164,0.423071,69,3.10,214.20,-35.80
130,0.549924,75,5.83,437.32,187.32
89,0.394176,38,5.29,200.86,-49.14
147,0.573861,82,3.94,322.99,72.99
122,0.390494,48,3.63,174.44,-75.56
125,0.510746,66,5.42,357.44,107.44
165,0.384177,60,3.41,204.71,-45.29
104,0.672603,62,7.91,490.17,240.17
143,0.580591,77,5.72,440.45,190.45
149,0.366649,48,4.55,218.17,-31.83
113,0.531259,59,7.21,425.31,175.31
88,0.396734,32,5.15,164.94,-85.06
124,0.403288,50,5.10,255.15,5.15
109,0.493532,49,3.84,188.34,-61.66
158,0.321095,42,5.06,212.63,-37.37
114,0.438902,47,5.78,271.85,21.85
102,0.543519,60,6.49,389.67,139.67
162,0.385962,66,7.13,470.60,220.60
130,0.498086,66,4.29,282.95,32.95
114,0.505049,49,6.66,326.38,76.38
117,0.515987,58,6.98,404.63,154.63
93,0.459804,38,6.59,250.59,0.59
133,0.482431,61,7.49,457.02,207.02
101,0.432706,45,3.62,163.00,-87.00
126,0.336461,43,3.02,130.05,-119.95
145,0.647174,97,4.75,460.90,210.90
119,0.400183,47,6.46,303.52,53.52
89,0.400967,33,4.56,150.58,-99.42
85,0.417094,42,5.09,213.95,-36.05
119,0.693864,78,7.34,572.17,322.17
144,0.697190,95,4.70,446.72,196.72
90,0.621518,55,3.94,216.63,-33.37
92,0.454907,42,5.50,231.06,-18.94
104,0.591188,68,3.19,217.08,-32.92
137,0.677313,91,4.32,393.18,143.18
148,0.463153,69,5.62,387.65,137.65
147,0.390660,50,6.93,346.59,96.59
121,0.394019,51,3.72,189.85,-60.15
157,0.333231,53,7.10,376.30,126.30
111,0.627113,69,6.66,459.20,209.20
148,0.561568,87,5.88,511.60,261.60
117,0.612778,69,7.08,488.56,238.56
157,0.404536,65,3.32,216.09,-33.91
108,0.488205,56,7.10,397.49,147.49
147,0.603240,98,7.89,773.06,523.06
81,0.408979,38,6.01,228.49,-21.51
153,0.309503,50,6.37,318.56,68.56
98,0.631940,66,3.54,233.78,-16.22
101,0.692390,74,4.20,310.93,60.93
146,0.332220,46,3.60,165.62,-84.38
86,0.452851,40,4.10,163.89,-86.11
153,0.308431,50,7.73,386.38,136.38
123,0.603811,75,6.08,455.86,205.86
132,0.302202,38,3.11,118.02,-131.98
166,0.415347,59,3.29,193.82,-56.18
174,0.663840,115,5.07,583.32,333.32
88,0.391279,34,6.59,223.98,-26.02
102,0.328614,39,3.98,155.36,-94.64
177,0.558339,98,5.95,582.66,332.66
98,0.652318,60,5.65,338.86,88.86
107,0.441186,49,3.87,189.86,-60.14
96,0.395465,50,3.01,150.40,-99.60
86,0.448523,32,4.73,151.24,-98.76
131,0.517849,68,6.28,426.91,176.91
175,0.459836,77,6.62,509.91,259.91
137,0.576546,86,4.57,392.89,142.89
124,0.407846,42,4.86,204.32,-45.68
146,0.424575,53,4.85,256.79,6.79
139,0.448831,64,4.29,274.83,24.83
167,0.331008,56,4.78,267.45,17.45
149,0.614474,94,5.69,534.94,284.94
124,0.417751,59,6.40,377.40,127.40
126,0.359661,39,3.42,133.52,-116.48
101,0.632510,67,6.09,407.93,157.93
112,0.376670,45,3.90,175.37,-74.63
81,0.302262,23,6.41,147.32,-102.68
115,0.404239,47,6.51,306.13,56.13
155,0.576696,81,4.49,363.75,113.75
151,0.417037,47,5.34,251.12,1.12
112,0.374874,46,5.23,240.53,-9.47
129,0.632454,81,5.60,453.51,203.51
82,0.575867,45,5.97,268.82,18.82
124,0.315219,50,6.57,328.35,78.35
106,0.438378,54,6.45,348.50,98.50
80,0.337337,21,3.23,67.82,-182.18
119,0.360332,42,5.96,250.37,0.37
93,0.323638,33,3.07,101.40,-148.60
136,0.665912,95,4.13,392.58,142.58
155,0.399634,67,5.38,360.49,110.49
149,0.380862,47,6.38,299.67,49.67
87,0.300891,29,4.15,120.49,-129.51
179,0.548459,99,7.18,710.77,460.77
80,0.442575,32,3.95,126.31,-123.69
121,0.369855,39,3.02,117.93,-132.07
137,0.313713,49,6.88,336.93,86.93
166,0.640122,105,7.08,743.77,493.77
147,0.480073,71,6.73,477.71,227.71
173,0.532372,87,7.53,655.04,405.04
139,0.614649,85,6.60,561.22,311.22
128,0.341092,36,7.41,266.62,16.62
154,0.477498,70,7.59,531.52,281.52
92,0.439206,44,6.47,284.73,34.73
173,0.537851,94,4.46,419.60,169.60
149,0.690666,105,3.25,341.27,91.27
158,0.433975,75,6.97,522.53,272.53
165,0.483749,90,5.91,531.70,281.70
106,0.368855,41,7.62,312.62,62.62
150,0.683422,110,5.15,566.16,316.16
166,0.415546,92,7.65,704.12,454.12
80,0.456545,26,5.62,146.23,-103.77
109,0.531142,60,7.58,454.60,204.60
109,0.488101,57,3.64,207.32,-42.68
170,0.507832,89,3.09,275.26,25.26
128,0.677490,98,3.21,314.50,64.50
169,0.352941,50,5.14,256.93,6.93
85,0.594007,49,7.87,385.73,135.73
107,0.565935,65,3.02,196.48,-53.52
143,0.308021,45,3.10,139.70,-110.30
146,0.616464,87,3.69,321.21,71.21
131,0.343719,36,3.43,123.50,-126.50
131,0.355538,51,7.93,404.51,154.51
102,0.428621,35,7.46,261.22,11.22
133,0.692736,87,6.32,550.04,300.04
178,0.339055,76,4.57,347.12,97.12
124,0.334586,40,6.06,242.44,-7.56
109,0.580592,72,5.38,387.56,137.56
137,0.466638,65,4.42,287.07,37.07
179,0.569568,100,6.63,663.15,413.15
177,0.457616,74,6.99,516.92,266.92
119,0.314517,37,3.94,145.74,-104.26
125,0.498226,41,3.44,140.96,-109.04
106,0.554333,63,7.73,487.12,237.12
177,0.551661,95,5.59,530.73,280.73
158,0.592052,91,6.82,620.69,370.69
130,0.670727,87,4.49,390.63,140.63
174,0.532431,89,7.02,625.11,375.11
91,0.388522,35,7.94,277.82,27.82
117,0.607128,69,4.02,277.14,27.14
82,0.308857,19,5.03,95.61,-154.39
156,0.426561,60,5.73,344.04,94.04
138,0.422944,50,7.84,392.18,142.18
153,0.484321,72,5.10,367.29,117.29
140,0.496233,63,4.29,270.13,20.13
127,0.329115,49,7.42,363.44,113.44
162,0.362838,57,6.73,383.43,133.43
94,0.356745,32,7.45,238.54,-11.46
167,0.382776,63,7.09,446.65,196.65
93,0.673097,74,7.42,549.38,299.38
116,0.319171,41,6.83,279.96,29.96
82,0.497617,37,7.29,269.62,19.62
172,0.531496,93,6.88,639.65,389.65
110,0.368760,30,4.29,128.60,-121.40
93,0.411781,41,6.56,268.78,18.78
134,0.417999,59,5.40,318.84,68.84
179,0.447646,77,3.68,283.00,33.00
165,0.521728,93,6.72,624.64,374.64
161,0.383821,70,5.39,377.50,127.50
166,0.619195,99,3.60,356.01,106.01
137,0.613772,87,5.16,448.70,198.70
139,0.454186,65,5.77,375.05,125.05
137,0.401644,46,7.54,346.88,96.88
97,0.426394,34,3.74,127.14,-122.86
157,0.673370,112,6.58,737.45,487.45
161,0.621861,96,5.24,503.44,253.44
134,0.698846,93,6.28,584.16,334.16
145,0.479437,66,6.75,445.50,195.50
116,0.398004,46,4.11,188.95,-61.05
177,0.698542,113,7.12,804.15,554.15
170,0.368423,55,6.63,364.48,114.48
158,0.482662,75,5.79,434.09,184.09
85,0.487594,39,5.79,225.95,-24.05
114,0.634704,85,4.15,352.65,102.65
96,0.348605,37,5.91,218.58,-31.42
180,0.348833,61,3.11,189.94,-60.06
89,0.539906,42,4.16,174.67,-75.33
160,0.402777,52,3.61,187.55,-62.45
155,0.389579,56,6.48,362.80,112.80
117,0.627266,70,7.71,539.52,289.52
167,0.529531,100,4.95,494.67,244.67
114,0.536947,62,5.35,331.49,81.49
109,0.387833,42,5.35,224.90,-25.10
83,0.513636,39,3.07,119.81,-130.19
85,0.314087,22,3.75,82.52,-167.48
133,0.385461,51,4.16,212.09,-37.91
139,0.512022,75,3.03,227.48,-22.52
117,0.334569,47,4.61,216.75,-33.25
93,0.488068,38,5.21,197.87,-52.13
96,0.496250,51,4.47,227.87,-22.13
99,0.622145,58,7.27,421.70,171.70
166,0.515380,88,5.56,489.16,239.16
127,0.589753,76,3.97,301.76,51.76
153,0.432638,70,3.55,248.71,-1.29
144,0.559776,84,3.30,277.54,27.54
138,0.568353,81,4.08,330.41,80.41
96,0.680804,72,7.15,514.67,264.67
92,0.632123,51,5.90,300.96,50.96
87,0.518018,47,7.19,338.16,88.16
89,0.439486,38,3.50,132.86,-117.14
132,0.464234,58,7.02,406.97,156.97
109,0.579921,61,3.37,205.60,-44.40
117,0.456164,49,7.45,364.93,114.93
176,0.657315,101,4.45,449.43,199.43
142,0.350348,51,4.86,247.62,-2.38
129,0.635372,88,6.95,611.73,361.73
87,0.681369,57,7.37,420.30,170.30
121,0.471959,56,7.34,411.03,161.03
100,0.651407,70,3.91,273.72,23.72
117,0.313413,40,3.33,133.09,-116.91
98,0.624576,60,7.71,462.59,212.59
155,0.302405,42,7.81,327.96,77.96
170,0.550509,95,7.16,680.28,430.28
108,0.393721,46,5.94,273.43,23.43
121,0.310544,41,6.89,282.33,32.33
112,0.580025,56,6.36,356.15,106.15
110,0.430102,32,3.98,127.33,-122.67
147,0.522708,80,4.31,344.90,94.90
103,0.597000,67,7.94,531.75,281.75
85,0.535179,48,6.43,308.69,58.69
98,0.629436,65,3.29,214.15,-35.85
170,0.511457,80,4.18,334.35,84.35
141,0.599934,84,3.48,292.47,42.47
115,0.544774,56,5.96,333.89,83.89
150,0.679986,108,7.14,771.64,521.64
172,0.565699,93,6.16,573.08,323.08
153,0.594238,90,6.80,612.38,362.38
180,0.422988,78,6.09,474.64,224.64
164,0.531129,94,4.42,415.42,165.42
118,0.375925,46,4.41,203.04,-46.96
87,0.410462,33,6.74,222.58,-27.42
122,0.417886,61,6.75,412.01,162.01
104,0.441856,51,7.28,371.28,121.28
100,0.563804,63,4.35,274.16,24.16
92,0.486195,50,3.55,177.37,-72.63
144,0.326149,36,5.74,206.57,-43.43
146,0.403924,51,7.72,393.82,143.82
174,0.485385,88,5.10,448.71,198.71
94,0.680954,69,7.59,523.55,273.55
131,0.573792,74,4.63,342.38,92.38
170,0.667630,118,3.59,423.18,173.18
121,0.314613,32,3.49,111.80,-138.20
82,0.504104,33,3.60,118.75,-131.25
165,0.349220,53,6.39,338.43,88.43
138,0.448016,55,7.02,386.20,136.20
168,0.662397,111,5.57,618.16,368.16
173,0.550208,84,3.57,299.64,49.64
81,0.629348,53,7.47,396.17,146.17
113,0.370505,35,4.70,164.53,-85.47
160,0.436285,75,6.61,495.57,245.57
102,0.479197,55,6.02,330.94,80.94
176,0.657353,113,4.45,503.24,253.24
163,0.331065,60,6.31,378.75,128.75
134,0.511699,69,4.84,333.97,83.97
117,0.480604,57,3.18,181.11,-68.89
119,0.387678,40,7.78,311.31,61.31
119,0.595854,79,7.28,575.06,325.06
138,0.411990,63,7.84,493.84,243.84
127,0.388709,47,5.50,258.33,8.33
174,0.418720,74,6.13,453.86,203.86
113,0.631026,75,3.70,277.74,27.74
122,0.645930,87,4.37,380.07,130.07
169,0.626747,103,3.22,331.33,81.33
140,0.435844,60,6.32,379.27,129.27
90,0.603415,57,7.30,416.26,166.26
112,0.655281,72,4.77,343.27,93.27
177,0.330353,60,3.48,208.89,-41.11
96,0.485101,55,4.69,257.82,7.82
175,0.667169,115,5.74,660.62,410.62
80,0.322484,25,7.36,184.00,-66.00
105,0.499797,55,4.56,250.97,0.97
180,0.635971,114,3.21,365.83,115.83
105,0.512243,47,4.95,232.64,-17.36
169,0.449874,79,7.51,593.58,343.58
113,0.462776,53,7.08,375.36,125.36
170,0.406135,66,7.06,465.97,215.97
139,0.509771,68,7.17,487.40,237.40
150,0.557413,85,6.57,558.64,308.64
125,0.348464,49,5.68,278.49,28.49
105,0.495584,59,6.24,368.05,118.05
150,0.345610,53,5.11,270.91,20.91
91,0.560945,46,5.94,273.07,23.07
91,0.526844,45,3.13,140.73,-109.27
176,0.622808,107,3.71,397.47,147.47
110,0.548609,63,6.01,378.63,128.63
134,0.303796,39,7.39,288.07,38.07
103,0.374573,39,7.03,274.26,24.26
82,0.352916,28,7.26,203.40,-46.60
83,0.345291,30,3.43,102.79,-147.21
87,0.578241,53,5.20,275.63,25.63
86,0.433011,32,6.23,199.22,-50.78
147,0.471765,65,6.61,429.37,179.37
177,0.478711,87,3.78,329.14,79.14
121,0.336829,39,3.64,141.83,-108.17
147,0.445742,81,5.02,406.36,156.36
91,0.386501,44,7.10,312.47,62.47
94,0.488745,47,5.77,271.14,21.14
88,0.445137,34,6.64,225.76,-24.24
90,0.442448,39,7.69,300.05,50.05
173,0.490667,90,5.30,476.84,226.84
80,0.536092,37,6.07,224.67,-25.33
160,0.638709,95,3.93,373.34,123.34
176,0.520194,95,3.21,304.53,54.53
107,0.636580,65,7.34,477.09,227.09
102,0.510343,49,6.79,332.76,82.76
151,0.539207,86,4.92,423.14,173.14
139,0.360160,51,5.98,304.94,54.94
139,0.357116,55,6.21,341.46,91.46
98,0.631427,66,4.08,269.45,19.45
167,0.691464,116,5.81,673.83,423.83
129,0.603690,77,5.25,404.45,154.45
88,0.326506,28,8.00,223.87,-26.13
119,0.340875,39,7.63,297.73,47.73
141,0.479951,71,7.65,542.96,292.96
101,0.433837,33,4.55,150.20,-99.80
138,0.536525,74,5.14,380.16,130.16
151,0.571790,94,4.29,403.43,153.43
159,0.374018,66,7.34,484.49,234.49
150,0.613485,92,4.00,367.64,117.64
99,0.458426,45,7.76,349.08,99.08
87,0.446494,43,3.03,130.12,-119.88
143,0.576964,88,7.83,689.14,439.14
123,0.425952,59,7.44,439.19,189.19
106,0.470471,44,3.28,144.19,-105.81
125,0.405418,48,5.40,259.06,9.06
166,0.363312,55,6.75,371.38,121.38
180,0.473235,87,3.58,311.16,61.16
112,0.377628,39,3.83,149.43,-100.57
165,0.389791,66,5.73,378.07,128.07
109,0.549978,67,3.83,256.53,6.53
112,0.446872,47,5.43,255.16,5.16
117,0.673186,69,3.62,249.94,-0.06
127,0.597122,73,6.35,463.59,213.59
148,0.421016,71,3.01,213.45,-36.55
123,0.513814,69,4.60,317.14,67.14
156,0.408837,61,4.41,269.30,19.30
154,0.413515,62,4.78,296.58,46.58
138,0.637211,100,6.84,683.67,433.67
154,0.491036,79,7.92,625.41,375.41
140,0.560164,81,4.64,375.78,125.78
94,0.690270,59,4.23,249.28,-0.72
179,0.390562,68,5.39,366.49,116.49
123,0.572471,69,5.36,369.75,119.75
144,0.403829,55,5.34,293.47,43.47
178,0.660606,120,4.63,555.91,305.91
159,0.690902,115,5.43,624.41,374.41
151,0.530717,69,5.60,386.41,136.41
173,0.430447,83,7.99,663.56,413.56
152,0.377355,52,6.99,363.57,113.57
146,0.461409,66,6.29,415.39,165.39
97,0.467544,45,3.37,151.58,-98.42
125,0.317711,39,5.50,214.48,-35.52
167,0.606627,97,4.52,437.97,187.97
91,0.410424,34,5.25,178.58,-71.42
100,0.630314,73,3.65,266.10,16.10
150,0.318957,52,4.67,242.82,-7.18
84,0.456463,36,4.45,160.04,-89.96
145,0.333536,44,4.35,191.26,-58.74
98,0.441289,45,3.25,146.43,-103.57
114,0.532227,62,4.31,267.25,17.25
84,0.456635,43,6.16,264.95,14.95
101,0.324593,33,6.47,213.56,-36.44
103,0.342069,32,6.46,206.58,-43.42
149,0.503870,80,6.62,529.63,279.63
138,0.553737,72,5.54,398.84,148.84
98,0.508260,52,7.80,405.62,155.62
178,0.330836,73,4.12,300.95,50.95
126,0.337552,42,5.65,237.11,-12.89
123,0.313411,33,5.01,165.19,-84.81
91,0.693374,63,4.32,272.41,22.41
144,0.602939,76,6.83,518.74,268.74
169,0.470263,67,3.36,225.23,-24.77
157,0.645636,97,4.36,423.00,173.00
130,0.350666,46,6.75,310.47,60.47
174,0.641727,111,6.37,707.22,457.22
134,0.494324,74,4.51,333.65,83.65
91,0.306588,31,6.08,188.52,-61.48
107,0.498344,48,6.59,316.16,66.16
138,0.418431,54,3.60,194.58,-55.42
163,0.373897,72,7.03,506.47,256.47
149,0.364971,56,3.10,173.33,-76.67
119,0.401708,43,6.16,264.73,14.73
83,0.366799,30,5.46,163.88,-86.12
108,0.428169,49,3.66,179.15,-70.85
180,0.376260,64,6.02,385.16,135.16
174,0.450832,69,4.79,330.51,80.51
92,0.357529,26,3.98,103.35,-146.65
81,0.399644,40,5.55,221.81,-28.19
148,0.342919,56,3.30,184.75,-65.25
85,0.479949,38,3.96,150.33,-99.67
166,0.535479,76,7.89,599.27,349.27
112,0.582167,62,4.17,258.56,8.56
103,0.455523,40,5.66,226.37,-23.63
147,0.550690,89,7.41,659.45,409.45
123,0.677128,84,3.98,334.49,84.49
176,0.320976,59,5.14,303.07,53.07
156,0.553142,88,6.62,582.75,332.75
140,0.609901,80,4.28,342.56,92.56
90,0.450123,40,6.63,265.28,15.28
146,0.327840,46,3.17,145.68,-104.32
143,0.534158,73,7.83,571.89,321.89
102,0.524766,51,7.08,360.85,110.85
93,0.495794,44,5.70,250.73,0.73
91,0.617769,53,3.23,171.21,-78.79
171,0.421504,66,4.09,269.70,19.70
159,0.602005,99,3.53,349.37,99.37
91,0.330180,30,5.98,179.55,-70.45
120,0.684485,88,7.85,690.60,440.60
149,0.415053,76,5.38,408.53,158.53
97,0.364648,38,7.09,269.24,19.24
180,0.450037,78,7.46,581.64,331.64
80,0.436816,26,7.11,184.74,-65.26
114,0.582881,69,7.01,483.68,233.68
85,0.409878,38,6.33,240.36,-9.64
178,0.322943,55,4.38,240.85,-9.15
152,0.373735,55,4.27,235.03,-14.97
87,0.427690,35,3.13,109.52,-140.48
108,0.678383,72,6.31,454.48,204.48
86,0.413500,36,4.60,165.59,-84.41
144,0.405628,67,7.13,477.45,227.45
112,0.333237,37,3.17,117.31,-132.69
153,0.649515,96,6.56,629.41,379.41
148,0.493043,70,3.83,268.08,18.08
153,0.460449,66,6.01,396.83,146.83
123,0.359950,48,4.96,237.89,-12.11
146,0.395487,67,5.56,372.81,122.81
105,0.545917,66,6.22,410.56,160.56
84,0.567003,47,6.30,296.03,46.03
164,0.402749,69,6.58,453.68,203.68
86,0.503501,41,4.32,177.05,-72.95
131,0.478096,68,4.37,296.95,46.95
170,0.323552,51,6.15,313.55,63.55
171,0.690356,124,3.71,459.88,209.88
80,0.616906,54,7.93,428.05,178.05
126,0.579132,74,7.66,566.93,316.93
148,0.499135,68,6.93,471.33,221.33
133,0.485238,61,7.21,439.97,189.97
136,0.368629,50,7.23,361.56,111.56
90,0.383456,26,5.33,138.61,-111.39
155,0.617933,101,4.08,411.64,161.64
109,0.675477,68,3.88,263.52,13.52
164,0.442805,73,6.39,466.31,216.31
165,0.431602,69,4.09,282.40,32.40
136,0.548268,74,5.89,435.91,185.91
155,0.517680,80,6.19,495.26,245.26
179,0.482666,89,7.13,634.28,384.28
135,0.472287,62,6.12,379.13,129.13
139,0.667874,82,5.81,476.41,226.41
149,0.315046,51,3.51,178.85,-71.15
91,0.687314,61,3.44,210.04,-39.96
99,0.482943,36,4.27,153.83,-96.17
121,0.416823,42,7.60,319.40,69.40
100,0.467332,50,6.03,301.62,51.62
137,0.631414,90,4.64,417.73,167.73
134,0.329221,41,3.76,154.12,-95.88
90,0.448666,33,7.73,255.03,5.03
81,0.631784,58,5.89,341.89,91.89
84,0.560244,52,4.33,224.96,-25.04
176,0.327076,62,3.75,232.65,-17.35
155,0.650363,110,3.40,374.44,124.44
124,0.301168,33,6.45,212.79,-37.21
163,0.409338,70,4.77,333.98,83.98
95,0.566275,54,7.55,407.74,157.74
171,0.616912,107,7.05,754.56,504.56
164,0.526555,95,7.45,707.48,457.48
157,0.610167,108,4.45,480.48,230.48
137,0.658142,87,7.76,675.30,425.30
136,0.390198,52,7.40,385.03,135.03
97,0.501411,45,7.29,328.27,78.27
153,0.584457,81,4.40,356.15,106.15
139,0.437149,63,7.46,470.16,220.16
88,0.653441,59,7.76,457.81,207.81
105,0.350969,31,5.76,178.65,-71.35
157,0.534502,81,7.45,603.64,353.64
103,0.679530,66,3.12,205.77,-44.23
170,0.396895,61,3.81,232.39,-17.61
147,0.559292,70,6.37,445.67,195.67
175,0.337530,57,6.26,356.95,106.95
174,0.579461,89,5.05,449.81,199.81
89,0.492962,45,4.25,191.40,-58.60
161,0.372618,42,7.48,314.05,64.05
103,0.478981,48,3.13,150.13,-99.87
101,0.458673,45,4.04,181.96,-68.04
110,0.370434,31,6.28,194.56,-55.44
89,0.448321,43,3.52,151.51,-98.49
82,0.411515,37,4.62,171.03,-78.97
91,0.345627,39,6.48,252.67,2.67
80,0.598077,42,4.83,202.68,-47.32
132,0.681759,89,4.82,428.71,178.71
152,0.696370,106,3.74,396.24,146.24
90,0.443873,28,7.59,212.53,-37.47
119,0.562539,68,3.53,239.92,-10.08
155,0.685247,106,7.61,806.63,556.63
116,0.639757,83,3.96,328.36,78.36
165,0.389222,64,3.13,200.38,-49.62
164,0.390088,64,7.25,464.24,214.24
100,0.694506,72,4.45,320.30,70.30
147,0.660065,96,5.21,500.38,250.38
117,0.606403,70,5.84,408.79,158.79
175,0.344132,65,3.00,195.22,-54.78
152,0.624866,97,4.10,397.80,147.80
87,0.493198,41,5.31,217.61,-32.39
117,0.329058,34,3.21,109.04,-140.96
94,0.664325,64,3.26,208.93,-41.07
119,0.327217,40,5.27,210.94,-39.06
118,0.347272,41,7.59,311.23,61.23
164,0.334393,52,6.94,360.85,110.85
108,0.494333,52,6.32,328.52,78.52
166,0.407623,74,7.31,540.81,290.81
83,0.517819,42,3.13,131.42,-118.58
122,0.412499,45,4.25,191.41,-58.59
123,0.462083,57,7.61,433.58,183.58
82,0.492334,46,5.60,257.61,7.61
156,0.399230,52,6.52,339.23,89.23
127,0.400327,50,5.75,287.46,37.46
167,0.547127,88,5.96,524.87,274.87
104,0.331222,39,6.37,248.28,-1.72
80,0.618826,49,3.02,147.94,-102.06
164,0.375486,77,3.73,287.52,37.52
156,0.430690,63,3.36,211.37,-38.63
132,0.418794,50,5.64,281.87,31.87
144,0.369936,52,5.26,273.46,23.46
158,0.349785,53,6.54,346.59,96.59
124,0.358200,47,7.28,342.07,92.07
85,0.439213,30,3.40,101.99,-148.01
146,0.461487,57,5.30,302.27,52.27
95,0.360157,32,6.17,197.33,-52.67
134,0.648128,90,7.22,649.43,399.43
153,0.326004,53,3.73,197.87,-52.13
116,0.642060,71,4.61,327.08,77.08
140,0.507140,76,7.39,561.64,311.64
107,0.605169,64,6.12,391.72,141.72
110,0.342359,29,3.64,105.53,-144.47
172,0.480303,90,6.55,589.26,339.26
124,0.566577,67,3.52,236.00,-14.00
98,0.614087,60,5.21,312.57,62.57
110,0.573870,56,3.29,184.23,-65.77
90,0.574641,48,4.71,226.07,-23.93
147,0.403519,60,6.61,396.78,146.78
91,0.509695,42,6.66,279.72,29.72
175,0.517551,99,7.91,782.85,532.85
164,0.685095,114,4.05,461.47,211.47
179,0.621887,114,5.77,657.89,407.89
167,0.311311,50,3.76,188.06,-61.94
128,0.541912,72,4.99,359.37,109.37
135,0.443972,63,5.50,346.60,96.60
147,0.432226,59,7.74,456.89,206.89
95,0.412243,30,4.33,129.89,-120.11
100,0.668867,58,5.78,335.25,85.25
105,0.507555,53,5.10,270.41,20.41
155,0.681016,105,7.83,822.01,572.01
118,0.638606,77,7.55,581.51,331.51
130,0.615610,88,7.55,664.55,414.55
117,0.506004,70,5.04,353.00,103.00
85,0.324640,21,3.71,77.94,-172.06
142,0.427710,64,5.46,349.63,99.63
110,0.653908,69,7.28,502.10,252.10
179,0.360223,74,4.59,339.87,89.87
135,0.618388,81,4.59,371.97,121.97
138,0.400695,56,7.91,443.20,193.20
144,0.591727,83,4.72,392.13,142.13
171,0.520062,88,4.20,369.60,119.60
178,0.612007,105,4.37,458.53,208.53
161,0.691944,119,6.86,816.24,566.24
177,0.539121,99,4.62,457.35,207.35
166,0.618552,112,5.82,652.12,402.12
124,0.671878,83,4.67,387.43,137.43
116,0.580523,78,6.70,522.31,272.31
162,0.345671,54,4.46,240.85,-9.15
87,0.688781,61,7.78,474.82,224.82
92,0.693331,67,4.28,286.84,36.84
176,0.370933,65,3.11,202.37,-47.63
169,0.341633,65,5.91,384.11,134.11
121,0.347594,38,4.41,167.49,-82.51
151,0.635277,96,3.38,324.91,74.91
138,0.515449,84,6.91,580.35,330.35
178,0.696970,117,5.12,598.98,348.98
120,0.398577,43,7.45,320.31,70.31
156,0.548410,97,6.82,661.15,411.15
89,0.683130,59,5.39,317.75,67.75
88,0.657314,61,7.24,441.66,191.66
111,0.486026,62,5.71,354.32,104.32
176,0.540743,89,6.72,598.38,348.38
159,0.319710,50,3.59,179.47,-70.53
114,0.340292,37,4.20,155.48,-94.52
116,0.597520,64,5.87,375.88,125.88
95,0.403514,36,6.20,223.32,-26.68
86,0.425086,43,5.36,230.43,-19.57
101,0.562470,53,3.74,198.19,-51.81
106,0.687848,72,5.38,387.07,137.07
101,0.442135,48,4.78,229.28,-20.72
135,0.460890,62,4.12,255.59,5.59
123,0.642809,78,5.09,396.99,146.99
160,0.431962,73,6.90,503.96,253.96
149,0.338659,51,4.27,217.74,-32.26
82,0.327005,30,6.24,187.24,-62.76
172,0.449869,67,6.73,450.79,200.79
148,0.311984,37,7.83,289.88,39.88
177,0.475273,82,4.01,329.01,79.01
143,0.405386,51,6.11,311.50,61.50
131,0.345223,46,7.42,341.38,91.38
124,0.692981,84,7.50,629.83,379.83
148,0.494810,75,5.63,422.17,172.17
175,0.601864,96,3.56,341.74,91.74
130,0.648933,87,4.02,349.52,99.52
146,0.634689,91,6.60,600.53,350.53
104,0.641239,65,5.20,338.24,88.24
146,0.477225,70,4.71,329.78,79.78
116,0.402318,43,5.76,247.57,-2.43
172,0.481151,76,5.43,412.42,162.42
100,0.670987,69,5.65,389.91,139.91
174,0.579078,109,3.85,420.04,170.04
84,0.444994,31,3.39,105.06,-144.94
177,0.550676,98,3.17,310.26,60.26
148,0.690768,106,6.90,731.52,481.52
162,0.606318,91,7.84,713.05,463.05
162,0.480725,76,6.46,490.95,240.95
120,0.413906,54,4.34,234.46,-15.54
105,0.465476,50,6.35,317.62,67.62
174,0.474163,84,6.91,580.76,330.76
115,0.343457,42,5.14,215.95,-34.05
148,0.360446,56,3.34,187.08,-62.92
142,0.475825,55,6.98,383.92,133.92
147,0.601279,85,3.03,257.62,7.62
167,0.563287,85,7.95,675.46,425.46
115,0.542247,62,7.98,494.50,244.50
129,0.448649,61,4.94,301.15,51.15
85,0.613352,61,7.99,487.26,237.26
158,0.620430,104,7.29,757.68,507.68
152,0.661827,108,4.22,455.50,205.50
118,0.536892,67,6.09,407.86,157.86
129,0.434168,59,4.29,253.25,3.25
126,0.305244,31,6.77,209.77,-40.23
175,0.450325,81,6.81,551.34,301.34
142,0.667634,92,3.02,278.16,28.16
147,0.559626,86,5.43,466.67,216.67
102,0.677615,66,5.52,364.04,114.04
82,0.334384,34,4.48,152.36,-97.64
177,0.306854,55,5.07,279.11,29.11
101,0.598143,69,6.32,436.00,186.00
179,0.579335,99,4.47,442.25,192.25
103,0.539288,47,3.52,165.56,-84.44
174,0.645254,102,5.15,525.65,275.65
105,0.472977,43,7.15,307.46,57.46
163,0.430303,65,5.55,360.68,110.68
89,0.615481,52,8.00,415.84,165.84
156,0.428978,62,5.56,345.01,95.01
87,0.303389,25,4.00,100.08,-149.92
158,0.370353,57,4.23,241.03,-8.97
96,0.450923,44,7.83,344.33,94.33
86,0.306938,23,4.65,106.85,-143.15
132,0.506990,62,5.76,356.90,106.90
122,0.610658,80,6.50,519.63,269.63
145,0.523305,74,7.08,523.68,273.68
158,0.395717,66,6.02,397.41,147.41
151,0.456174,68,5.75,390.94,140.94
145,0.546103,76,6.52,495.27,245.27
105,0.495579,48,6.97,334.33,84.33
94,0.441433,40,4.03,161.35,-88.65
155,0.690997,110,3.83,421.28,171.28
137,0.434907,57,4.54,258.97,8.97
124,0.458907,52,6.03,313.66,63.66
177,0.655662,122,4.72,575.39,325.39
94,0.305410,24,6.91,165.85,-84.15
91,0.555034,54,4.43,239.25,-10.75
156,0.694202,114,3.06,349.21,99.21
173,0.612194,106,3.02,320.61,70.61
161,0.302269,55,6.32,347.46,97.46
89,0.367825,35,3.34,117.04,-132.96
124,0.518152,54,7.33,395.84,145.84
109,0.368929,33,3.95,130.19,-119.81
160,0.461539,68,4.91,333.76,83.76
171,0.308641,53,6.47,342.92,92.92
82,0.310301,22,3.02,66.43,-183.57
85,0.410925,34,7.08,240.71,-9.29
96,0.541225,54,6.05,326.51,76.51
112,0.415371,51,4.25,216.73,-33.27
93,0.594436,55,7.17,394.59,144.59
180,0.445804,91,6.99,635.80,385.80
118,0.306827,42,4.52,190.02,-59.98
89,0.669563,62,5.52,342.00,92.00
174,0.671450,117,4.10,479.97,229.97
125,0.387460,54,6.87,371.20,121.20
93,0.674210,62,3.48,216.00,-34.00
162,0.309695,52,4.16,216.26,-33.74
166,0.547708,86,6.13,527.32,277.32
84,0.537608,53,4.97,263.20,13.20
157,0.316906,56,5.79,324.18,74.18
161,0.350865,56,6.27,351.18,101.18
105,0.408974,41,3.36,137.93,-112.07
153,0.505406,72,3.62,260.65,10.65
83,0.325885,25,6.63,165.80,-84.20
93,0.307335,26,6.13,159.44,-90.56
100,0.672468,66,3.26,215.46,-34.54
166,0.639828,101,6.74,680.87,430.87
105,0.577109,58,6.86,398.03,148.03
142,0.522438,76,3.16,240.01,-9.99
112,0.333830,38,6.88,261.33,11.33
97,0.677569,73,6.23,454.70,204.70
170,0.657217,101,7.08,715.21,465.21
126,0.473374,61,6.54,398.76,148.76
142,0.494465,74,6.76,500.57,250.57
138,0.597374,83,4.84,401.97,151.97
152,0.315250,51,7.28,371.05,121.05
114,0.389545,46,7.03,323.61,73.61
168,0.446954,87,7.94,690.43,440.43
110,0.684108,81,6.11,494.87,244.87
84,0.421114,33,5.77,190.27,-59.73
145,0.664216,94,6.73,632.54,382.54
112,0.325526,34,6.50,221.09,-28.91
146,0.588459,91,7.89,717.92,467.92
131,0.312452,44,4.83,212.38,-37.62
174,0.562274,102,6.14,626.21,376.21
167,0.505205,77,5.26,404.92,154.92
141,0.470692,53,5.97,316.58,66.58
90,0.356167,31,4.94,153.19,-96.81
158,0.478604,69,5.24,361.22,111.22
163,0.404825,69,6.55,452.23,202.23
104,0.620896,71,4.74,336.50,86.50
81,0.349063,29,5.10,147.85,-102.15
150,0.459246,57,4.30,245.05,-4.95
80,0.523769,42,4.21,176.83,-73.17
108,0.502778,56,5.16,289.17,39.17
109,0.670637,73,5.11,373.30,123.30
142,0.492736,60,5.63,337.83,87.83
148,0.671915,104,5.51,572.81,322.81
118,0.496266,60,5.26,315.56,65.56
104,0.577678,59,3.64,214.82,-35.18
160,0.465004,73,4.24,309.43,59.43
108,0.684196,71,5.07,359.88,109.88
172,0.610719,95,7.98,758.51,508.51
170,0.534017,87,5.49,477.36,227.36
163,0.504997,91,7.34,667.97,417.97
153,0.378638,58,6.58,381.61,131.61
119,0.382433,40,4.53,181.35,-68.65
130,0.423740,51,7.55,385.22,135.22
136,0.312915,43,7.61,327.17,77.17
158,0.401677,63,6.09,383.82,133.82
87,0.552981,56,4.74,265.70,15.70
127,0.614446,84,7.32,614.98,364.98
82,0.582725,44,4.56,200.52,-49.48
113,0.396320,43,4.92,211.36,-38.64
140,0.482084,66,5.63,371.55,121.55
127,0.540492,74,3.31,245.05,-4.95
83,0.500859,49,5.28,258.69,8.69
162,0.556492,94,5.86,550.39,300.39
140,0.587626,87,7.76,675.43,425.43
165,0.688540,118,4.30,507.10,257.10
174,0.415892,69,5.40,372.28,122.28
154,0.697268,100,3.39,338.60,88.60
155,0.384132,64,3.46,221.35,-28.65
89,0.586148,49,7.82,383.35,133.35
142,0.605704,91,6.62,602.79,352.79
113,0.339680,31,3.96,122.64,-127.36
81,0.411629,29,3.62,104.86,-145.14
165,0.685132,115,4.49,516.06,266.06
118,0.316395,29,7.29,211.34,-38.66
145,0.510765,79,5.42,428.36,178.36
146,0.340119,55,5.77,317.43,67.43
142,0.473625,66,3.73,246.12,-3.88
113,0.447357,49,3.68,180.24,-69.76
169,0.681526,122,5.76,703.14,453.14
159,0.361985,46,4.61,212.02,-37.98
161,0.576065,93,4.02,373.40,123.40
112,0.465287,62,7.48,463.75,213.75
135,0.539441,72,3.71,266.84,16.84
145,0.326224,45,3.14,141.41,-108.59
93,0.449310,35,7.93,277.58,27.58
101,0.307425,30,6.55,196.42,-53.58
120,0.626557,74,6.65,492.34,242.34
116,0.376825,43,5.95,255.76,5.76
149,0.558857,82,5.79,474.84,224.84
130,0.316643,33,7.83,258.54,8.54
157,0.519237,87,7.33,637.62,387.62
127,0.578146,79,3.41,269.46,19.46
151,0.393493,56,6.59,369.03,119.03
80,0.554428,39,5.63,219.44,-30.56
149,0.333593,57,3.23,184.06,-65.94
127,0.559567,69,5.43,374.85,124.85
102,0.675068,61,4.81,293.50,43.50
168,0.449778,72,7.87,566.78,316.78
147,0.646734,104,5.46,567.72,317.72
88,0.463469,37,7.34,271.64,21.64
178,0.646311,126,7.20,907.44,657.44
163,0.569134,92,6.88,633.14,383.14
137,0.650514,91,6.37,579.66,329.66
101,0.568931,50,3.36,168.14,-81.86
123,0.611111,76,5.75,436.78,186.78
135,0.614413,83,7.93,658.29,408.29
131,0.618987,77,3.35,257.71,7.71
107,0.615864,73,5.41,395.12,145.12
117,0.514437,47,7.83,368.20,118.20
169,0.585350,93,4.60,427.87,177.87
170,0.654910,112,5.19,580.89,330.89
118,0.494944,62,3.80,235.59,-14.41
169,0.424546,78,5.11,398.38,148.38
176,0.487403,83,5.60,465.10,215.10
98,0.472158,48,5.99,287.73,37.73
152,0.411969,64,4.41,282.16,32.16
130,0.620651,82,6.90,566.18,316.18
164,0.442643,72,6.63,477.01,227.01
80,0.351017,26,3.69,95.84,-154.16
130,0.351392,45,7.70,346.31,96.31
97,0.652623,65,5.25,341.34,91.34
151,0.546515,75,5.07,380.35,130.35
112,0.575118,61,3.53,215.20,-34.80
108,0.622979,68,4.50,306.28,56.28
119,0.521314,65,4.15,269.63,19.63
95,0.530823,50,4.67,233.37,-16.63
112,0.307109,38,6.68,253.99,3.99
157,0.428304,56,3.67,205.51,-44.49
160,0.428979,69,3.68,253.93,3.93
88,0.579985,51,5.12,261.33,11.33
95,0.354800,34,7.55,256.68,6.68
108,0.581090,61,5.43,331.20,81.20
163,0.626326,105,6.18,648.52,398.52
174,0.512538,104,6.94,721.52,471.52
135,0.474109,60,3.27,195.97,-54.03
170,0.597975,111,5.92,657.49,407.49
148,0.309575,48,4.28,205.27,-44.73
144,0.363650,53,4.81,254.92,4.92
100,0.387836,39,6.34,247.39,-2.61
141,0.432681,62,3.96,245.72,-4.28
86,0.529637,47,5.28,248.37,-1.63
148,0.566008,80,6.81,544.83,294.83
136,0.629985,97,3.58,347.31,97.31
179,0.462341,91,7.02,639.01,389.01
92,0.567484,49,7.46,365.36,115.36
124,0.693963,85,3.94,334.97,84.97
141,0.679866,93,4.84,450.21,200.21
118,0.520536,59,6.97,411.28,161.28
177,0.515720,81,6.66,539.12,289.12
116,0.673670,69,3.46,238.65,-11.35
86,0.446972,40,7.88,315.31,65.31
130,0.497292,67,3.49,233.72,-16.28
151,0.545331,86,4.35,374.26,124.26
163,0.572059,98,6.27,614.11,364.11
140,0.339558,43,5.77,248.04,-1.96
142,0.626979,81,5.75,466.02,216.02
112,0.618059,69,3.22,222.33,-27.67
152,0.505833,80,6.30,504.09,254.09
123,0.475380,65,5.90,383.25,133.25
100,0.540593,62,5.47,338.98,88.98
180,0.320218,49,3.75,183.80,-66.20
83,0.580740,49,5.01,245.25,-4.75
177,0.658962,126,4.33,545.69,295.69
167,0.658224,102,4.57,466.52,216.52
176,0.459131,82,4.59,376.64,126.64
86,0.603869,58,7.96,461.71,211.71
112,0.546932,55,5.59,307.49,57.49
128,0.649616,95,5.00,474.98,224.98
137,0.307219,41,6.63,271.67,21.67
128,0.649307,81,3.63,294.34,44.34
179,0.677157,117,7.03,822.84,572.84
96,0.499379,42,3.27,137.32,-112.68
153,0.601291,90,7.58,681.80,431.80
112,0.642941,74,5.76,426.54,176.54
176,0.490304,86,6.69,575.07,325.07
138,0.521158,74,6.58,486.68,236.68
86,0.539900,41,6.04,247.78,-2.22
112,0.597560,69,4.37,301.53,51.53
93,0.613510,59,4.01,236.39,-13.61
168,0.443834,80,3.00,240.35,-9.65
107,0.347831,39,4.26,166.04,-83.96
148,0.343135,55,7.69,423.18,173.18
121,0.342337,40,7.79,311.70,61.70
167,0.588497,109,3.26,355.69,105.69
163,0.404223,68,4.84,328.99,78.99
108,0.437507,43,7.92,340.69,90.69
174,0.558592,100,4.17,416.62,166.62
136,0.347475,45,5.32,239.34,-10.66
116,0.452887,56,4.97,278.16,28.16
115,0.683038,82,5.89,482.65,232.65
94,0.499823,47,6.80,319.79,69.79
142,0.642296,92,6.37,586.44,336.44
172,0.486340,94,7.22,678.22,428.22
127,0.450439,58,3.45,199.88,-50.12
160,0.607778,97,3.10,300.56,50.56
133,0.453358,62,6.43,398.59,148.59
165,0.526890,87,5.84,508.44,258.44
130,0.432496,65,6.89,447.77,197.77
169,0.498901,78,3.00,234.34,-15.66
168,0.611269,102,4.83,492.55,242.55
108,0.388729,41,3.71,152.08,-97.92
102,0.411813,45,4.89,220.25,-29.75
174,0.666458,123,7.94,976.82,726.82
102,0.447535,48,3.39,162.50,-87.50
112,0.372499,39,6.06,236.43,-13.57
162,0.410564,58,3.72,216.04,-33.96
145,0.615479,87,3.35,291.88,41.88
123,0.504413,58,7.13,413.70,163.70
104,0.328879,37,3.15,116.71,-133.29
155,0.357483,54,3.96,213.75,-36.25
119,0.656550,85,6.21,527.99,277.99
110,0.491906,52,7.93,412.32,162.32
155,0.356982,49,3.86,188.94,-61.06
149,0.401840,59,5.04,297.51,47.51
149,0.448058,67,4.16,278.57,28.57
95,0.696171,72,4.70,338.73,88.73
169,0.641394,106,4.07,431.01,181.01
120,0.381983,43,4.08,175.41,-74.59
146,0.459647,73,7.29,532.11,282.11
123,0.305838,50,4.03,201.62,-48.38
88,0.609843,54,6.15,331.84,81.84
102,0.417749,39,5.89,229.72,-20.28
135,0.643179,88,4.56,401.15,151.15
118,0.420170,47,4.69,220.44,-29.56
82,0.471543,39,3.32,129.40,-120.60
146,0.414255,56,6.58,368.23,118.23
157,0.371408,48,7.85,377.00,127.00
162,0.300008,52,6.07,315.87,65.87
168,0.524040,80,7.01,560.82,310.82
108,0.404489,49,6.60,323.55,73.55
85,0.615738,58,7.28,422.31,172.31
106,0.423210,45,4.32,194.50,-55.50
166,0.362293,57,7.16,407.90,157.90
108,0.609752,73,3.57,260.38,10.38
132,0.561927,77,6.71,516.33,266.33
106,0.637732,70,6.01,420.46,170.46
99,0.469937,50,3.68,183.90,-66.10
142,0.526457,75,3.35,251.17,1.17
93,0.588961,57,6.59,375.38,125.38
175,0.588919,99,3.48,344.19,94.19
100,0.638385,65,6.32,410.82,160.82
114,0.416052,50,6.62,330.95,80.95
159,0.409044,67,3.74,250.43,0.43
142,0.518260,73,6.51,475.46,225.46
92,0.471529,47,6.72,315.66,65.66
124,0.412706,56,4.17,233.65,-16.35
91,0.644313,59,3.51,207.29,-42.71
132,0.317966,39,7.04,274.69,24.69
171,0.452402,77,3.89,299.65,49.65
86,0.556607,46,4.45,204.47,-45.53
88,0.522074,48,4.08,195.65,-54.35
149,0.484095,69,4.13,285.08,35.08
146,0.458062,71,5.61,398.48,148.48
153,0.652489,101,3.94,398.23,148.23
151,0.582459,92,4.13,380.33,130.33
105,0.402640,44,4.87,214.19,-35.81
163,0.418409,75,6.95,521.15,271.15
138,0.586154,86,5.36,460.63,210.63
87,0.573028,53,5.56,294.66,44.66
103,0.446315,48,6.62,317.86,67.86
131,0.524964,65,3.95,256.74,6.74
165,0.661981,115,4.78,550.05,300.05
167,0.465728,73,6.64,484.44,234.44
96,0.534417,65,6.63,431.11,181.11
177,0.568055,101,5.92,597.96,347.96
83,0.661052,54,3.44,185.68,-64.32
106,0.431587,41,6.75,276.73,26.73
119,0.481400,68,5.22,355.14,105.14
123,0.611950,82,5.42,444.07,194.07
98,0.548821,48,3.06,147.07,-102.93
141,0.371247,46,7.97,366.66,116.66
177,0.620854,107,6.00,642.22,392.22
175,0.480077,88,3.92,345.22,95.22
136,0.523811,76,6.26,475.74,225.74
117,0.313237,37,3.54,131.13,-118.87
148,0.412571,61,6.46,393.95,143.95
95,0.665971,66,3.44,227.10,-22.90
85,0.346939,37,5.43,200.88,-49.12
166,0.434409,75,5.36,401.79,151.79
142,0.397582,61,7.75,473.05,223.05
137,0.646781,93,3.20,297.32,47.32
139,0.452710,69,4.12,284.60,34.60
180,0.582762,110,3.48,383.04,133.04
165,0.340170,50,7.57,378.72,128.72
125,0.580183,59,5.89,347.55,97.55
98,0.479913,38,6.60,250.71,0.71
134,0.310356,52,4.01,208.53,-41.47
166,0.515982,77,7.21,555.04,305.04
138,0.427135,62,5.39,334.45,84.45
178,0.571216,107,7.49,801.59,551.59
178,0.492835,85,5.70,484.09,234.09
154,0.696311,108,3.02,325.64,75.64
84,0.550972,56,3.22,180.31,-69.69
131,0.301536,50,7.13,356.51,106.51
141,0.540635,74,6.92,511.78,261.78
117,0.364800,46,7.49,344.36,94.36
137,0.424427,64,5.28,337.94,87.94
143,0.489329,70,4.05,283.75,33.75
149,0.407045,62,3.84,238.37,-11.63
180,0.311749,52,7.38,383.75,133.75
87,0.410661,32,4.61,147.66,-102.34
109,0.610378,65,4.95,321.58,71.58
132,0.507333,66,4.03,266.01,16.01
141,0.493563,68,5.94,403.94,153.94
175,0.685421,118,4.02,474.83,224.83
134,0.692129,88,5.34,470.18,220.18
139,0.513559,64,3.66,234.10,-15.90
133,0.603894,74,4.74,350.74,100.74
180,0.591909,118,5.54,654.12,404.12
168,0.447460,76,7.66,581.80,331.80
157,0.309026,48,3.60,172.92,-77.08
115,0.366677,33,7.09,234.07,-15.93
160,0.424822,75,3.70,277.57,27.57
145,0.530910,79,3.36,265.53,15.53
127,0.336913,46,3.40,156.57,-93.43
117,0.313677,36,3.82,137.49,-112.51
172,0.687429,116,6.62,767.65,517.65
151,0.408068,58,7.48,433.58,183.58
140,0.681277,93,4.49,417.11,167.11
153,0.645436,107,6.96,745.13,495.13
125,0.577399,87,5.50,478.15,228.15
178,0.572770,101,6.53,659.40,409.40
85,0.392894,32,4.17,133.44,-116.56
99,0.470010,49,6.22,304.69,54.69
128,0.306097,39,5.91,230.53,-19.47
89,0.550889,46,3.61,165.83,-84.17
141,0.350958,42,4.31,181.00,-69.00
138,0.499599,75,7.92,594.26,344.26
145,0.550176,83,3.03,251.68,1.68
100,0.380817,36,4.49,161.51,-88.49
133,0.554816,78,4.68,364.79,114.79
109,0.367909,50,5.86,292.87,42.87
130,0.601225,80,6.72,537.50,287.50
158,0.547610,77,5.53,425.94,175.94
133,0.457265,71,4.61,327.06,77.06
108,0.665433,72,4.39,316.37,66.37
179,0.307843,58,5.05,292.69,42.69
127,0.315694,38,7.88,299.34,49.34
141,0.362204,49,6.56,321.60,71.60
87,0.405173,35,3.82,133.62,-116.38
105,0.377507,42,6.42,269.74,19.74
165,0.359530,56,5.91,331.18,81.18
123,0.692807,83,4.82,399.98,149.98
146,0.398781,55,5.11,280.86,30.86
111,0.378833,42,3.73,156.76,-93.24
141,0.666157,95,5.34,507.36,257.36
129,0.422853,58,5.20,301.63,51.63
89,0.356756,14,5.31,74.31,-175.69
131,0.632123,73,7.69,561.66,311.66
95,0.452661,41,3.80,155.93,-94.07
80,0.543701,40,4.93,197.33,-52.67
136,0.594265,76,6.73,511.57,261.57
130,0.590027,77,6.52,501.97,251.97
133,0.662016,91,7.20,654.84,404.84
137,0.495339,50,6.93,346.74,96.74
114,0.588324,62,5.60,347.39,97.39
88,0.621683,55,3.31,182.02,-67.98
111,0.370730,46,5.22,240.04,-9.96
161,0.643235,100,4.37,436.89,186.89
155,0.596354,84,4.77,400.64,150.64
125,0.504202,57,4.47,254.73,4.73
138,0.640319,97,5.34,518.44,268.44
112,0.590605,67,5.57,372.94,122.94
102,0.489767,49,4.82,236.36,-13.64
144,0.632840,82,7.94,651.15,401.15
97,0.303475,23,4.38,100.73,-149.27
177,0.525054,91,3.52,320.15,70.15
173,0.503973,93,3.78,351.51,101.51
132,0.642718,86,7.59,653.03,403.03
179,0.493824,94,4.76,447.08,197.08
151,0.538819,90,7.35,661.39,411.39
155,0.558863,76,3.10,235.75,-14.25
136,0.483152,68,4.38,297.86,47.86
160,0.347155,68,3.98,270.67,20.67
155,0.476950,67,5.36,359.24,109.24
174,0.318993,54,7.65,413.25,163.25
142,0.566557,70,3.84,269.00,19.00
108,0.699342,75,3.59,269.42,19.42
125,0.346242,51,7.00,357.02,107.02
180,0.399501,73,3.01,219.63,-30.37
126,0.627305,82,7.00,573.68,323.68
136,0.532047,79,4.01,317.18,67.18
178,0.535486,97,5.42,525.81,275.81
140,0.676865,103,5.90,608.07,358.07
111,0.322686,28,6.91,193.49,-56.51
174,0.461474,85,6.54,555.62,305.62
108,0.380825,48,4.85,232.93,-17.07
159,0.643746,103,5.80,596.90,346.90
126,0.524243,69,6.26,432.06,182.06
88,0.680020,64,5.99,383.64,133.64
135,0.403927,54,5.35,288.76,38.76
89,0.432793,45,4.51,202.74,-47.26
157,0.566158,93,7.69,715.39,465.39
95,0.470820,43,4.41,189.62,-60.38
130,0.339423,50,4.05,202.48,-47.52
155,0.374425,54,6.82,368.18,118.18
121,0.630555,77,6.86,527.92,277.92
161,0.565106,100,5.43,543.24,293.24
100,0.662061,60,3.02,181.08,-68.92
105,0.445941,45,6.47,291.18,41.18
84,0.497292,45,6.32,284.35,34.35
132,0.498869,69,7.04,485.62,235.62
160,0.538860,88,5.63,495.02,245.02
171,0.591062,97,7.60,736.89,486.89
164,0.411879,65,7.51,488.05,238.05
168,0.372114,53,5.54,293.60,43.60
154,0.369337,56,3.87,216.55,-33.45
141,0.480930,71,4.20,297.87,47.87
115,0.376914,52,6.68,347.26,97.26
127,0.370375,44,3.73,163.94,-86.06
88,0.441853,37,6.67,246.67,-3.33
134,0.565288,83,5.86,486.77,236.77
86,0.589675,51,6.67,340.26,90.26
81,0.306449,25,4.67,116.79,-133.21
180,0.367781,74,5.69,420.89,170.89
180,0.470258,84,3.71,311.98,61.98
106,0.616065,55,3.07,168.98,-81.02
104,0.616366,73,7.54,550.40,300.40
134,0.525402,77,4.06,312.43,62.43
123,0.614342,70,3.16,221.15,-28.85
162,0.547506,88,5.90,519.10,269.10
112,0.590872,68,3.83,260.64,10.64
176,0.457488,95,6.32,599.94,349.94
152,0.400562,70,7.99,559.56,309.56
114,0.342979,37,7.03,260.28,10.28
134,0.473424,63,4.37,275.60,25.60
156,0.533911,72,3.90,280.44,30.44
174,0.441195,80,6.40,512.19,262.19
161,0.643382,120,5.45,654.32,404.32
80,0.639152,57,3.71,211.66,-38.34
88,0.366618,32,3.79,121.42,-128.58
178,0.531425,89,3.01,267.53,17.53
83,0.695994,63,6.54,411.81,161.81
133,0.591364,69,5.62,387.79,137.79
141,0.485276,70,7.05,493.34,243.34
156,0.663432,105,6.52,684.71,434.71
102,0.694964,70,3.51,245.82,-4.18
145,0.405018,54,4.55,245.53,-4.47
135,0.616234,88,5.40,475.37,225.37
101,0.591114,60,5.29,317.28,67.28
100,0.424342,42,7.76,326.06,76.06
115,0.688322,82,3.44,281.75,31.75
112,0.486915,57,5.56,317.04,67.04
142,0.404192,53,7.14,378.55,128.55
166,0.311160,42,6.88,289.15,39.15
136,0.522609,68,7.69,522.84,272.84
175,0.461827,77,5.92,455.57,205.57
96,0.598177,53,6.00,318.09,68.09
109,0.344333,35,5.15,180.21,-69.79
86,0.651967,64,5.81,372.09,122.09
93,0.327189,29,7.04,204.17,-45.83
151,0.485660,76,6.12,464.94,214.94
122,0.685886,90,5.08,457.47,207.47
141,0.539883,76,4.60,349.97,99.97
88,0.373142,30,7.58,227.49,-22.51
151,0.416950,64,5.65,361.83,111.83
120,0.358314,47,7.13,335.31,85.31
114,0.493432,50,6.89,344.34,94.34
121,0.612024,76,4.86,369.37,119.37
101,0.305805,30,6.48,194.41,-55.59
156,0.469120,74,7.15,528.80,278.80
124,0.487688,63,7.98,503.04,253.04
104,0.591586,65,3.83,249.16,-0.84
157,0.448948,83,4.71,391.18,141.18
85,0.537265,42,7.99,335.54,85.54
128,0.339294,38,4.06,154.21,-95.79
170,0.677182,127,6.35,806.16,556.16
147,0.438682,70,3.77,264.01,14.01
99,0.392987,43,6.06,260.72,10.72
138,0.390493,41,4.98,204.13,-45.87
95,0.448335,46,5.86,269.34,19.34
134,0.601131,76,7.07,537.62,287.62
100,0.371668,40,5.16,206.42,-43.58
159,0.626089,96,3.04,291.96,41.96
134,0.447927,60,5.69,341.58,91.58
135,0.629189,95,3.70,351.52,101.52
125,0.476834,65,5.22,339.37,89.37
106,0.371325,33,5.11,168.64,-81.36
141,0.504846,61,3.12,190.02,-59.98
102,0.529137,54,5.68,306.65,56.65
120,0.303323,45,7.86,353.62,103.62
135,0.359583,47,4.36,205.00,-45.00
145,0.480531,79,4.94,390.42,140.42
176,0.498202,100,4.68,467.91,217.91
147,0.587021,89,5.19,462.33,212.33
142,0.397807,63,5.28,332.69,82.69
128,0.329737,50,7.84,391.89,141.89
174,0.668477,112,5.01,560.97,310.97
128,0.345588,54,5.69,307.20,57.20
130,0.579001,74,3.83,283.36,33.36
134,0.674179,97,4.55,441.17,191.17
114,0.495193,59,7.26,428.31,178.31
176,0.589690,99,7.15,707.77,457.77
133,0.374097,44,7.93,348.84,98.84
81,0.588838,40,3.85,153.87,-96.13
137,0.469826,69,7.36,507.94,257.94
137,0.345597,51,5.33,272.06,22.06
111,0.549973,67,6.91,463.24,213.24
80,0.608395,51,7.24,369.02,119.02
100,0.307202,38,3.94,149.89,-100.11
92,0.328756,31,3.11,96.52,-153.48
118,0.581940,69,5.22,360.31,110.31
86,0.411220,34,7.85,267.04,17.04
117,0.559025,72,5.19,374.03,124.03
171,0.543838,86,3.49,300.46,50.46
90,0.569462,54,3.26,175.96,-74.04
151,0.371396,68,3.08,209.53,-40.47
128,0.319889,50,4.51,225.60,-24.40
131,0.432834,54,3.36,181.24,-68.76
129,0.478714,66,6.22,410.24,160.24
113,0.676545,80,4.87,389.90,139.90
126,0.508424,66,7.35,485.29,235.29
148,0.498639,71,3.92,278.29,28.29
150,0.452367,50,6.13,306.53,56.53
174,0.465824,74,7.39,546.75,296.75
88,0.361990,28,6.05,169.36,-80.64
153,0.570856,87,4.97,432.72,182.72
139,0.303293,43,6.74,289.87,39.87
109,0.420143,39,5.00,194.87,-55.13
178,0.604676,119,7.24,861.79,611.79
146,0.619508,89,5.58,496.24,246.24
114,0.362770,36,3.26,117.46,-132.54
84,0.561201,48,6.93,332.47,82.47
155,0.661940,98,6.45,632.15,382.15
157,0.558323,82,4.64,380.83,130.83
128,0.597321,80,6.40,512.10,262.10
131,0.526125,79,5.14,406.20,156.20
144,0.549937,82,5.44,446.15,196.15
124,0.402439,54,6.22,335.68,85.68
141,0.672416,90,7.94,714.94,464.94
99,0.420936,44,4.49,197.69,-52.31
120,0.341228,34,7.45,253.20,3.20
167,0.440987,77,4.85,373.28,123.28
112,0.616066,70,7.06,494.01,244.01
124,0.315474,40,5.93,237.25,-12.75
93,0.339406,32,6.26,200.25,-49.75
144,0.635601,100,5.34,533.59,283.59
111,0.454656,53,6.08,322.20,72.20
144,0.363868,50,3.69,184.33,-65.67
101,0.663347,68,7.42,504.60,254.60
140,0.452262,60,3.84,230.30,-19.70
81,0.369594,28,4.19,117.19,-132.81
160,0.375330,55,5.91,324.99,74.99
101,0.460044,49,7.05,345.60,95.60
167,0.430603,81,4.81,389.55,139.55
114,0.656518,85,5.32,452.15,202.15
134,0.617392,81,3.05,247.30,-2.70
86,0.489768,47,4.26,200.34,-49.66
125,0.386223,57,4.23,240.87,-9.13
84,0.362115,31,5.96,184.81,-65.19
136,0.616460,80,5.32,425.54,175.54
162,0.633906,111,4.91,545.34,295.34
110,0.627138,70,4.38,306.94,56.94
155,0.557427,74,4.42,327.44,77.44
153,0.535557,80,5.68,454.70,204.70
121,0.547264,72,5.57,400.77,150.77
165,0.431078,78,6.88,536.93,286.93
96,0.629181,62,7.39,458.35,208.35
179,0.597248,119,7.58,902.56,652.56
111,0.492698,50,7.15,357.32,107.32
143,0.660246,105,3.29,345.06,95.06
156,0.416989,66,6.30,415.60,165.60
154,0.449711,68,3.36,228.16,-21.84
110,0.319880,28,4.45,124.71,-125.29
129,0.498243,74,4.99,369.20,119.20
120,0.564783,61,4.91,299.34,49.34
175,0.433669,65,4.09,265.90,15.90
141,0.649149,99,7.83,775.22,525.22
139,0.478723,72,4.71,338.78,88.78
88,0.439730,44,7.80,343.17,93.17
169,0.617521,109,6.47,705.12,455.12
178,0.444965,81,6.43,520.70,270.70
157,0.647776,105,4.37,458.95,208.95
124,0.442507,47,3.06,143.72,-106.28
161,0.581929,90,6.89,620.29,370.29
104,0.680911,71,4.90,347.79,97.79
148,0.463000,76,6.71,510.08,260.08
141,0.403777,59,5.40,318.63,68.63
149,0.412153,60,5.62,337.35,87.35
140,0.652549,97,4.25,412.41,162.41
87,0.662780,53,3.82,202.27,-47.73
127,0.492715,56,6.82,381.64,131.64
109,0.576134,63,5.26,331.34,81.34
121,0.570614,72,6.13,441.54,191.54
175,0.553995,114,7.48,852.90,602.90
107,0.544763,56,7.16,401.15,151.15
144,0.539588,70,6.87,481.00,231.00
143,0.692481,103,3.17,326.06,76.06
164,0.634809,102,6.80,694.03,444.03
80,0.691504,57,6.29,358.68,108.68
159,0.506077,86,4.39,377.71,127.71
165,0.485660,101,3.15,318.30,68.30
108,0.450291,53,4.10,217.15,-32.85
149,0.417437,62,3.70,229.19,-20.81
121,0.486561,54,5.06,273.34,23.34
147,0.575363,90,4.95,445.87,195.87
165,0.329721,50,6.98,348.99,98.99
119,0.567937,71,5.63,399.79,149.79
104,0.334433,42,3.24,136.16,-113.84
108,0.587886,69,7.12,491.01,241.01
145,0.431153,62,5.77,357.86,107.86
121,0.348193,34,7.89,268.11,18.11
141,0.329446,52,7.60,395.15,145.15
143,0.690302,99,3.04,300.59,50.59
180,0.406847,74,3.85,284.92,34.92
85,0.604063,63,7.78,490.02,240.02
120,0.418840,43,6.29,270.27,20.27
160,0.595151,91,4.16,378.95,128.95
135,0.405193,48,6.08,291.77,41.77
101,0.339649,41,7.58,310.89,60.89
118,0.408256,49,5.70,279.46,29.46
129,0.416599,55,6.37,350.23,100.23
178,0.506462,89,3.73,331.53,81.53
120,0.484369,63,7.62,479.80,229.80
83,0.605189,41,5.76,236.15,-13.85
107,0.563450,57,7.82,445.74,195.74
139,0.366340,49,4.08,199.87,-50.13
151,0.451671,59,4.45,262.81,12.81
174,0.556290,96,6.36,610.30,360.30
82,0.475648,44,4.17,183.31,-66.69
125,0.513799,69,6.41,442.09,192.09
172,0.636215,111,3.22,357.24,107.24
178,0.380133,64,5.70,365.00,115.00
138,0.581938,78,5.83,454.92,204.92
132,0.386481,58,5.33,308.90,58.90
139,0.341417,52,5.56,289.26,39.26
116,0.467525,57,5.30,301.85,51.85
88,0.434149,41,4.81,197.07,-52.93
82,0.320238,28,7.91,221.43,-28.57
94,0.495061,40,5.15,205.95,-44.05
140,0.484674,69,4.93,340.30,90.30
145,0.514035,73,5.26,383.68,133.68
122,0.461661,63,6.99,440.27,190.27
151,0.580277,82,4.56,373.72,123.72
157,0.471986,63,5.54,349.30,99.30
81,0.412211,32,3.28,104.94,-145.06
100,0.671494,63,5.81,366.29,116.29
152,0.684543,102,6.69,682.29,432.29
156,0.519750,75,3.66,274.86,24.86
104,0.361353,50,6.06,303.11,53.11
81,0.594798,51,6.40,326.38,76.38
142,0.310821,37,3.49,129.25,-120.75
125,0.564244,64,5.60,358.26,108.26
90,0.359724,37,6.16,227.77,-22.23
171,0.653814,114,6.28,715.96,465.96
177,0.444489,73,3.17,231.46,-18.54
112,0.648678,75,6.00,450.36,200.36
124,0.677853,84,7.76,651.97,401.97
144,0.331327,57,3.83,218.20,-31.80
99,0.645509,65,6.80,441.91,191.91
104,0.470432,53,3.59,190.14,-59.86
99,0.396825,38,7.94,301.90,51.90
164,0.338715,61,3.22,196.39,-53.61
135,0.641612,86,7.79,670.19,420.19
145,0.652591,89,5.06,449.93,199.93
143,0.593172,95,3.68,349.54,99.54
135,0.459990,62,6.72,416.39,166.39
124,0.560734,65,4.46,290.10,40.10
151,0.544074,84,6.96,584.90,334.90
122,0.438758,55,6.32,347.58,97.58
141,0.615848,82,3.21,262.97,12.97
175,0.606499,111,4.28,475.62,225.62
150,0.333932,53,7.75,410.89,160.89
81,0.421681,34,6.27,213.01,-36.99
179,0.518339,93,6.21,577.13,327.13
153,0.542285,91,5.26,478.57,228.57
116,0.488578,59,5.54,326.80,76.80
152,0.541843,88,7.88,693.38,443.38
178,0.587582,99,5.22,516.87,266.87
89,0.322076,33,4.48,147.97,-102.03
171,0.310973,57,5.59,318.59,68.59
98,0.438687,44,4.95,217.59,-32.41
106,0.485736,52,5.33,277.27,27.27
179,0.310056,47,5.09,239.16,-10.84
104,0.419967,42,5.93,249.05,-0.95
81,0.352903,28,5.32,148.83,-101.17
175,0.579610,103,7.74,796.91,546.91
163,0.643618,110,3.26,358.08,108.08
89,0.646549,56,6.34,354.87,104.87
172,0.552649,95,5.46,518.86,268.86
103,0.311078,34,5.28,179.44,-70.56
100,0.494213,59,6.84,403.51,153.51
114,0.594533,64,4.32,276.60,26.60
165,0.645102,106,4.51,477.87,227.87
119,0.395197,39,6.93,270.25,20.25
170,0.625605,114,5.81,662.85,412.85
156,0.402994,69,3.75,258.90,8.90
136,0.457707,71,6.32,448.88,198.88
104,0.484674,49,6.36,311.82,61.82
164,0.322152,64,5.81,372.01,122.01
146,0.492257,66,6.56,432.87,182.87
146,0.529005,79,4.57,360.69,110.69
151,0.501530,84,4.68,393.27,143.27
82,0.446652,36,7.10,255.77,5.77
153,0.687533,109,6.19,674.48,424.48
95,0.527708,49,3.99,195.55,-54.45
86,0.524049,45,3.23,145.21,-104.79
163,0.484001,89,7.79,693.75,443.75
86,0.603552,59,5.85,345.28,95.28
157,0.664317,101,4.96,500.84,250.84
111,0.483826,54,7.27,392.77,142.77
91,0.325025,27,4.21,113.69,-136.31
135,0.331378,57,6.00,341.90,91.90
165,0.655215,113,6.03,681.44,431.44
118,0.330611,30,3.21,96.33,-153.67
101,0.371323,31,5.55,172.05,-77.95
139,0.490903,64,6.79,434.51,184.51
175,0.684261,136,6.34,862.35,612.35
87,0.510435,44,4.24,186.40,-63.60
133,0.505509,69,6.57,453.22,203.22
98,0.400181,32,7.84,250.73,0.73
139,0.422201,58,7.13,413.63,163.63
96,0.689510,62,6.74,418.02,168.02
167,0.492136,75,3.68,276.19,26.19
163,0.529555,71,4.14,293.98,43.98
159,0.322313,49,6.79,332.57,82.57
113,0.418286,42,7.10,298.16,48.16
174,0.471950,80,6.45,515.62,265.62
148,0.479076,73,3.17,231.34,-18.66
176,0.464459,82,4.11,337.40,87.40
127,0.630544,84,4.65,390.32,140.32
116,0.357186,34,7.04,239.29,-10.71
160,0.535568,76,5.93,450.93,200.93
132,0.522888,59,7.36,434.23,184.23
145,0.694407,103,5.94,611.80,361.80
80,0.497032,35,6.72,235.09,-14.91
150,0.638109,100,5.02,502.11,252.11
140,0.447678,65,3.79,246.65,-3.35
116,0.450648,52,6.70,348.28,98.28
96,0.625217,61,3.29,200.87,-49.13
86,0.595194,49,6.59,322.77,72.77
93,0.561158,43,7.33,315.21,65.21
117,0.590206,77,5.33,410.45,160.45
142,0.562996,75,7.06,529.18,279.18
124,0.492413,65,6.03,391.82,141.82
108,0.305203,30,3.19,95.61,-154.39
132,0.504534,66,3.59,236.78,-13.22
179,0.603739,112,6.76,757.52,507.52
110,0.326676,40,7.57,302.94,52.94
173,0.601911,93,4.81,447.48,197.48
164,0.401809,56,6.27,351.10,101.10
110,0.336881,27,5.91,159.70,-90.30
119,0.382748,53,4.76,252.30,2.30
153,0.403957,73,4.80,350.06,100.06
127,0.331028,34,6.03,205.13,-44.87
94,0.374712,42,6.33,265.68,15.68
176,0.324789,49,6.15,301.13,51.13
117,0.656786,81,5.20,420.84,170.84
108,0.400159,47,6.50,305.41,55.41
91,0.414162,40,6.62,264.61,14.61
174,0.365431,49,4.18,205.05,-44.95
122,0.578633,77,4.86,374.08,124.08
104,0.429182,49,4.24,207.82,-42.18
172,0.567827,77,6.11,470.47,220.47
155,0.581251,83,6.28,521.20,271.20
166,0.451712,82,6.74,552.57,302.57
152,0.331554,57,5.22,297.40,47.40
138,0.488792,57,6.21,353.83,103.83
144,0.536477,76,4.07,309.57,59.57
97,0.587526,64,3.24,207.28,-42.72
89,0.676957,56,5.47,306.25,56.25
166,0.670781,119,3.50,416.02,166.02
169,0.465040,77,3.80,292.76,42.76
85,0.457117,36,4.84,174.33,-75.67
82,0.421057,35,5.17,181.02,-68.98
117,0.417291,48,5.28,253.51,3.51
136,0.579706,75,3.43,257.49,7.49
168,0.598764,101,4.00,403.87,153.87
137,0.346427,57,5.45,310.91,60.91
171,0.443559,77,6.67,513.73,263.73
164,0.623028,90,6.62,595.47,345.47
167,0.578571,92,4.98,457.83,207.83
84,0.370735,32,4.18,133.74,-116.26
128,0.502895,68,7.72,525.14,275.14
145,0.633400,90,4.36,392.75,142.75
180,0.611348,110,5.94,653.90,403.90
159,0.541945,86,7.60,653.97,403.97
141,0.473753,62,7.38,457.53,207.53
91,0.631981,52,6.44,334.66,84.66
134,0.340340,44,7.53,331.36,81.36
155,0.698099,102,4.30,438.71,188.71
121,0.615768,63,5.68,358.07,108.07
146,0.551987,87,3.77,328.29,78.29
130,0.382413,46,6.75,310.57,60.57
129,0.335811,43,5.15,221.32,-28.68
149,0.347792,44,5.24,230.66,-19.34
104,0.694191,67,5.73,384.18,134.18
139,0.456511,56,5.04,282.48,32.48
162,0.321589,60,6.99,419.50,169.50
146,0.690228,105,7.07,741.97,491.97
178,0.326888,70,6.78,474.27,224.27
169,0.655927,105,6.85,719.07,469.07
158,0.491822,81,7.82,633.36,383.36
87,0.596397,54,6.61,357.21,107.21
101,0.658036,68,5.15,350.39,100.39
173,0.585606,99,3.76,371.91,121.91
130,0.620875,82,5.92,485.24,235.24
157,0.609201,104,4.36,453.22,203.22
148,0.554334,79,4.30,339.45,89.45
86,0.405440,38,7.59,288.23,38.23
88,0.493411,49,4.48,219.55,-30.45
103,0.516662,57,6.42,365.90,115.90
82,0.556736,45,7.34,330.31,80.31
160,0.455013,74,3.10,229.50,-20.50
124,0.490133,59,7.29,430.07,180.07
173,0.457282,73,3.57,260.43,10.43
168,0.582594,99,3.64,360.11,110.11
110,0.567250,60,5.31,318.75,68.75
80,0.672664,55,5.92,325.35,75.35
140,0.393928,62,3.74,232.12,-17.88
162,0.690863,118,5.20,614.03,364.03
142,0.526299,63,4.14,260.88,10.88
98,0.413777,40,4.71,188.23,-61.77
121,0.593887,79,3.48,274.86,24.86
113,0.408389,43,6.69,287.48,37.48
157,0.545648,87,7.23,628.65,378.65
85,0.591328,44,6.82,300.13,50.13
138,0.600649,87,4.66,405.56,155.56
154,0.461712,74,5.66,419.13,169.13
122,0.622551,65,5.78,375.66,125.66
82,0.421751,31,5.62,174.09,-75.91
156,0.343085,64,4.68,299.51,49.51
113,0.385673,35,6.38,223.24,-26.76
84,0.519698,41,7.77,318.55,68.55
82,0.527062,50,4.30,215.12,-34.88
145,0.344447,39,3.02,117.96,-132.04
137,0.320648,41,4.83,198.23,-51.77
175,0.680809,119,5.86,697.15,447.15
171,0.639922,102,4.36,444.44,194.44
153,0.306497,49,3.82,186.94,-63.06
82,0.522447,36,3.27,117.82,-132.18
168,0.598444,102,7.22,736.26,486.26
91,0.604281,46,3.09,142.13,-107.87
177,0.677926,122,4.16,507.19,257.19
175,0.600599,104,5.23,543.75,293.75
134,0.367039,53,6.72,356.35,106.35
139,0.360728,59,6.06,357.28,107.28
126,0.542085,65,3.55,230.81,-19.19
174,0.643375,115,6.38,733.46,483.46
144,0.454511,71,4.58,325.08,75.08
93,0.441111,47,3.26,153.33,-96.67
126,0.572809,69,7.95,548.84,298.84
137,0.651661,90,3.03,272.66,22.66
84,0.323708,28,5.93,166.11,-83.89
146,0.677325,91,4.12,374.98,124.98
117,0.331961,45,3.08,138.67,-111.33
115,0.477055,56,5.14,287.98,37.98
122,0.400823,46,6.86,315.47,65.47
147,0.529891,79,4.76,375.84,125.84
114,0.460490,63,5.79,364.88,114.88
115,0.504980,63,7.64,481.44,231.44
114,0.527896,63,5.08,320.18,70.18
109,0.383650,42,7.90,331.77,81.77
166,0.473613,90,6.89,620.28,370.28
159,0.657669,106,3.63,385.00,135.00
134,0.617862,86,5.04,433.71,183.71
116,0.476242,59,7.36,434.32,184.32
137,0.494033,64,4.04,258.74,8.74
91,0.343383,34,6.66,226.34,-23.66
124,0.686971,84,5.39,452.66,202.66
161,0.688286,103,6.36,654.64,404.64
156,0.413427,69,7.78,537.09,287.09
128,0.504848,60,5.49,329.66,79.66
123,0.421582,48,5.06,242.75,-7.25
119,0.413841,46,3.78,173.81,-76.19
155,0.363934,61,3.67,224.00,-26.00
171,0.506435,87,4.97,432.43,182.43
164,0.379726,66,7.11,469.24,219.24
103,0.388523,35,7.41,259.24,9.24
166,0.416296,75,5.91,442.96,192.96
109,0.326383,39,3.78,147.38,-102.62
129,0.567416,74,6.70,495.60,245.60
142,0.541242,74,5.82,430.84,180.84
90,0.432276,45,4.63,208.34,-41.66
99,0.348695,41,3.21,131.55,-118.45
107,0.394060,50,5.56,277.79,27.79
82,0.370795,22,5.16,113.59,-136.41
146,0.394147,65,3.38,219.39,-30.61
121,0.640237,79,5.32,420.38,170.38
111,0.406295,38,5.34,202.97,-47.03
116,0.358439,35,7.04,246.24,-3.76
86,0.557844,47,4.35,204.46,-45.54
141,0.624147,90,4.81,432.80,182.80
115,0.332541,32,4.80,153.69,-96.31
172,0.563724,85,5.98,508.62,258.62
149,0.373212,60,7.02,421.17,171.17
130,0.684939,82,3.36,275.72,25.72
178,0.519683,96,6.03,578.41,328.41
107,0.599347,54,4.80,259.03,9.03
161,0.367782,50,3.14,157.09,-92.91
95,0.324568,34,3.99,135.80,-114.20
99,0.556075,52,3.57,185.64,-64.36
100,0.529705,52,5.27,274.08,24.08
164,0.680328,115,6.38,733.67,483.67
119,0.483153,56,4.10,229.79,-20.21
141,0.523069,68,5.37,365.05,115.05
87,0.389415,32,3.46,110.76,-139.24
121,0.665419,73,5.79,423.03,173.03
144,0.424767,61,6.76,412.60,162.60
114,0.647804,87,6.28,545.99,295.99
101,0.362203,41,7.32,300.08,50.08
147,0.369352,56,6.95,389.41,139.41
141,0.657605,92,7.21,663.04,413.04
149,0.528551,82,4.41,361.64,111.64
132,0.579666,74,7.85,580.75,330.75
121,0.300849,33,5.91,194.92,-55.08
80,0.663127,46,5.40,248.45,-1.55
119,0.432496,45,3.05,137.47,-112.53
159,0.654674,98,5.52,541.30,291.30
80,0.550981,45,5.57,250.60,0.60
117,0.347502,31,3.66,113.48,-136.52
176,0.461615,85,5.45,463.30,213.30
161,0.318182,56,4.29,240.17,-9.83
149,0.382358,65,7.75,503.89,253.89
86,0.441096,40,3.70,148.15,-101.85
87,0.656603,57,5.19,295.58,45.58
176,0.601743,110,3.40,373.87,123.87
120,0.541493,64,7.04,450.38,200.38
120,0.695513,80,7.65,611.86,361.86
113,0.571721,69,7.51,518.28,268.28
175,0.696593,123,6.04,742.52,492.52
82,0.636633,52,3.92,203.98,-46.02
163,0.354780,62,5.62,348.74,98.74
170,0.359282,60,5.71,342.33,92.33
124,0.309847,39,4.70,183.39,-66.61
107,0.443911,40,7.51,300.48,50.48
167,0.593386,102,5.00,509.86,259.86
143,0.500990,78,7.61,593.64,343.64
175,0.399394,70,3.35,234.72,-15.28
132,0.483235,72,6.06,436.54,186.54
127,0.601563,83,5.14,426.61,176.61
121,0.320959,43,6.63,285.08,35.08
134,0.692000,94,6.42,603.41,353.41
154,0.322801,49,6.26,306.79,56.79
140,0.351501,49,6.44,315.73,65.73
120,0.534839,67,3.74,250.67,0.67
130,0.522906,68,6.32,429.77,179.77
141,0.320299,44,3.64,160.17,-89.83
130,0.443114,51,6.45,328.99,78.99
116,0.575100,76,4.98,378.11,128.11
156,0.430360,68,3.85,261.58,11.58
133,0.387737,50,6.79,339.28,89.28
169,0.360386,54,4.34,234.10,-15.90
107,0.307031,38,4.55,173.00,-77.00
123,0.351248,36,5.63,202.82,-47.18
154,0.410773,78,3.93,306.66,56.66
136,0.473653,55,5.20,285.78,35.78
97,0.675672,70,7.21,504.61,254.61
164,0.361519,55,6.65,365.92,115.92
83,0.386512,24,5.81,139.38,-110.62
130,0.538555,67,5.61,376.12,126.12
81,0.591357,45,5.04,226.85,-23.15
163,0.390738,72,6.38,459.27,209.27
163,0.414396,59,4.10,241.78,-8.22
125,0.359130,41,4.78,196.14,-53.86
99,0.561793,57,7.45,424.69,174.69
176,0.691154,131,4.60,603.06,353.06
108,0.454844,50,3.79,189.47,-60.53
96,0.326583,31,6.10,189.03,-60.97
99,0.332408,35,5.66,198.02,-51.98
134,0.335544,42,5.25,220.57,-29.43
170,0.432576,68,6.58,447.49,197.49
152,0.556765,83,6.23,516.80,266.80
174,0.405423,62,7.48,463.84,213.84
157,0.360527,52,3.20,166.36,-83.64
170,0.455750,79,5.05,398.66,148.66
84,0.642558,51,7.83,399.16,149.16
84,0.531846,49,6.06,296.89,46.89
167,0.636932,116,4.41,511.92,261.92
159,0.591974,101,7.99,806.63,556.63
87,0.638084,62,5.00,310.05,60.05
164,0.372966,69,3.53,243.63,-6.37
152,0.508085,91,7.14,650.02,400.02
138,0.687023,89,5.55,494.28,244.28
154,0.425174,77,4.23,325.72,75.72
98,0.491811,52,6.42,333.81,83.81
101,0.323178,33,3.38,111.66,-138.34
126,0.356584,42,5.54,232.73,-17.27
138,0.413001,46,7.34,337.72,87.72
139,0.339940,53,3.86,204.83,-45.17
159,0.306362,40,6.64,265.70,15.70
133,0.647783,86,3.90,335.68,85.68
94,0.693883,65,5.27,342.35,92.35
88,0.443429,35,5.71,199.97,-50.03
174,0.534675,84,3.32,278.66,28.66
153,0.483388,71,6.85,486.66,236.66
156,0.493695,87,3.90,339.01,89.01
171,0.424110,69,7.18,495.57,245.57
80,0.371898,31,3.50,108.43,-141.57
112,0.503887,52,4.80,249.38,-0.62
128,0.354227,44,5.32,234.11,-15.89
123,0.697590,77,5.27,405.59,155.59
143,0.370020,56,4.57,255.68,5.68
144,0.651209,82,5.89,483.32,233.32
103,0.653855,68,4.28,291.24,41.24
119,0.665301,81,4.21,341.20,91.20
89,0.414453,40,4.27,170.76,-79.24
174,0.517823,104,5.33,554.79,304.79
110,0.301684,32,4.94,158.10,-91.90
112,0.568059,60,6.17,369.91,119.91
92,0.615428,63,5.48,345.37,95.37
102,0.330012,32,6.51,208.44,-41.56
146,0.396772,69,4.72,325.99,75.99
81,0.439702,36,4.44,159.94,-90.06
89,0.321707,22,7.82,172.08,-77.92
139,0.511010,67,7.27,487.38,237.38
140,0.429925,60,5.14,308.35,58.35
160,0.484670,68,7.10,482.59,232.59
154,0.523864,80,3.14,250.98,0.98
103,0.644794,70,5.52,386.09,136.09
110,0.457681,45,6.66,299.86,49.86
154,0.437803,71,7.06,501.29,251.29
115,0.541871,67,4.09,274.10,24.10
140,0.559621,81,6.46,523.40,273.40
112,0.425056,57,6.67,379.92,129.92
178,0.657561,127,5.38,683.67,433.67
104,0.521111,63,4.32,272.27,22.27
90,0.562869,48,6.66,319.71,69.71
82,0.614262,52,5.33,277.38,27.38
103,0.563895,44,3.58,157.39,-92.61
112,0.359170,43,6.31,271.15,21.15
124,0.512022,61,4.34,264.73,14.73
83,0.455698,45,4.20,189.17,-60.83
118,0.611065,77,5.55,427.32,177.32
86,0.523986,49,4.75,232.96,-17.04
95,0.602912,57,7.74,441.12,191.12
144,0.638974,96,6.30,605.07,355.07
111,0.345407,30,4.50,135.08,-114.92
91,0.394270,39,3.86,150.49,-99.51
173,0.474277,86,7.73,664.53,414.53
108,0.325927,36,4.57,164.68,-85.32
90,0.436631,35,5.19,181.63,-68.37
88,0.524255,45,7.25,326.15,76.15
161,0.654479,107,6.10,652.78,402.78
173,0.406707,75,7.39,554.54,304.54
138,0.301933,39,7.65,298.28,48.28
123,0.562609,66,5.51,363.87,113.87
164,0.590932,101,4.84,488.54,238.54
154,0.495407,81,4.52,366.01,116.01
96,0.624522,56,6.84,383.21,133.21
172,0.410442,64,5.80,371.28,121.28
110,0.570885,69,4.30,296.60,46.60
86,0.343084,21,4.47,93.83,-156.17
94,0.354652,33,6.05,199.56,-50.44
115,0.667536,72,4.49,323.61,73.61
98,0.589128,57,7.58,431.95,181.95
146,0.454624,68,4.57,310.97,60.97
127,0.584673,72,7.56,544.24,294.24
176,0.378241,71,4.53,321.47,71.47
143,0.598177,80,7.85,628.07,378.07
85,0.499375,36,6.77,243.71,-6.29
115,0.622583,79,5.42,428.49,178.49
135,0.628384,88,5.19,456.85,206.85
168,0.687476,125,5.80,725.12,475.12
167,0.547972,97,3.57,346.23,96.23
91,0.433182,46,7.80,358.92,108.92
151,0.494057,70,4.03,282.37,32.37
86,0.413287,30,5.37,161.01,-88.99
118,0.540458,73,7.71,562.63,312.63
170,0.651827,123,3.59,441.04,191.04
117,0.570976,73,7.84,572.02,322.02
148,0.302305,40,5.09,203.62,-46.38
104,0.423248,44,5.44,239.34,-10.66
116,0.386835,52,7.08,368.25,118.25
135,0.406209,54,5.10,275.34,25.34
127,0.612644,75,3.64,272.64,22.64
160,0.421142,70,3.13,218.87,-31.13
162,0.692752,114,5.54,631.14,381.14
155,0.613143,95,6.79,645.45,395.45
130,0.419268,50,4.50,225.13,-24.87
132,0.679708,82,7.03,576.79,326.79
86,0.457310,40,5.58,223.20,-26.80
137,0.590042,78,4.10,319.96,69.96
145,0.389526,58,7.57,439.11,189.11
154,0.447784,63,7.70,485.22,235.22
139,0.638698,98,3.51,344.41,94.41
83,0.659384,62,3.75,232.54,-17.46
88,0.302111,22,4.18,91.97,-158.03
87,0.413527,35,5.44,190.57,-59.43
83,0.544763,44,4.30,189.28,-60.72
159,0.320318,45,4.14,186.23,-63.77
107,0.332821,38,5.50,208.89,-41.11
116,0.490776,52,6.64,345.25,95.25
129,0.404287,54,6.24,337.04,87.04
169,0.639276,109,3.87,421.86,171.86
137,0.629765,86,4.30,370.14,120.14
121,0.654930,78,6.75,526.58,276.58
92,0.688303,65,3.77,244.84,-5.16
91,0.504371,49,7.81,382.89,132.89
164,0.479706,85,5.57,473.46,223.46
120,0.488424,63,7.82,492.89,242.89
90,0.371895,41,7.99,327.69,77.69
157,0.658303,106,6.37,675.35,425.35
96,0.671167,64,6.21,397.63,147.63
173,0.602507,107,4.06,434.26,184.26
164,0.594062,92,7.31,672.12,422.12
118,0.338134,57,7.15,407.32,157.32
109,0.404009,43,7.83,336.61,86.61
148,0.560662,86,6.70,576.00,326.00
103,0.619524,70,5.70,398.96,148.96
173,0.330381,51,4.11,209.78,-40.22
174,0.380895,61,3.94,240.20,-9.80
152,0.473053,71,3.59,254.57,4.57
92,0.562587,38,6.82,259.31,9.31
163,0.626976,103,6.91,711.51,461.51
157,0.342235,54,5.07,273.90,23.90
90,0.586534,50,3.93,196.47,-53.53
159,0.395602,64,3.14,201.08,-48.92
169,0.465842,82,7.35,602.55,352.55
143,0.604215,73,6.66,485.98,235.98
179,0.461368,91,6.99,636.10,386.10
170,0.457207,87,3.06,266.34,16.34
105,0.507358,52,6.31,328.01,78.01
172,0.400187,71,5.67,402.75,152.75
159,0.399220,64,6.82,436.44,186.44
164,0.553904,93,7.68,714.48,464.48
178,0.545580,90,4.27,384.04,134.04
84,0.344564,28,3.08,86.29,-163.71
136,0.372039,59,5.12,302.27,52.27
142,0.332571,39,3.02,117.86,-132.14
162,0.635916,101,6.65,671.81,421.81
161,0.509584,83,5.91,490.17,240.17
166,0.303729,55,4.28,235.50,-14.50
94,0.551623,45,5.16,232.06,-17.94
87,0.371797,28,3.95,110.49,-139.51
144,0.603673,92,5.15,473.61,223.61
120,0.675708,80,4.49,359.07,109.07
102,0.450805,50,4.81,240.37,-9.63
90,0.530303,44,3.49,153.41,-96.59
166,0.478344,76,7.96,604.90,354.90
94,0.376996,45,7.14,321.28,71.28
164,0.698859,119,7.47,888.60,638.60
138,0.473774,66,8.00,527.82,277.82
138,0.422362,57,4.51,257.18,7.18
125,0.532407,67,3.75,250.95,0.95
80,0.608420,48,7.15,343.27,93.27
155,0.549719,97,6.59,639.23,389.23
96,0.552999,55,4.17,229.59,-20.41
95,0.368297,37,5.36,198.37,-51.63
151,0.530112,76,6.38,484.88,234.88
174,0.691557,124,4.69,581.97,331.97
153,0.306403,45,4.15,186.84,-63.16
150,0.336591,45,6.22,279.79,29.79
132,0.547445,70,6.08,425.78,175.78
111,0.653858,60,6.27,376.41,126.41
116,0.698405,81,4.16,337.21,87.21
106,0.693948,74,3.83,283.45,33.45
160,0.649753,97,3.83,371.63,121.63
159,0.420357,66,3.40,224.38,-25.62
165,0.318077,54,6.38,344.67,94.67
159,0.611237,91,7.82,711.88,461.88
101,0.417607,51,3.53,179.97,-70.03
93,0.506944,41,3.23,132.23,-117.77
175,0.632084,108,4.05,437.24,187.24
173,0.437125,65,3.24,210.47,-39.53
103,0.431424,55,3.37,185.31,-64.69
113,0.431402,42,3.05,128.21,-121.79
88,0.582073,48,5.14,246.81,-3.19
91,0.543862,52,3.70,192.58,-57.42
82,0.673041,53,6.79,359.80,109.80
161,0.386093,65,7.58,492.58,242.58
113,0.399048,44,3.77,165.93,-84.07
114,0.394801,44,3.74,164.39,-85.61
135,0.676932,92,4.44,408.65,158.65
122,0.339402,36,3.60,129.56,-120.44
91,0.521939,49,3.52,172.45,-77.55
125,0.388310,43,7.96,342.36,92.36
117,0.489150,61,7.34,447.61,197.61
173,0.357435,54,3.13,168.99,-81.01
118,0.398624,53,7.81,414.08,164.08
146,0.633417,86,3.59,309.13,59.13
151,0.409569,71,6.62,469.71,219.71
145,0.630082,88,6.61,581.92,331.92
88,0.500450,37,6.06,224.14,-25.86
165,0.485408,82,6.63,543.89,293.89
86,0.514386,39,4.50,175.40,-74.60
144,0.471193,67,3.46,231.62,-18.38
133,0.642588,91,7.25,659.69,409.69
85,0.317024,27,7.69,207.54,-42.46
162,0.422840,75,6.01,451.09,201.09
107,0.350120,40,6.21,248.55,-1.45
101,0.301777,33,5.06,167.09,-82.91
109,0.608481,66,6.82,450.03,200.03
137,0.386719,56,4.05,226.93,-23.07
142,0.607290,87,4.81,418.82,168.82
126,0.409555,49,4.50,220.26,-29.74
112,0.349366,36,6.15,221.29,-28.71
134,0.689901,94,4.36,409.94,159.94
129,0.651310,72,6.23,448.39,198.39
100,0.406820,34,4.96,168.54,-81.46
165,0.332400,42,7.56,317.69,67.69
120,0.429929,50,4.36,217.88,-32.12
124,0.447049,55,6.75,371.20,121.20
160,0.681851,122,4.11,501.10,251.10
111,0.418435,49,6.27,307.10,57.10
99,0.688459,69,3.39,233.71,-16.29
115,0.574096,62,7.59,470.78,220.78
85,0.342262,28,6.57,184.03,-65.97
114,0.368078,43,5.06,217.74,-32.26
143,0.598320,78,3.60,280.86,30.86
123,0.317165,31,3.07,95.28,-154.72
141,0.434894,51,4.18,213.29,-36.71
163,0.388512,64,7.79,498.84,248.84
149,0.656379,92,4.89,450.12,200.12
130,0.645552,83,6.39,530.15,280.15
103,0.661606,62,3.19,198.07,-51.93
126,0.385634,46,6.41,295.06,45.06
172,0.304156,44,4.92,216.40,-33.60
83,0.429123,39,4.26,166.24,-83.76
175,0.371559,56,5.97,334.44,84.44
122,0.478040,51,3.52,179.33,-70.67
115,0.657071,79,5.35,422.26,172.26
131,0.327789,37,7.17,265.36,15.36
99,0.304907,24,4.11,98.72,-151.28
103,0.311234,33,4.29,141.70,-108.30
132,0.308554,35,7.74,270.73,20.73
120,0.450137,52,5.98,310.83,60.83
81,0.585260,43,7.81,335.68,85.68
92,0.518001,49,4.48,219.75,-30.25
170,0.387790,71,6.20,440.11,190.11
104,0.310658,34,5.14,174.88,-75.12
132,0.685335,91,4.15,377.78,127.78
142,0.627121,97,7.08,686.71,436.71
147,0.342421,54,7.64,412.42,162.42
136,0.593082,79,3.49,275.95,25.95
103,0.464995,39,7.21,281.14,31.14
119,0.376334,42,7.20,302.20,52.20
84,0.546334,42,7.26,305.07,55.07
112,0.421338,44,3.23,141.98,-108.02
161,0.667521,111,5.29,587.02,337.02
169,0.637692,111,6.32,701.72,451.72
171,0.527499,100,6.00,600.19,350.19
163,0.328305,57,5.47,311.59,61.59
97,0.469300,38,5.66,215.10,-34.90
126,0.426776,55,4.67,257.12,7.12
157,0.330328,53,7.74,410.15,160.15
170,0.376293,58,3.80,220.59,-29.41
104,0.634404,67,3.65,244.76,-5.24
158,0.677804,101,5.85,591.20,341.20
98,0.455201,45,7.60,342.15,92.15
158,0.445352,77,6.26,481.93,231.93
122,0.347707,47,4.20,197.26,-52.74
144,0.575848,80,5.87,469.56,219.56
110,0.444485,64,3.08,197.15,-52.85
139,0.416981,69,7.06,487.10,237.10
154,0.607428,94,4.39,412.35,162.35
136,0.473964,61,4.49,273.60,23.60
118,0.350043,41,7.90,323.87,73.87
149,0.411271,58,4.36,253.08,3.08
119,0.538957,67,4.18,279.81,29.81
125,0.541224,75,3.77,282.80,32.80
174,0.539203,102,6.88,701.83,451.83
158,0.631659,94,4.49,422.33,172.33
175,0.614612,108,6.82,736.07,486.07
137,0.365609,59,7.66,451.65,201.65
116,0.508287,55,3.15,173.30,-76.70
166,0.414982,69,5.81,401.20,151.20
141,0.443681,64,6.04,386.50,136.50
150,0.301329,39,6.53,254.60,4.60
80,0.568027,44,3.99,175.45,-74.55
170,0.524470,83,7.63,633.38,383.38
114,0.583172,54,3.41,184.23,-65.77
145,0.462489,65,6.91,448.85,198.85
149,0.538281,75,4.09,306.75,56.75
180,0.557641,86,7.51,645.74,395.74
135,0.593612,83,5.93,492.27,242.27
98,0.363074,27,3.76,101.39,-148.61
158,0.562465,91,3.55,323.29,73.29
131,0.393508,48,4.94,237.11,-12.89
118,0.318237,43,4.92,211.35,-38.65
86,0.656222,64,3.01,192.87,-57.13
112,0.649076,75,7.54,565.38,315.38
133,0.460460,57,6.97,397.46,147.46
167,0.561656,92,5.52,507.41,257.41
128,0.522986,67,6.33,424.39,174.39
145,0.663650,96,5.18,496.88,246.88
162,0.516732,86,6.42,552.25,302.25
166,0.366939,55,5.30,291.75,41.75
168,0.401964,65,6.86,445.72,195.72
116,0.506735,61,6.96,424.55,174.55
92,0.377091,39,3.47,135.35,-114.65
164,0.686903,115,6.89,791.89,541.89
146,0.687725,99,4.91,485.60,235.60
110,0.311663,33,5.14,169.77,-80.23
127,0.562777,85,5.01,425.68,175.68
130,0.575607,75,5.73,429.92,179.92
90,0.679085,67,7.83,524.48,274.48
152,0.687654,113,6.62,748.26,498.26
170,0.421013,65,5.83,379.14,129.14
170,0.355687,69,6.79,468.66,218.66
122,0.662487,86,6.77,582.39,332.39
93,0.409779,43,5.32,228.86,-21.14
150,0.452755,68,4.50,306.24,56.24
140,0.619114,85,7.86,668.48,418.48
80,0.374741,27,5.01,135.14,-114.86
180,0.484138,87,6.52,567.24,317.24
155,0.595234,100,4.33,432.57,182.57
124,0.561163,60,7.50,450.24,200.24
158,0.368862,67,3.85,257.62,7.62
174,0.634523,95,4.09,388.13,138.13
174,0.497372,84,5.81,488.17,238.17
106,0.303693,28,3.56,99.60,-150.40
93,0.323404,29,7.70,223.41,-26.59
110,0.310692,36,5.60,201.67,-48.33
163,0.437741,81,5.11,413.79,163.79
135,0.319023,50,3.70,184.93,-65.07
116,0.572038,66,5.70,375.94,125.94
156,0.562412,86,6.74,579.77,329.77
139,0.624266,89,7.01,623.55,373.55
180,0.341932,65,6.62,430.55,180.55
87,0.561076,54,5.10,275.51,25.51
95,0.534179,54,7.00,377.96,127.96
105,0.456650,50,6.33,316.36,66.36
152,0.689105,116,6.94,805.41,555.41
133,0.330449,42,5.21,218.73,-31.27
111,0.503938,56,6.12,342.81,92.81
111,0.622677,74,3.96,292.67,42.67
150,0.515390,71,4.64,329.51,79.51
137,0.574952,71,7.92,562.43,312.43
137,0.514309,70,5.03,352.01,102.01
80,0.398854,28,7.56,211.55,-38.45
179,0.303887,58,6.59,382.33,132.33
114,0.445338,53,4.02,212.85,-37.15
86,0.690349,59,3.64,214.95,-35.05
161,0.543363,89,5.92,526.64,276.64
170,0.484141,77,6.86,528.22,278.22
94,0.343881,29,4.32,125.21,-124.79
171,0.345777,66,7.13,470.62,220.62
178,0.363509,70,6.73,471.17,221.17
124,0.485581,54,4.91,265.19,15.19
160,0.568395,93,6.08,565.31,315.31
139,0.516998,65,4.27,277.71,27.71
178,0.372318,64,3.96,253.69,3.69
92,0.344625,33,5.36,176.80,-73.20
80,0.633831,47,3.04,142.84,-107.16
118,0.384851,40,6.48,259.22,9.22
94,0.461044,43,5.83,250.86,0.86
150,0.695075,108,6.43,694.54,444.54
116,0.635375,76,3.94,299.14,49.14
177,0.494590,89,6.27,558.31,308.31
152,0.370462,59,6.08,358.54,108.54
100,0.675546,66,4.74,313.12,63.12
83,0.573274,56,3.09,173.07,-76.93
157,0.573529,93,7.82,726.85,476.85
92,0.598288,48,6.25,299.89,49.89
180,0.461000,83,7.93,658.03,408.03
127,0.532068,66,4.37,288.75,38.75
84,0.466529,42,3.72,156.22,-93.78
141,0.349999,46,3.89,179.10,-70.90
157,0.667545,108,3.32,359.10,109.10
99,0.633573,62,6.07,376.43,126.43
101,0.597344,63,5.61,353.33,103.33
101,0.670651,71,5.99,424.98,174.98
137,0.484930,66,7.00,461.98,211.98
102,0.349280,34,3.03,102.90,-147.10
149,0.316521,49,6.10,299.01,49.01
164,0.337489,63,5.03,316.62,66.62
141,0.378116,52,3.76,195.48,-54.52
117,0.618733,70,4.21,294.41,44.41
173,0.604572,117,4.20,491.68,241.68
123,0.353639,37,6.73,248.92,-1.08
96,0.406647,35,5.42,189.75,-60.25
177,0.676667,121,6.56,794.31,544.31
172,0.506151,99,5.01,495.87,245.87
123,0.551997,70,7.99,559.51,309.51
153,0.353410,63,4.09,257.61,7.61
131,0.521996,65,7.28,473.50,223.50
147,0.442881,56,7.13,399.30,149.30
128,0.381898,44,7.64,336.34,86.34
123,0.483215,60,6.72,403.03,153.03
143,0.626286,96,4.36,418.96,168.96
109,0.432923,39,6.94,270.60,20.60
141,0.438150,69,6.86,473.60,223.60
133,0.381620,45,7.12,320.57,70.57
105,0.657406,71,4.18,296.96,46.96
132,0.462779,61,7.15,436.20,186.20
167,0.596426,103,6.44,663.79,413.79
116,0.455212,60,5.15,309.07,59.07
163,0.650413,106,4.35,460.68,210.68
161,0.373348,49,4.49,219.88,-30.12
162,0.511550,85,5.98,508.10,258.10
142,0.306552,48,4.84,232.36,-17.64
117,0.427924,54,5.88,317.26,67.26
87,0.357164,37,5.88,217.48,-32.52
149,0.407934,60,3.15,189.09,-60.91
124,0.515615,70,6.78,474.33,224.33
172,0.643442,101,4.22,426.06,176.06
89,0.598952,49,6.45,316.07,66.07
98,0.305752,34,3.83,130.28,-119.72
95,0.632182,62,5.49,340.16,90.16
140,0.638669,87,4.34,377.79,127.79
106,0.482796,46,3.25,149.58,-100.42
80,0.614229,49,5.45,267.05,17.05
133,0.402432,47,6.94,326.12,76.12
153,0.427379,68,3.73,253.79,3.79
103,0.392715,42,6.95,291.87,41.87
164,0.346435,68,7.15,486.42,236.42
135,0.498134,66,4.64,306.31,56.31
113,0.335789,48,7.89,378.50,128.50
127,0.418756,65,6.33,411.71,161.71
86,0.597958,52,6.08,316.28,66.28
127,0.469690,55,7.92,435.87,185.87
98,0.562463,50,7.20,360.07,110.07
118,0.566417,65,3.10,201.24,-48.76
83,0.355265,28,7.03,196.89,-53.11
99,0.684026,67,3.34,223.84,-26.16
161,0.616501,101,5.21,526.25,276.25
159,0.401084,51,3.23,164.95,-85.05
172,0.379076,60,4.46,267.45,17.45
167,0.655725,115,6.75,776.74,526.74
125,0.398876,41,5.80,237.80,-12.20
109,0.366780,41,4.03,165.33,-84.67
171,0.449904,67,6.61,442.75,192.75
106,0.584288,68,6.26,425.96,175.96
159,0.604965,99,6.22,616.27,366.27
156,0.377206,64,7.59,485.78,235.78
148,0.591365,78,7.32,571.09,321.09
114,0.648018,73,7.64,557.89,307.89
124,0.570194,66,4.57,301.43,51.43
141,0.428098,63,7.15,450.19,200.19
173,0.547186,96,7.57,726.62,476.62
163,0.652431,105,7.86,825.01,575.01
159,0.563839,90,4.72,425.12,175.12
149,0.586348,85,5.34,454.08,204.08
143,0.395193,59,4.97,293.37,43.37
116,0.302202,35,4.94,172.77,-77.23
118,0.347692,33,6.38,210.60,-39.40
111,0.544479,64,5.40,345.43,95.43
111,0.576443,61,3.71,226.15,-23.85
165,0.688801,118,7.95,938.00,688.00
136,0.643338,95,7.35,698.44,448.44
86,0.570751,42,7.27,305.14,55.14
131,0.456211,58,3.33,193.22,-56.78
152,0.660822,102,6.73,686.69,436.69
80,0.479742,40,7.49,299.71,49.71
169,0.325935,51,6.86,349.93,99.93
105,0.670274,70,4.56,318.89,68.89
101,0.462146,47,5.36,251.77,1.77
125,0.560505,75,5.57,417.53,167.53
167,0.423220,72,4.75,342.35,92.35
84,0.389357,34,4.74,161.14,-88.86
177,0.599325,95,5.00,474.90,224.90
162,0.511163,79,4.56,360.52,110.52
153,0.641283,106,3.10,328.65,78.65
176,0.420531,86,4.74,408.04,158.04
92,0.475854,42,6.52,273.95,23.95
141,0.381532,57,4.80,273.61,23.61
142,0.432704,59,5.49,324.03,74.03
176,0.395221,74,4.82,357.03,107.03
110,0.322447,34,5.06,171.97,-78.03
88,0.678950,57,4.09,233.10,-16.90
122,0.557919,63,5.35,336.98,86.98
176,0.576284,106,5.59,592.51,342.51
153,0.606196,82,3.51,287.90,37.90
97,0.367093,31,3.77,116.99,-133.01
87,0.384723,38,3.84,145.76,-104.24
168,0.386647,69,6.82,470.45,220.45
176,0.346541,59,4.04,238.59,-11.41
89,0.654226,56,5.77,323.14,73.14
82,0.381090,34,4.31,146.45,-103.55
107,0.366823,39,6.87,267.78,17.78
171,0.585443,102,3.52,359.12,109.12
179,0.499074,90,6.25,562.24,312.24
133,0.581563,76,3.33,253.09,3.09
166,0.606945,101,7.26,733.45,483.45
98,0.305149,30,6.97,209.14,-40.86
100,0.470175,40,3.02,120.83,-129.17
147,0.691348,91,4.04,367.46,117.46
144,0.567943,81,5.12,414.49,164.49
169,0.501570,89,5.17,459.70,209.70
164,0.400649,70,5.23,366.35,116.35
86,0.568163,40,7.80,311.88,61.88
156,0.681360,107,4.56,488.14,238.14
148,0.605842,89,6.55,582.79,332.79
103,0.472803,43,3.42,147.05,-102.95
141,0.473638,65,7.45,484.03,234.03
168,0.585599,111,5.89,653.41,403.41
97,0.326142,33,6.89,227.39,-22.61
126,0.569884,72,7.01,504.90,254.90
140,0.405909,50,7.02,350.78,100.78
152,0.558206,87,5.26,457.30,207.30
151,0.577166,90,6.05,544.49,294.49
102,0.440815,50,7.87,393.59,143.59
175,0.429124,83,6.19,513.57,263.57
178,0.368327,59,4.63,273.15,23.15
90,0.382767,33,7.03,231.90,-18.10
164,0.582046,92,4.62,425.45,175.45
95,0.418018,40,5.87,234.96,-15.04
129,0.550279,72,4.44,319.94,69.94
127,0.333798,38,6.75,256.69,6.69
160,0.695568,107,7.84,839.13,589.13
131,0.477052,54,4.68,252.73,2.73
156,0.458151,57,3.41,194.26,-55.74
178,0.379518,67,6.91,463.19,213.19
171,0.395018,73,5.98,436.59,186.59
80,0.360568,31,3.24,100.54,-149.46
113,0.501964,51,5.51,281.03,31.03
140,0.616438,91,3.46,314.45,64.45
170,0.695273,118,7.69,907.53,657.53
164,0.332195,52,5.05,262.76,12.76
161,0.483957,74,5.76,426.01,176.01
174,0.691448,131,7.11,930.81,680.81
160,0.301824,39,3.04,118.73,-131.27
146,0.608389,77,3.24,249.43,-0.57
168,0.508223,89,7.85,699.05,449.05
177,0.455077,76,3.25,246.90,-3.10
90,0.395980,39,3.37,131.33,-118.67
93,0.633542,62,4.89,303.41,53.41
172,0.541832,110,5.14,565.31,315.31
81,0.455068,45,7.35,330.59,80.59
119,0.464477,63,3.25,204.98,-45.02
166,0.568108,87,4.18,363.52,113.52
175,0.682406,110,6.95,764.16,514.16
113,0.476902,54,7.24,390.74,140.74
142,0.693731,103,7.28,750.11,500.11
135,0.642617,84,4.74,397.95,147.95
83,0.631914,47,7.77,365.22,115.22
96,0.532420,46,5.77,265.54,15.54
144,0.351430,59,4.49,264.95,14.95
108,0.530610,58,7.37,427.68,177.68
117,0.545981,66,7.93,523.50,273.50
119,0.425807,50,6.19,309.49,59.49
134,0.516054,71,5.76,409.06,159.06
165,0.684994,115,7.79,896.00,646.00
115,0.455281,49,7.73,378.74,128.74
167,0.603987,99,5.06,500.71,250.71
150,0.346101,52,6.95,361.24,111.24
129,0.390026,43,5.93,255.15,5.15
176,0.609960,104,4.61,479.06,229.06
137,0.625982,84,3.11,260.90,10.90
156,0.406534,68,7.00,475.79,225.79
165,0.596126,103,5.72,589.49,339.49
176,0.567729,96,6.16,591.38,341.38
102,0.304054,33,7.62,251.30,1.30
106,0.316684,25,3.21,80.15,-169.85
114,0.362045,41,5.59,229.34,-20.66
155,0.547560,94,3.80,356.98,106.98
172,0.532268,93,5.10,474.14,224.14
119,0.316416,36,6.35,228.62,-21.38
119,0.688220,78,6.56,511.91,261.91
99,0.452017,44,4.67,205.58,-44.42
118,0.585715,67,7.49,501.65,251.65
109,0.625487,73,5.31,387.77,137.77
92,0.376845,41,3.38,138.51,-111.49
107,0.504363,53,4.97,263.28,13.28
160,0.455981,71,3.26,231.44,-18.56
123,0.476376,60,5.15,309.13,59.13
92,0.657930,56,4.37,244.69,-5.31
128,0.618576,70,3.47,242.90,-7.10
163,0.395539,65,6.77,439.78,189.78
156,0.301343,51,6.19,315.84,65.84
115,0.539647,57,6.82,388.67,138.67
137,0.473920,63,6.19,389.81,139.81
127,0.324708,30,4.22,126.64,-123.36
83,0.346878,28,7.77,217.64,-32.36
180,0.368454,60,7.00,420.29,170.29
178,0.529273,83,5.51,457.39,207.39
110,0.306541,44,5.56,244.50,-5.50
103,0.365575,44,4.98,219.32,-30.68
107,0.307853,32,5.47,175.17,-74.83
130,0.586741,74,7.12,526.79,276.79
87,0.589625,58,5.01,290.32,40.32
101,0.653189,72,5.88,423.55,173.55
157,0.597607,89,6.99,621.80,371.80
103,0.330498,35,3.35,117.30,-132.70
109,0.518438,48,6.56,315.07,65.07
145,0.372775,62,7.64,473.67,223.67
149,0.597022,75,4.64,347.63,97.63
102,0.341677,37,6.73,249.13,-0.87
157,0.623003,104,7.14,742.25,492.25
146,0.465290,78,5.32,415.27,165.27
108,0.618167,72,4.91,353.66,103.66
80,0.368129,27,7.45,201.20,-48.80
141,0.411995,58,7.94,460.64,210.64
97,0.681649,68,4.59,312.08,62.08
84,0.371572,35,3.01,105.23,-144.77
126,0.520980,66,3.18,209.99,-40.01
91,0.686792,65,7.51,487.88,237.88
173,0.672452,125,6.44,805.58,555.58
155,0.334732,52,6.11,317.58,67.58
112,0.527421,51,6.16,314.23,64.23
122,0.478653,59,7.59,447.69,197.69
132,0.394646,50,3.55,177.66,-72.34
113,0.451990,44,7.95,349.58,99.58
110,0.661863,69,7.03,484.88,234.88
92,0.306798,29,4.15,120.44,-129.56
149,0.577494,81,4.79,388.18,138.18
83,0.682532,62,5.92,367.34,117.34
164,0.408199,65,6.82,443.28,193.28
168,0.645490,118,5.46,644.24,394.24
111,0.674858,82,3.39,277.90,27.90
154,0.473575,77,3.56,274.43,24.43
139,0.327366,36,5.32,191.37,-58.63
160,0.460643,71,5.99,425.21,175.21
151,0.616945,97,6.04,585.78,335.78
127,0.459400,61,3.43,209.45,-40.55
178,0.408873,70,4.59,321.14,71.14
139,0.335939,44,7.90,347.75,97.75
144,0.371264,44,4.13,181.71,-68.29
122,0.433036,60,7.88,472.94,222.94
83,0.490439,43,3.75,161.45,-88.55
139,0.615010,92,4.44,408.84,158.84
115,0.513513,62,5.25,325.63,75.63
110,0.516027,64,6.57,420.32,170.32
160,0.696316,103,5.79,596.27,346.27
171,0.470512,75,7.96,596.72,346.72
171,0.428742,66,4.64,306.18,56.18
169,0.637674,86,5.86,503.79,253.79
89,0.632790,62,3.45,214.00,-36.00
160,0.600928,101,7.80,788.26,538.26
145,0.365100,52,5.99,311.33,61.33
95,0.652052,64,3.51,224.40,-25.60
94,0.457900,41,3.59,147.28,-102.72
129,0.382207,59,7.87,464.54,214.54
161,0.311925,49,5.16,252.74,2.74
141,0.584472,86,5.94,510.59,260.59
138,0.302223,43,3.90,167.49,-82.51
132,0.693477,96,6.36,610.57,360.57
178,0.374408,63,6.32,398.08,148.08
115,0.421831,48,3.88,186.35,-63.65
179,0.409836,86,3.86,331.84,81.84
131,0.409283,58,3.54,205.18,-44.82
157,0.668039,114,5.79,659.88,409.88
84,0.392153,31,7.99,247.71,-2.29
180,0.641730,115,3.02,347.42,97.42
165,0.419251,67,5.15,345.07,95.07
110,0.599676,71,4.32,306.89,56.89
120,0.467785,60,7.00,420.16,170.16
84,0.555710,53,3.00,159.06,-90.94
110,0.481804,45,4.36,196.39,-53.61
81,0.386031,26,7.75,201.54,-48.46
170,0.566893,95,5.22,495.59,245.59
156,0.680928,107,6.48,693.62,443.62
143,0.531101,81,4.86,393.50,143.50
176,0.409976,63,6.28,395.85,145.85
131,0.492393,66,7.05,465.19,215.19
125,0.651217,79,3.24,256.28,6.28
84,0.619207,55,3.59,197.61,-52.39
171,0.558202,94,6.71,630.51,380.51
161,0.456897,61,7.80,475.98,225.98
100,0.584004,64,7.14,456.81,206.81
171,0.656668,122,6.48,790.15,540.15
100,0.648512,68,7.19,488.86,238.86
119,0.325640,36,4.14,149.15,-100.85
94,0.352682,33,5.19,171.34,-78.66
93,0.375174,38,4.42,167.96,-82.04
111,0.568244,60,4.91,294.58,44.58
125,0.319565,39,4.12,160.85,-89.15
99,0.396429,34,5.64,191.65,-58.35
136,0.424345,52,5.88,305.87,55.87
140,0.400668,54,3.24,175.14,-74.86
141,0.474159,68,6.21,422.45,172.45
121,0.321505,44,4.13,181.62,-68.38
130,0.577367,78,4.79,373.28,123.28
88,0.595842,44,7.26,319.39,69.39
145,0.495036,74,7.25,536.54,286.54
172,0.489187,74,7.88,582.98,332.98
110,0.434229,42,5.34,224.37,-25.63
124,0.325948,34,7.91,268.99,18.99
110,0.444231,59,3.68,217.31,-32.69
176,0.693354,120,3.95,473.93,223.93
170,0.546530,100,4.60,459.88,209.88
85,0.423257,32,5.55,177.56,-72.44
96,0.315227,24,3.07,73.70,-176.30
91,0.552576,45,5.25,236.03,-13.97
151,0.583508,89,4.92,438.06,188.06
111,0.572988,50,5.90,294.90,44.90
147,0.551662,74,4.18,309.57,59.57
151,0.638193,92,4.83,444.47,194.47
104,0.416449,53,6.78,359.28,109.28
100,0.575112,56,3.14,175.70,-74.30
125,0.695501,86,6.87,591.15,341.15
175,0.440969,74,6.82,504.85,254.85
151,0.542683,83,5.74,476.10,226.10
105,0.338568,40,5.67,226.71,-23.29
81,0.678207,55,6.92,380.57,130.57
115,0.674863,69,6.07,418.95,168.95
176,0.438547,81,4.00,324.28,74.28
177,0.597673,102,7.65,780.79,530.79
125,0.410896,47,7.16,336.71,86.71
90,0.621779,55,3.31,182.08,-67.92
84,0.435033,30,7.27,218.20,-31.80
99,0.532354,50,6.44,322.15,72.15
168,0.616229,99,5.10,505.36,255.36
146,0.544464,77,4.90,377.32,127.32
102,0.551274,63,4.17,262.88,12.88
166,0.698892,123,4.64,570.48,320.48
130,0.331368,43,5.07,218.15,-31.85
175,0.463870,83,5.82,483.02,233.02
147,0.345599,52,5.70,296.27,46.27
167,0.451331,75,7.18,538.85,288.85
120,0.319933,49,7.77,380.71,130.71
128,0.490694,60,7.81,468.42,218.42
109,0.518746,41,5.61,230.02,-19.98
168,0.600184,104,6.01,625.40,375.40
112,0.407238,40,5.56,222.23,-27.77
124,0.678953,87,6.91,601.18,351.18
135,0.435082,57,5.56,317.13,67.13
101,0.311163,35,4.41,154.28,-95.72
125,0.499697,57,5.76,328.38,78.38
103,0.606489,59,4.58,270.41,20.41
128,0.530622,61,6.09,371.68,121.68
173,0.578127,99,5.73,567.20,317.20
137,0.349775,49,7.03,344.27,94.27
154,0.438309,68,3.41,231.73,-18.27
125,0.442840,51,4.00,204.08,-45.92
136,0.528655,77,5.54,426.58,176.58
177,0.463203,78,4.44,346.65,96.65
169,0.618244,102,5.46,557.09,307.09
129,0.389277,45,4.67,210.10,-39.90
175,0.419855,74,3.98,294.70,44.70
83,0.506355,41,5.17,212.03,-37.97
176,0.646554,115,5.50,632.16,382.16
137,0.384589,46,6.08,279.64,29.64
160,0.397374,65,3.13,203.64,-46.36
111,0.576781,68,7.04,478.90,228.90
160,0.341840,51,7.83,399.42,149.42
141,0.410710,62,3.61,223.96,-26.04
98,0.569198,65,6.61,429.48,179.48
91,0.558144,56,3.68,206.26,-43.74
131,0.328579,37,5.86,217.00,-33.00
111,0.606856,66,4.27,282.08,32.08
113,0.399401,42,5.55,233.18,-16.82
132,0.608780,74,4.46,329.70,79.70
166,0.367962,64,7.46,477.67,227.67
158,0.404823,62,7.70,477.10,227.10
154,0.498581,81,6.44,522.03,272.03
113,0.320501,39,7.41,289.17,39.17
155,0.442997,61,6.31,384.94,134.94
151,0.688634,107,5.52,590.88,340.88
161,0.415377,70,4.64,324.98,74.98
179,0.477210,88,7.65,673.00,423.00
99,0.650771,70,6.33,443.18,193.18
105,0.618752,59,6.68,394.00,144.00
124,0.418314,55,6.57,361.39,111.39
85,0.698080,64,5.04,322.80,72.80
142,0.626274,86,3.10,266.28,16.28
171,0.345973,66,7.95,524.44,274.44
161,0.445339,70,4.72,330.37,80.37
105,0.509326,50,6.30,315.17,65.17
137,0.418934,57,4.21,239.95,-10.05
145,0.352416,60,7.99,479.35,229.35
163,0.459727,73,5.88,429.35,179.35
93,0.565508,48,4.92,235.97,-14.03
134,0.451400,55,7.92,435.60,185.60
83,0.483395,50,3.95,197.65,-52.35
104,0.470488,43,7.44,319.91,69.91
92,0.606634,50,4.52,225.80,-24.20
172,0.453300,87,7.50,652.91,402.91
120,0.547867,61,5.10,310.90,60.90
81,0.578484,50,7.01,350.52,100.52
142,0.480676,64,5.00,319.86,69.86
137,0.422930,55,5.08,279.14,29.14
166,0.450030,80,5.63,450.62,200.62
94,0.397650,30,3.25,97.59,-152.41
150,0.635836,101,5.66,571.44,321.44
177,0.552314,91,6.76,615.14,365.14
141,0.569973,87,3.28,285.01,35.01
166,0.321512,52,7.78,404.68,154.68
180,0.306443,44,6.33,278.70,28.70
166,0.343625,41,6.66,273.26,23.26
165,0.443699,64,4.96,317.41,67.41
110,0.545769,60,6.23,373.86,123.86
125,0.512382,67,6.86,459.47,209.47
110,0.304005,32,6.00,192.13,-57.87
113,0.512438,55,3.24,178.28,-71.72
162,0.413889,64,3.01,192.88,-57.12
127,0.692452,84,5.41,454.42,204.42
109,0.406595,43,4.79,205.97,-44.03
153,0.610172,99,3.97,392.98,142.98
107,0.688341,71,6.95,493.77,243.77
130,0.452525,52,7.29,379.29,129.29
152,0.656918,101,5.76,581.77,331.77
110,0.653167,77,7.71,593.86,343.86
140,0.307185,37,6.04,223.54,-26.46
146,0.639895,95,4.87,462.88,212.88
133,0.590011,85,4.62,392.92,142.92
160,0.644819,101,5.86,591.52,341.52
94,0.552215,54,4.07,219.53,-30.47
105,0.699699,78,6.61,515.42,265.42
91,0.318192,30,4.79,143.83,-106.17
167,0.429026,69,5.64,388.91,138.91
105,0.393383,42,3.99,167.65,-82.35
141,0.585789,83,5.33,442.71,192.71
109,0.366379,45,4.66,209.89,-40.11
165,0.577128,95,5.53,525.80,275.80
89,0.471484,41,7.50,307.55,57.55
103,0.685926,67,4.71,315.53,65.53
84,0.377151,33,6.76,223.24,-26.76
163,0.541452,96,6.63,636.38,386.38
151,0.691150,109,3.61,393.07,143.07
120,0.682077,86,5.24,450.45,200.45
154,0.305180,45,6.27,281.94,31.94
166,0.670592,112,4.94,552.81,302.81
133,0.395524,59,3.08,181.48,-68.52
126,0.388203,52,4.13,214.90,-35.10
124,0.404437,51,5.76,293.70,43.70
157,0.412032,73,5.91,431.54,181.54
173,0.540968,89,6.46,575.29,325.29
136,0.494251,67,6.88,461.25,211.25
156,0.375396,61,5.55,338.39,88.39
102,0.397190,29,4.22,122.32,-127.68
84,0.577971,44,3.28,144.42,-105.58
151,0.543857,74,3.27,241.81,-8.19
126,0.370283,55,5.04,277.08,27.08
180,0.426385,83,5.85,485.95,235.95
107,0.595459,66,7.52,496.00,246.00
136,0.527842,59,3.63,214.22,-35.78
146,0.545839,78,6.21,484.00,234.00
145,0.358273,53,4.25,225.15,-24.85
163,0.511777,82,4.53,371.31,121.31
122,0.400607,48,5.29,254.02,4.02
176,0.377084,59,6.34,373.82,123.82
166,0.344713,50,4.86,242.96,-7.04
98,0.565260,52,5.31,275.96,25.96
162,0.346432,56,7.92,443.47,193.47
126,0.489468,49,5.17,253.25,3.25
123,0.682238,89,5.96,530.25,280.25
130,0.395763,52,4.80,249.60,-0.40
122,0.584902,66,4.26,281.25,31.25
111,0.520719,51,3.83,195.42,-54.58
128,0.347758,41,3.37,138.06,-111.94
132,0.644715,89,5.34,475.15,225.15
123,0.494070,52,6.99,363.73,113.73
153,0.692699,112,5.88,658.70,408.70
85,0.605899,56,5.94,332.46,82.46
163,0.562799,89,6.19,550.84,300.84
136,0.310817,49,4.64,227.45,-22.55
155,0.497802,81,7.50,607.81,357.81
91,0.446265,34,7.79,264.70,14.70
176,0.366394,65,3.14,204.07,-45.93
115,0.696467,85,3.52,298.84,48.84
83,0.646731,54,5.80,313.29,63.29
104,0.596238,58,4.40,255.19,5.19
142,0.455180,73,6.58,480.46,230.46
128,0.418329,48,6.18,296.57,46.57
127,0.378288,47,6.72,315.95,65.95
143,0.468749,69,7.20,496.65,246.65
173,0.452095,71,3.03,215.27,-34.73
167,0.626598,114,5.52,629.76,379.76
153,0.402634,61,4.76,290.27,40.27
180,0.424909,89,4.45,396.12,146.12
170,0.605473,111,7.11,789.50,539.50
169,0.488936,78,3.95,308.41,58.41
104,0.569364,58,6.31,365.93,115.93
180,0.481497,85,4.70,399.81,149.81
90,0.365788,39,4.74,184.77,-65.23
142,0.334905,50,4.00,199.91,-50.09
87,0.308006,35,5.96,208.45,-41.55
104,0.645484,68,5.09,345.87,95.87
128,0.472571,65,7.06,458.96,208.96
115,0.421184,46,6.45,296.79,46.79
99,0.369817,30,4.92,147.63,-102.37
159,0.547822,82,3.05,249.83,-0.17
97,0.430473,34,6.16,209.46,-40.54
104,0.314347,29,4.51,130.86,-119.14
166,0.475411,78,3.73,290.60,40.60
83,0.638773,56,4.00,224.09,-25.91
126,0.364097,42,6.50,273.10,23.10
167,0.528218,94,6.84,642.75,392.75
146,0.566288,77,5.10,392.87,142.87
100,0.674791,74,4.96,367.19,117.19
140,0.525635,73,3.05,222.42,-27.58
108,0.695415,78,4.27,332.86,82.86
172,0.624030,107,7.69,823.30,573.30
118,0.582325,59,3.66,215.66,-34.34
80,0.554996,43,6.96,299.07,49.07
172,0.366710,77,4.52,348.29,98.29
130,0.603791,80,3.07,245.90,-4.10
102,0.662016,68,5.81,394.99,144.99
113,0.584338,77,4.80,369.24,119.24
99,0.424339,38,3.66,139.11,-110.89
103,0.467021,46,7.27,334.59,84.59
80,0.407675,30,6.11,183.30,-66.70
112,0.625059,66,4.28,282.59,32.59
87,0.345438,39,6.43,250.69,0.69
172,0.494799,84,4.60,386.21,136.21
155,0.327073,53,3.30,174.83,-75.17
114,0.515393,48,7.26,348.46,98.46
87,0.518808,50,3.71,185.35,-64.65
98,0.377043,41,7.19,294.99,44.99
143,0.616401,82,7.43,609.18,359.18
110,0.360472,38,7.59,288.37,38.37
115,0.545393,66,6.85,452.16,202.16
91,0.418339,40,6.11,244.47,-5.53
119,0.573207,71,4.53,321.74,71.74
85,0.630236,47,4.35,204.57,-45.43
150,0.608608,90,4.07,365.89,115.89
92,0.420256,46,3.78,173.93,-76.07
83,0.318831,31,3.04,94.11,-155.89
134,0.362617,45,3.85,173.08,-76.92
116,0.626183,68,3.83,260.48,10.48
155,0.671389,89,4.66,415.12,165.12
168,0.535129,88,7.22,635.45,385.45
127,0.537469,70,4.34,303.76,53.76
89,0.559418,49,3.76,184.20,-65.80
144,0.668512,91,3.99,363.36,113.36
91,0.615746,63,7.19,453.06,203.06
88,0.601528,54,6.08,328.34,78.34
169,0.367052,58,6.34,367.53,117.53
87,0.678183,57,5.47,311.92,61.92
137,0.516784,72,5.16,371.79,121.79
135,0.462255,67,4.57,306.24,56.24
115,0.345365,36,3.89,140.20,-109.80
147,0.427829,70,3.47,242.70,-7.30
152,0.570321,84,4.05,340.40,90.40
139,0.543860,67,5.42,363.39,113.39
162,0.508266,81,7.90,639.88,389.88
105,0.666065,68,5.77,392.42,142.42
90,0.630408,48,3.97,190.43,-59.57
100,0.546838,55,4.64,255.03,5.03
141,0.595359,86,6.11,525.65,275.65
156,0.379825,44,5.71,251.24,1.24
141,0.549762,68,7.15,486.30,236.30
178,0.601595,109,3.93,428.89,178.89
175,0.656900,110,4.31,473.58,223.58
129,0.304676,28,4.82,134.99,-115.01
81,0.332307,25,6.68,167.00,-83.00
83,0.630905,52,6.38,332.00,82.00
126,0.307471,39,3.59,140.04,-109.96
87,0.371189,26,5.66,147.23,-102.77
119,0.519986,67,7.66,512.99,262.99
88,0.665389,59,3.32,196.16,-53.84
87,0.416688,40,5.30,212.12,-37.88
165,0.564137,98,3.45,337.81,87.81
92,0.633849,58,6.95,403.37,153.37
147,0.609164,98,4.37,427.87,177.87
84,0.682643,60,7.04,422.25,172.25
89,0.508325,44,3.94,173.37,-76.63
113,0.470053,49,4.33,212.12,-37.88
145,0.526060,83,7.36,610.79,360.79
122,0.313859,29,3.89,112.87,-137.13
152,0.502736,71,5.69,404.33,154.33
145,0.438487,68,7.76,527.91,277.91
179,0.488168,90,3.69,332.46,82.46
155,0.386145,71,7.77,551.41,301.41
179,0.371375,65,5.00,325.05,75.05
88,0.490706,40,5.05,201.98,-48.02
94,0.661731,65,5.59,363.22,113.22
127,0.364631,55,6.86,377.50,127.50
84,0.382822,33,5.18,171.01,-78.99
95,0.392094,45,6.95,312.80,62.80
164,0.397250,72,6.15,443.12,193.12
82,0.699606,59,7.72,455.28,205.28
119,0.429886,57,6.57,374.29,124.29
116,0.675403,79,7.97,629.74,379.74
118,0.412657,54,6.64,358.73,108.73
110,0.452266,50,7.90,395.02,145.02
109,0.548071,66,5.17,341.12,91.12
132,0.675834,84,5.35,449.45,199.45
95,0.420719,42,6.62,277.88,27.88
137,0.492808,69,7.48,516.07,266.07
164,0.643315,100,4.79,478.82,228.82
131,0.327844,49,4.16,204.00,-46.00
177,0.665337,116,7.28,844.93,594.93
156,0.354894,54,6.33,341.60,91.60
99,0.622973,65,5.14,333.92,83.92
161,0.660867,109,7.98,869.50,619.50
104,0.525872,53,7.92,419.89,169.89
157,0.389761,61,7.73,471.45,221.45
147,0.487746,75,4.06,304.59,54.59
118,0.422141,54,5.77,311.56,61.56
83,0.551102,49,6.21,304.26,54.26
176,0.634230,115,5.70,655.72,405.72
88,0.668239,62,4.72,292.74,42.74
127,0.412903,54,6.94,374.64,124.64
164,0.364782,67,5.28,353.55,103.55
80,0.652372,56,6.58,368.47,118.47
122,0.505039,63,7.41,467.03,217.03
165,0.533721,79,3.63,286.92,36.92
97,0.670302,65,7.38,479.48,229.48
165,0.435409,71,5.18,367.55,117.55
141,0.627281,94,3.61,339.26,89.26
152,0.634333,103,3.80,391.40,141.40
109,0.581763,65,7.96,517.50,267.50
119,0.348411,35,3.22,112.83,-137.17
174,0.489799,86,3.02,259.94,9.94
165,0.455438,71,6.77,480.94,230.94
174,0.667301,118,3.92,462.32,212.32
87,0.388998,24,4.72,113.26,-136.74
88,0.366919,28,6.28,175.81,-74.19
92,0.361733,38,5.29,201.12,-48.88
89,0.661378,60,7.78,466.50,216.50
98,0.441162,47,5.90,277.30,27.30
92,0.674823,66,3.26,214.94,-35.06
142,0.698401,88,6.82,600.57,350.57
81,0.375461,32,5.31,169.95,-80.05
131,0.437375,53,5.94,315.06,65.06
174,0.645091,119,4.90,583.32,333.32
164,0.515329,73,3.27,238.37,-11.63
80,0.484413,39,7.71,300.75,50.75
125,0.627525,84,6.97,585.08,335.08
121,0.529124,58,4.71,273.23,23.23
178,0.557387,103,6.66,686.21,436.21
128,0.393097,52,3.55,184.85,-65.15
159,0.412500,77,3.08,237.00,-13.00
118,0.583061,74,3.85,285.21,35.21
154,0.444905,71,3.36,238.63,-11.37
119,0.373361,51,6.10,311.19,61.19
87,0.634488,49,7.05,345.63,95.63
167,0.361889,59,4.54,267.93,17.93
108,0.685890,72,5.54,399.02,149.02
126,0.553423,75,4.78,358.59,108.59
128,0.558333,67,3.98,266.99,16.99
162,0.461708,60,4.07,244.25,-5.75
105,0.567756,55,5.55,305.31,55.31
82,0.353900,33,3.87,127.73,-122.27
150,0.605057,94,4.60,432.41,182.41
87,0.483345,39,4.08,159.10,-90.90
165,0.568998,89,5.69,505.99,255.99
146,0.387911,62,7.26,449.83,199.83
90,0.453983,33,4.00,132.03,-117.97
92,0.404234,36,7.82,281.55,31.55
132,0.382165,44,4.82,212.20,-37.80
180,0.687761,120,3.54,424.72,174.72
82,0.638346,57,7.75,441.72,191.72
175,0.544132,88,7.24,637.02,387.02
130,0.622671,87,4.77,415.19,165.19
125,0.341954,28,3.74,104.82,-145.18
119,0.322055,36,7.43,267.36,17.36
176,0.541730,99,4.81,475.77,225.77
80,0.658156,48,3.39,162.61,-87.39
110,0.378777,42,3.72,156.33,-93.67
85,0.372582,25,7.49,187.21,-62.79
110,0.311515,37,3.18,117.75,-132.25
155,0.343114,57,6.57,374.41,124.41
143,0.649387,95,6.02,571.68,321.68
143,0.678413,102,4.23,431.69,181.69
175,0.603911,111,5.06,561.56,311.56
125,0.372744,38,6.29,239.06,-10.94
133,0.431761,56,6.50,363.85,113.85
172,0.618217,118,6.56,774.19,524.19
154,0.468997,73,7.85,573.19,323.19
89,0.596719,51,3.48,177.58,-72.42
96,0.569876,51,5.05,257.43,7.43
146,0.610412,93,4.69,436.60,186.60
98,0.629450,66,4.54,299.45,49.45
116,0.352036,39,3.12,121.73,-128.27
113,0.573684,59,3.04,179.24,-70.76
100,0.492876,50,5.40,270.03,20.03
129,0.343031,40,5.23,209.10,-40.90
93,0.674905,59,5.70,336.04,86.04
117,0.325847,32,3.26,104.24,-145.76
84,0.349031,32,6.23,199.36,-50.64
152,0.512544,84,6.10,512.77,262.77
135,0.445639,61,3.41,207.85,-42.15
102,0.641591,59,4.58,270.30,20.30
178,0.474752,83,4.00,332.03,82.03
111,0.518169,57,6.91,393.77,143.77
151,0.636180,92,6.83,628.45,378.45
90,0.453172,43,6.99,300.44,50.44
174,0.500288,84,3.48,292.22,42.22
85,0.676236,63,4.23,266.23,16.23
136,0.491963,84,4.33,363.83,113.83
133,0.425147,61,3.34,203.59,-46.41
86,0.643599,53,6.99,370.55,120.55
108,0.414247,45,7.81,351.54,101.54
82,0.566255,50,3.95,197.44,-52.56
165,0.461945,78,5.78,450.67,200.67
134,0.480267,55,5.66,311.06,61.06
159,0.652296,100,6.43,642.63,392.63
173,0.332618,65,6.45,419.38,169.38
98,0.445341,43,3.17,136.44,-113.56
131,0.516134,68,4.91,334.14,84.14
135,0.423995,54,5.16,278.49,28.49
111,0.648175,63,4.99,314.35,64.35
108,0.352143,36,7.20,259.35,9.35
115,0.468234,61,5.38,328.28,78.28
141,0.515334,78,6.87,536.24,286.24
176,0.649965,121,3.16,382.00,132.00
94,0.443812,34,3.90,132.67,-117.33
127,0.490581,57,6.45,367.83,117.83
173,0.494148,98,4.95,485.00,235.00
147,0.496326,78,6.50,507.24,257.24
117,0.541991,53,5.83,309.05,59.05
87,0.599796,52,4.57,237.38,-12.62
90,0.444816,40,7.24,289.48,39.48
103,0.375047,28,6.01,168.18,-81.82
115,0.585506,78,5.29,412.88,162.88
140,0.638284,86,4.68,402.73,152.73
159,0.660279,101,7.82,789.57,539.57
106,0.533664,53,4.55,241.27,-8.73
138,0.403163,57,7.44,424.02,174.02
167,0.668610,106,3.89,412.15,162.15
119,0.408212,44,3.77,165.92,-84.08
125,0.458353,63,5.09,320.56,70.56
171,0.385635,58,7.86,455.97,205.97
141,0.302707,48,3.44,165.24,-84.76
128,0.383194,54,4.60,248.62,-1.38
155,0.580784,82,3.75,307.86,57.86
97,0.532688,38,3.72,141.25,-108.75
133,0.405225,64,3.08,197.25,-52.75
81,0.379626,35,6.42,224.74,-25.26
121,0.312374,41,6.78,278.06,28.06
82,0.462823,35,6.97,244.03,-5.97
101,0.567255,64,4.96,317.71,67.71
167,0.650366,112,6.99,782.74,532.74
156,0.491724,72,7.85,564.87,314.87
151,0.507465,74,6.44,476.64,226.64
83,0.508803,39,3.81,148.60,-101.40
136,0.540570,74,6.19,457.81,207.81
99,0.610383,62,6.40,396.59,146.59
89,0.552391,51,5.59,285.23,35.23
143,0.340722,47,5.00,235.03,-14.97
124,0.459476,60,5.36,321.74,71.74
95,0.375047,31,6.92,214.53,-35.47
167,0.609239,104,4.72,490.60,240.60
173,0.536446,80,6.52,521.37,271.37
106,0.658636,72,6.81,490.24,240.24
117,0.539739,56,6.72,376.09,126.09
133,0.468340,56,4.38,245.56,-4.44
128,0.676095,88,3.28,288.94,38.94
115,0.458886,52,4.09,212.79,-37.21
128,0.506933,77,5.30,407.99,157.99
120,0.520636,59,7.67,452.77,202.77
106,0.598378,66,6.15,405.88,155.88
90,0.444953,40,7.36,294.27,44.27
172,0.572901,97,7.18,696.06,446.06
160,0.333163,58,3.07,178.20,-71.80
171,0.572281,105,6.38,670.41,420.41
115,0.309288,40,4.73,189.20,-60.80
150,0.436995,56,7.08,396.29,146.29
166,0.569611,106,4.25,450.23,200.23
130,0.429624,58,3.91,226.84,-23.16
95,0.536686,56,6.83,382.54,132.54
162,0.339026,59,3.32,196.03,-53.97
166,0.640438,101,6.64,670.78,420.78
127,0.618782,84,7.77,652.76,402.76
80,0.597338,45,5.54,249.16,-0.84
84,0.409429,39,3.75,146.32,-103.68
175,0.563860,93,3.52,327.04,77.04
120,0.412230,46,5.17,237.63,-12.37
136,0.449428,63,3.53,222.58,-27.42
91,0.373205,27,7.25,195.87,-54.13
103,0.381316,39,7.38,287.82,37.82
154,0.601593,84,3.35,281.20,31.20
173,0.684226,117,5.45,637.32,387.32
172,0.415803,70,3.92,274.34,24.34
173,0.669094,115,3.91,450.15,200.15
93,0.458391,46,7.62,350.58,100.58
85,0.368415,26,5.16,134.14,-115.86
139,0.613821,77,4.50,346.72,96.72
102,0.560933,59,3.95,233.29,-16.71
172,0.338842,51,5.34,272.51,22.51
93,0.442325,38,7.05,267.81,17.81
95,0.458584,45,6.41,288.64,38.64
96,0.452248,38,5.91,224.57,-25.43
140,0.436201,63,6.79,427.68,177.68
83,0.517761,48,6.14,294.90,44.90
107,0.427550,35,3.39,118.56,-131.44
97,0.381820,39,5.65,220.17,-29.83
110,0.541652,67,6.15,411.75,161.75
121,0.635669,74,5.61,415.26,165.26
154,0.324973,54,4.84,261.39,11.39
100,0.548571,44,6.40,281.44,31.44
85,0.429184,38,5.49,208.52,-41.48
180,0.638626,110,6.03,663.59,413.59
134,0.496938,66,7.34,484.63,234.63
139,0.685779,103,3.27,336.49,86.49
152,0.555914,92,5.29,487.07,237.07
153,0.606371,92,5.95,547.49,297.49
100,0.374534,41,7.04,288.58,38.58
174,0.321506,68,5.04,342.70,92.70
157,0.346610,46,6.12,281.59,31.59
150,0.560546,80,7.15,571.65,321.65
119,0.653300,70,6.13,428.94,178.94
103,0.390666,42,3.40,142.61,-107.39
138,0.696464,91,3.51,319.04,69.04
154,0.510573,74,4.52,334.28,84.28
148,0.437236,78,6.84,533.50,283.50
80,0.572515,47,3.43,161.09,-88.91
180,0.439303,68,7.85,533.93,283.93
87,0.429460,36,4.10,147.74,-102.26
81,0.362932,31,4.69,145.30,-104.70
98,0.571480,63,7.40,466.29,216.29
103,0.343671,38,6.03,228.96,-21.04
122,0.672063,70,4.13,289.05,39.05
91,0.663591,57,4.25,242.30,-7.70
130,0.319569,39,3.40,132.62,-117.38
117,0.653637,77,7.14,549.55,299.55
124,0.681163,94,6.69,628.75,378.75
144,0.349598,60,5.16,309.50,59.50
117,0.401029,49,4.62,226.41,-23.59
138,0.689563,93,6.59,613.15,363.15
150,0.499156,77,4.56,351.40,101.40
82,0.547639,49,6.73,329.64,79.64
136,0.515288,62,5.58,345.77,95.77
115,0.357508,40,5.70,227.89,-22.11
113,0.506098,46,4.35,199.99,-50.01
153,0.474488,67,6.88,460.75,210.75
154,0.666570,111,5.89,654.30,404.30
154,0.349501,58,7.68,445.36,195.36
111,0.644259,72,3.36,242.21,-7.79
145,0.327684,45,5.38,241.94,-8.06
133,0.661764,84,3.78,317.78,67.78
93,0.605177,61,5.81,354.31,104.31
144,0.496145,64,4.47,286.35,36.35
84,0.690493,58,7.50,434.87,184.87
144,0.619186,87,5.15,447.86,197.86
134,0.689150,86,7.71,663.01,413.01
162,0.358438,62,4.78,296.07,46.07
111,0.564506,69,6.10,420.70,170.70
82,0.388093,35,5.31,185.96,-64.04
116,0.683829,79,7.27,574.69,324.69
161,0.661451,104,3.25,337.69,87.69
137,0.699837,94,4.58,430.54,180.54
83,0.353105,26,5.74,149.33,-100.67
136,0.301343,47,7.26,341.32,91.32
92,0.631473,57,4.17,237.43,-12.57
133,0.468957,63,7.03,442.98,192.98
176,0.313791,50,6.96,347.92,97.92
135,0.329420,39,5.36,209.20,-40.80
91,0.563073,49,3.76,184.18,-65.82
95,0.514279,49,6.95,340.70,90.70
87,0.667107,59,7.08,417.81,167.81
155,0.357013,45,4.35,195.79,-54.21
120,0.545902,74,3.36,248.98,-1.02
148,0.616286,94,5.92,556.64,306.64
109,0.562932,67,5.20,348.13,98.13
124,0.423862,47,7.86,369.23,119.23
103,0.573313,52,7.55,392.66,142.66
132,0.639486,86,6.47,556.78,306.78
146,0.450140,59,5.31,313.09,63.09
114,0.552417,61,4.31,262.76,12.76
155,0.396485,77,3.36,258.82,8.82
178,0.624605,113,4.06,458.77,208.77
83,0.400173,36,3.86,138.92,-111.08
152,0.665173,99,7.14,706.68,456.68
92,0.303334,37,3.44,127.38,-122.62
128,0.391456,49,4.07,199.53,-50.47
90,0.444413,31,6.66,206.47,-43.53
174,0.308406,69,7.28,502.10,252.10
89,0.658278,55,3.01,165.29,-84.71
107,0.655103,71,6.68,474.41,224.41
147,0.385847,59,3.57,210.83,-39.17
85,0.660162,48,7.50,360.21,110.21
81,0.561079,49,6.74,330.40,80.40
141,0.412302,70,3.89,272.50,22.50
179,0.617571,106,3.69,391.07,141.07
131,0.516117,67,7.99,535.19,285.19
82,0.565766,51,6.05,308.46,58.46
168,0.320500,50,6.41,320.56,70.56
173,0.365815,65,4.53,294.53,44.53
142,0.545080,76,6.72,510.78,260.78
147,0.306346,35,6.91,241.78,-8.22
101,0.697299,69,4.75,327.55,77.55
90,0.699485,63,3.27,206.29,-43.71
95,0.331530,26,7.05,183.18,-66.82
135,0.407905,58,6.86,397.85,147.85
172,0.465331,81,6.33,512.48,262.48
120,0.388681,64,4.02,257.30,7.30
120,0.540718,75,6.34,475.58,225.58
176,0.663776,118,3.06,361.62,111.62
153,0.441534,70,7.30,510.95,260.95
120,0.620569,76,4.15,315.03,65.03
160,0.459631,80,4.00,320.01,70.01
156,0.395984,66,3.07,202.54,-47.46
144,0.371639,43,3.28,141.19,-108.81
153,0.658688,101,5.72,577.38,327.38
112,0.380127,38,4.00,151.85,-98.15
109,0.502252,56,6.51,364.54,114.54
142,0.395742,58,3.90,226.25,-23.75
170,0.660149,111,5.86,650.97,400.97
175,0.595296,100,7.18,718.49,468.49
89,0.571406,52,4.68,243.43,-6.57
102,0.485128,45,6.72,302.31,52.31
156,0.402111,72,4.21,302.82,52.82
169,0.518695,101,7.21,728.27,478.27
107,0.331395,32,7.00,224.02,-25.98
121,0.306734,32,6.80,217.59,-32.41
121,0.382953,48,7.59,364.22,114.22
127,0.483153,66,5.43,358.50,108.50
164,0.610264,92,3.54,325.52,75.52
180,0.311982,51,5.59,285.26,35.26
161,0.612902,97,4.48,434.49,184.49
106,0.361286,44,7.83,344.44,94.44
118,0.616751,73,3.04,222.06,-27.94
97,0.462679,44,4.46,196.33,-53.67
142,0.434587,56,4.85,271.88,21.88
114,0.654591,73,6.62,482.91,232.91
94,0.307582,31,4.18,129.61,-120.39
148,0.306258,41,4.87,199.58,-50.42
122,0.387977,59,5.14,303.42,53.42
134,0.548188,75,6.47,485.37,235.37
136,0.477850,77,7.89,607.29,357.29
180,0.568888,90,3.01,271.15,21.15
118,0.561954,68,7.24,492.14,242.14
131,0.554772,71,3.52,249.65,-0.35
163,0.611458,96,7.18,689.22,439.22
87,0.452274,44,4.29,188.68,-61.32
174,0.560723,112,5.63,630.39,380.39
127,0.612030,93,7.99,742.78,492.78
165,0.426235,80,5.95,476.36,226.36
143,0.396860,52,6.21,323.10,73.10
105,0.343180,41,6.24,256.01,6.01
107,0.354518,31,6.65,206.20,-43.80
145,0.685239,96,6.09,584.28,334.28
108,0.470851,44,5.77,253.99,3.99
146,0.463640,68,7.82,532.01,282.01
179,0.361548,55,3.14,172.57,-77.43
167,0.517968,83,3.54,294.05,44.05
174,0.448626,70,6.47,452.56,202.56
138,0.659720,95,7.20,683.81,433.81
149,0.590090,85,4.15,352.37,102.37
125,0.376125,51,3.97,202.50,-47.50
89,0.502477,44,6.34,278.74,28.74
85,0.353357,31,4.33,134.22,-115.78
96,0.507804,48,5.38,258.16,8.16
117,0.454627,52,3.96,206.04,-43.96
101,0.658658,68,7.75,526.71,276.71
155,0.385076,67,3.99,267.48,17.48
166,0.597340,102,7.24,738.12,488.12
115,0.317399,38,3.06,116.26,-133.74
81,0.655417,51,7.82,398.64,148.64
115,0.528344,68,3.15,213.93,-36.07
171,0.637861,103,5.99,617.07,367.07
134,0.340013,44,3.38,148.81,-101.19
146,0.355336,50,7.18,359.06,109.06
155,0.357471,57,3.69,210.21,-39.79
103,0.630491,72,7.15,514.61,264.61
80,0.581223,32,4.73,151.21,-98.79
120,0.327240,34,4.51,153.43,-96.57
133,0.379559,52,3.52,182.88,-67.12
105,0.478879,52,3.10,161.24,-88.76
120,0.494655,48,7.42,356.29,106.29
178,0.477360,75,5.90,442.76,192.76
119,0.680717,86,4.99,428.80,178.80
83,0.445544,28,5.64,157.80,-92.20
176,0.462674,92,3.58,329.48,79.48
81,0.445458,36,3.15,113.28,-136.72
90,0.481414,45,5.62,252.89,2.89
114,0.521722,64,4.19,267.90,17.90
94,0.322967,31,3.46,107.34,-142.66
126,0.424383,65,3.03,197.24,-52.76
122,0.415040,62,3.61,224.01,-25.99
119,0.632356,73,3.72,271.68,21.68
101,0.329103,27,3.75,101.31,-148.69
80,0.352601,37,5.37,198.75,-51.25
173,0.484719,77,7.98,614.43,364.43
112,0.458018,50,5.73,286.28,36.28
80,0.453048,38,7.60,288.92,38.92
116,0.554035,55,3.07,168.79,-81.21
154,0.337200,52,5.09,264.72,14.72
113,0.592259,73,4.83,352.40,102.40
146,0.420364,69,4.03,278.29,28.29
125,0.698260,91,4.67,424.84,174.84
102,0.695295,70,7.58,530.52,280.52
112,0.634817,65,4.17,271.13,21.13
149,0.319360,50,3.18,159.21,-90.79
122,0.455425,58,7.27,421.79,171.79
138,0.463513,69,3.50,241.30,-8.70
91,0.356519,32,3.94,126.22,-123.78
165,0.531137,92,4.90,450.36,200.36
176,0.317151,52,5.52,287.14,37.14
144,0.377042,57,5.23,298.17,48.17
88,0.546345,41,7.93,324.93,74.93
85,0.432627,37,4.40,162.96,-87.04
85,0.362302,37,3.06,113.36,-136.64
157,0.423914,62,3.78,234.35,-15.65
93,0.552000,48,7.87,377.62,127.62
84,0.566825,57,6.44,367.25,117.25
125,0.568070,60,3.81,228.37,-21.63
95,0.592486,60,4.88,292.62,42.62
137,0.591885,101,6.39,645.74,395.74
147,0.307444,42,3.77,158.44,-91.56
159,0.436065,68,7.30,496.64,246.64
154,0.390796,69,5.83,401.96,151.96
168,0.529943,92,6.15,565.92,315.92
147,0.339081,50,5.16,257.89,7.89
146,0.555011,83,3.15,261.74,11.74
80,0.374635,30,6.73,201.98,-48.02
128,0.672775,90,6.31,567.71,317.71
99,0.504753,43,7.50,322.49,72.49
96,0.575779,55,4.13,227.39,-22.61
167,0.651186,115,5.24,603.02,353.02
155,0.556364,83,6.43,533.54,283.54
166,0.462866,71,6.11,433.93,183.93
162,0.324469,53,4.45,235.64,-14.36
83,0.660102,59,4.18,246.79,-3.21
115,0.540210,72,6.09,438.83,188.83
92,0.535154,54,4.89,263.98,13.98
157,0.610716,104,5.78,601.40,351.40
171,0.586031,103,4.18,430.32,180.32
135,0.508466,71,6.77,480.37,230.37
170,0.595059,103,5.10,525.24,275.24
102,0.404770,45,3.69,165.96,-84.04
125,0.452159,60,4.02,240.93,-9.07
80,0.569542,50,4.51,225.50,-24.50
88,0.355938,25,5.36,134.06,-115.94
120,0.698107,84,5.13,430.57,180.57
146,0.626094,86,6.52,560.46,310.46
109,0.482629,70,4.62,323.63,73.63
179,0.602844,106,6.28,665.20,415.20
125,0.501411,57,4.75,270.52,20.52
148,0.330825,47,7.68,360.99,110.99
80,0.667938,47,7.69,361.43,111.43
137,0.626838,87,5.82,506.34,256.34
132,0.698977,88,3.29,289.23,39.23
92,0.312421,25,6.39,159.76,-90.24
151,0.423606,65,7.81,507.35,257.35
177,0.685096,116,3.25,376.72,126.72
141,0.325840,42,6.89,289.35,39.35
124,0.347172,37,6.34,234.58,-15.42
175,0.680367,114,6.19,706.13,456.13
108,0.612535,67,4.21,282.03,32.03
160,0.347949,53,6.99,370.38,120.38
175,0.314021,51,5.14,262.07,12.07
135,0.518539,72,3.13,225.20,-24.80
172,0.429243,72,7.22,519.89,269.89
158,0.398554,64,6.13,392.08,142.08
120,0.588555,69,4.15,286.66,36.66
180,0.309950,56,3.78,211.44,-38.56
84,0.317181,27,5.69,153.56,-96.44
86,0.632596,57,7.70,439.08,189.08
87,0.488850,38,7.55,286.71,36.71
96,0.552699,53,4.33,229.41,-20.59
162,0.401049,62,7.95,492.70,242.70
131,0.491153,64,7.86,503.12,253.12
150,0.641338,89,5.93,527.47,277.47
142,0.693831,93,6.63,616.58,366.58
140,0.690932,102,5.48,558.69,308.69
120,0.447645,56,4.17,233.49,-16.51
180,0.670249,122,3.49,425.65,175.65
81,0.335918,28,3.15,88.33,-161.67
80,0.449370,43,4.43,190.44,-59.56
120,0.469438,60,3.64,218.47,-31.53
124,0.613145,77,3.40,261.86,11.86
113,0.340111,37,5.77,213.36,-36.64
88,0.456177,40,5.23,209.38,-40.62
131,0.522993,76,7.52,571.20,321.20
113,0.433123,51,6.33,322.88,72.88
100,0.678426,71,4.63,328.66,78.66
143,0.513973,76,7.71,585.90,335.90
81,0.541346,39,6.14,239.65,-10.35
153,0.311743,38,4.55,173.06,-76.94
120,0.616955,60,3.97,237.99,-12.01
156,0.326902,52,4.65,241.59,-8.41
136,0.634321,83,4.91,407.49,157.49
168,0.334009,59,6.41,378.24,128.24
126,0.497875,62,4.21,261.31,11.31
151,0.523305,79,6.24,492.60,242.60
123,0.434084,59,5.10,300.70,50.70
115,0.649939,77,3.19,245.91,-4.09
142,0.459652,67,4.90,328.18,78.18
180,0.416162,71,3.10,220.44,-29.56
101,0.600989,66,7.41,489.33,239.33
120,0.635173,81,4.09,331.20,81.20
104,0.476919,44,7.37,324.08,74.08
166,0.653448,108,3.45,372.17,122.17
128,0.639978,91,3.31,300.95,50.95
131,0.413665,52,6.69,347.87,97.87
99,0.520788,57,4.24,241.56,-8.44
130,0.543578,68,3.40,231.18,-18.82
104,0.319791,30,5.91,177.37,-72.63
106,0.446142,42,3.45,145.08,-104.92
173,0.681289,117,3.60,421.14,171.14
152,0.372538,58,6.56,380.35,130.35
110,0.468661,65,6.25,406.36,156.36
141,0.584156,86,4.40,378.72,128.72
132,0.586661,78,5.82,453.89,203.89
162,0.484014,88,6.10,536.57,286.57
131,0.438390,61,5.68,346.33,96.33
131,0.657286,89,5.63,501.39,251.39
91,0.305094,26,4.88,127.01,-122.99
180,0.532879,89,3.05,271.18,21.18
165,0.671534,115,6.39,734.38,484.38
160,0.587994,98,7.10,695.44,445.44
118,0.526994,68,5.81,394.86,144.86
128,0.530387,68,6.75,458.78,208.78
177,0.399767,63,5.71,359.67,109.67
89,0.313127,36,7.75,279.10,29.10
100,0.455397,45,7.02,315.73,65.73
104,0.690391,71,7.67,544.77,294.77
135,0.589942,84,3.16,265.19,15.19
154,0.374697,59,5.62,331.85,81.85
119,0.396571,52,7.16,372.41,122.41
98,0.306677,27,6.34,171.14,-78.86
134,0.515109,70,5.64,394.80,144.80
94,0.396001,32,6.25,200.14,-49.86
101,0.441221,39,3.74,145.97,-104.03
150,0.498836,82,4.55,373.38,123.38
113,0.359060,45,5.26,236.89,-13.11
81,0.646265,53,7.30,387.02,137.02
148,0.647730,101,6.44,650.34,400.34
90,0.650819,54,7.48,403.74,153.74
89,0.520943,43,4.99,214.70,-35.30
170,0.476132,80,3.88,310.34,60.34
107,0.537864,60,7.61,456.51,206.51
138,0.435629,58,5.33,308.97,58.97
109,0.388877,41,3.86,158.24,-91.76
163,0.424319,77,4.68,360.65,110.65
138,0.635460,89,3.75,333.46,83.46
89,0.604487,56,4.35,243.64,-6.36
162,0.448469,67,3.61,241.87,-8.13
82,0.473080,46,6.10,280.78,30.78
160,0.377105,65,4.38,284.58,34.58
91,0.648136,56,7.03,393.93,143.93
145,0.609970,85,3.27,277.93,27.93
104,0.638758,60,5.12,306.92,56.92
142,0.301527,44,4.20,184.88,-65.12
121,0.397640,45,3.73,168.03,-81.97
128,0.599948,81,6.66,539.34,289.34
92,0.375527,29,4.37,126.75,-123.25
163,0.589433,95,4.98,473.57,223.57
115,0.473396,51,4.04,206.26,-43.74
116,0.685902,79,4.29,338.89,88.89
95,0.407983,40,6.54,261.67,11.67
117,0.620166,67,3.92,262.63,12.63
90,0.698804,66,6.47,427.23,177.23
113,0.542318,46,5.67,260.99,10.99
125,0.491331,72,4.40,316.71,66.71
129,0.686248,99,6.05,599.03,349.03
144,0.568269,82,7.52,616.66,366.66
115,0.571768,55,3.41,187.51,-62.49
94,0.388630,40,5.60,224.14,-25.86
137,0.374610,54,6.93,374.40,124.40
179,0.606526,120,6.28,754.14,504.14
120,0.615414,77,3.82,293.89,43.89
120,0.622128,75,4.41,330.99,80.99
156,0.453429,70,5.65,395.22,145.22
174,0.673584,107,3.01,322.06,72.06
146,0.381236,57,5.81,331.34,81.34
153,0.511848,75,5.46,409.87,159.87
127,0.530641,70,4.95,346.22,96.22
162,0.335833,54,3.84,207.61,-42.39
144,0.335745,49,6.05,296.51,46.51
162,0.576538,93,5.09,473.33,223.33
117,0.667860,83,5.79,480.29,230.29
97,0.436242,36,3.85,138.57,-111.43
137,0.331326,35,5.60,195.97,-54.03
128,0.688998,82,7.68,629.96,379.96
139,0.686943,106,4.46,472.27,222.27
180,0.365221,72,5.18,373.14,123.14
168,0.361288,67,3.88,259.88,9.88
91,0.609541,58,6.27,363.37,113.37
119,0.648477,77,5.87,451.89,201.89
149,0.394947,70,3.19,223.18,-26.82
166,0.391437,63,7.99,503.14,253.14
109,0.466704,55,4.04,222.34,-27.66
116,0.538377,46,7.09,325.94,75.94
130,0.691043,98,7.04,690.20,440.20
131,0.627789,83,6.59,547.04,297.04
154,0.331212,45,6.37,286.55,36.55
113,0.454316,54,6.38,344.55,94.55
80,0.634972,57,3.49,198.71,-51.29
179,0.441266,82,3.20,262.50,12.50
114,0.318936,33,6.59,217.53,-32.47
134,0.391076,50,7.04,352.08,102.08
144,0.554121,69,5.30,365.51,115.51
136,0.590541,71,5.88,417.67,167.67
110,0.403929,53,3.35,177.43,-72.57
168,0.315873,50,4.88,243.86,-6.14
117,0.652944,76,7.50,569.90,319.90
155,0.597795,88,8.00,703.67,453.67
100,0.685308,67,3.82,256.16,6.16
138,0.309976,37,7.17,265.19,15.19
85,0.392539,39,3.63,141.62,-108.38
97,0.367455,36,3.48,125.17,-124.83
100,0.666436,64,4.75,304.01,54.01
160,0.400643,68,3.59,244.35,-5.65
116,0.488092,58,5.74,333.05,83.05
97,0.405396,42,6.74,283.28,33.28
157,0.385742,62,7.39,458.41,208.41
160,0.632998,103,6.77,697.43,447.43
171,0.477315,74,4.28,316.93,66.93
102,0.356176,29,7.94,230.23,-19.77
112,0.517671,51,6.27,319.96,69.96
111,0.331104,35,4.65,162.88,-87.12
139,0.386228,63,4.26,268.16,18.16
153,0.613719,95,6.64,630.91,380.91
172,0.481383,77,7.64,588.42,338.42
121,0.404196,51,6.53,333.11,83.11
122,0.508964,68,3.37,229.38,-20.62
168,0.635808,109,6.30,686.67,436.67
160,0.518373,95,3.76,357.42,107.42
125,0.660493,77,5.53,426.18,176.18
114,0.574131,59,3.36,198.49,-51.51
144,0.317126,44,7.53,331.42,81.42
135,0.698794,92,3.74,344.41,94.41
120,0.608506,66,5.21,343.68,93.68
86,0.558830,45,5.91,265.88,15.88
164,0.664330,112,4.67,522.66,272.66
96,0.397136,40,7.00,280.16,30.16
125,0.548953,67,7.91,530.15,280.15
138,0.482303,66,6.12,404.19,154.19
150,0.389401,55,7.36,404.80,154.80
148,0.627664,94,4.87,457.82,207.82
128,0.305890,40,7.86,314.57,64.57
152,0.470768,59,4.73,278.82,28.82
178,0.605202,103,4.47,460.39,210.39
164,0.409634,78,7.57,590.54,340.54
138,0.545327,76,3.65,277.28,27.28
122,0.535679,72,3.42,245.93,-4.07
120,0.681322,83,5.18,429.77,179.77
133,0.566360,74,6.03,446.09,196.09
109,0.694967,73,3.98,290.73,40.73
125,0.372604,45,7.01,315.27,65.27
101,0.471051,45,3.27,147.02,-102.98
119,0.569100,70,5.78,404.83,154.83
127,0.588730,73,4.70,343.17,93.17
124,0.373440,47,5.74,269.80,19.80
142,0.359503,48,3.59,172.15,-77.85
134,0.561873,75,5.20,389.83,139.83
116,0.486693,54,6.77,365.33,115.33
179,0.341384,58,5.83,337.95,87.95
134,0.438419,61,6.61,402.94,152.94
103,0.572869,59,7.07,416.98,166.98
106,0.439498,47,6.88,323.15,73.15
142,0.614825,90,7.77,699.31,449.31
168,0.561791,81,7.73,625.88,375.88
103,0.516843,55,5.06,278.12,28.12
112,0.691552,88,7.04,619.77,369.77
104,0.467895,49,6.77,331.68,81.68
87,0.423448,42,4.37,183.47,-66.53
91,0.539056,54,7.88,425.45,175.45
91,0.379850,25,4.22,105.43,-144.57
127,0.448348,59,3.16,186.33,-63.67
97,0.392789,43,5.14,221.19,-28.81
148,0.559065,75,3.72,279.16,29.16
161,0.456050,59,3.46,204.23,-45.77
171,0.394085,74,3.70,273.82,23.82
88,0.639839,61,5.45,332.62,82.62
122,0.642349,70,7.65,535.50,285.50
126,0.446466,57,6.65,379.31,129.31
120,0.496929,56,7.39,414.08,164.08
180,0.304644,69,5.61,387.01,137.01
90,0.314757,35,6.11,213.73,-36.27
126,0.578967,69,6.10,420.94,170.94
125,0.578097,71,7.93,563.27,313.27
172,0.665879,117,3.10,363.08,113.08
138,0.577621,84,7.54,633.71,383.71
157,0.518475,82,7.83,641.65,391.65
175,0.648504,122,6.94,846.73,596.73
128,0.502718,75,4.15,311.10,61.10
127,0.566809,73,3.24,236.32,-13.68
113,0.661020,67,7.44,498.64,248.64
114,0.331110,40,4.50,180.15,-69.85
84,0.678018,55,4.30,236.70,-13.30
92,0.365062,39,5.34,208.21,-41.79
115,0.462484,46,5.73,263.49,13.49
161,0.575027,97,3.08,298.62,48.62
174,0.340191,60,4.44,266.54,16.54
110,0.435585,52,4.44,230.75,-19.25
166,0.316628,48,6.85,328.99,78.99
168,0.570613,101,4.58,462.48,212.48
99,0.344485,31,7.69,238.48,-11.52
112,0.582359,62,6.51,403.58,153.58
82,0.445794,44,5.86,258.05,8.05
96,0.329004,30,5.58,167.29,-82.71
124,0.562265,69,4.12,284.45,34.45
101,0.320755,29,7.20,208.72,-41.28
160,0.573919,89,3.04,270.35,20.35
100,0.552333,55,5.78,318.16,68.16
97,0.615467,62,5.76,357.38,107.38
111,0.591929,75,5.48,411.17,161.17
92,0.678088,63,5.45,343.52,93.52
113,0.440837,47,5.98,280.94,30.94
168,0.359881,68,3.61,245.20,-4.80
139,0.636899,96,7.18,688.85,438.85
129,0.414490,58,4.62,268.14,18.14
174,0.317037,57,5.39,307.46,57.46
80,0.491200,45,6.79,305.65,55.65
145,0.671159,91,4.50,409.27,159.27
164,0.307302,50,5.17,258.48,8.48
120,0.607346,77,7.21,554.98,304.98
170,0.672338,120,5.44,652.82,402.82
148,0.329952,53,6.05,320.79,70.79
167,0.375717,61,5.50,335.47,85.47
164,0.506675,85,5.30,450.36,200.36
111,0.634618,77,3.25,250.59,0.59
168,0.452595,82,7.32,600.34,350.34
98,0.407764,34,4.27,145.33,-104.67
157,0.360175,57,6.86,391.04,141.04
116,0.310674,41,5.38,220.55,-29.45
152,0.497072,76,3.18,241.77,-8.23
131,0.688795,91,6.06,551.82,301.82
114,0.476176,50,5.12,255.78,5.78
95,0.427921,38,6.37,242.18,-7.82
114,0.393116,39,4.57,178.32,-71.68
105,0.328576,37,6.88,254.51,4.51
92,0.634636,54,6.49,350.59,100.59
116,0.392569,45,5.98,269.15,19.15
111,0.379813,41,7.00,287.07,37.07
80,0.507898,42,5.64,236.98,-13.02
180,0.466115,86,6.94,596.54,346.54
104,0.496856,58,6.56,380.64,130.64
81,0.322006,30,7.09,212.84,-37.16
108,0.517927,54,5.20,280.81,30.81
128,0.602226,86,7.05,606.45,356.45
84,0.318106,32,5.52,176.67,-73.33
179,0.314747,44,4.96,218.15,-31.85
174,0.598672,108,4.05,437.76,187.76
104,0.559508,55,5.34,293.52,43.52
108,0.592678,60,4.70,281.83,31.83
163,0.320915,54,6.61,357.10,107.10
180,0.549595,90,3.82,343.89,93.89
154,0.511099,72,3.57,257.26,7.26
134,0.573604,66,7.55,497.98,247.98
105,0.429492,46,4.56,209.94,-40.06
110,0.512011,62,4.81,298.02,48.02
107,0.564740,60,4.45,266.80,16.80
104,0.654285,61,4.25,259.49,9.49
144,0.627342,89,3.13,278.55,28.55
142,0.327714,50,3.33,166.44,-83.56
175,0.647831,115,3.35,384.81,134.81
93,0.684419,65,5.46,354.71,104.71
144,0.604503,81,4.03,326.08,76.08
154,0.429980,66,4.05,267.49,17.49
178,0.463712,84,4.70,395.19,145.19
169,0.652962,113,5.99,676.55,426.55
122,0.655173,86,7.26,624.51,374.51
179,0.543483,90,6.63,596.41,346.41
119,0.335637,43,3.35,144.08,-105.92
156,0.504068,73,3.31,241.91,-8.09
150,0.567237,80,5.79,463.40,213.40
118,0.460798,56,5.64,315.65,65.65
140,0.486209,70,3.25,227.51,-22.49
135,0.511854,66,3.84,253.43,3.43
159,0.472956,70,4.10,286.71,36.71
133,0.597120,83,3.85,319.31,69.31
141,0.482789,74,7.69,568.96,318.96
113,0.643139,77,3.98,306.18,56.18
80,0.385729,30,4.55,136.47,-113.53
170,0.602928,104,4.50,467.83,217.83
155,0.443588,65,4.80,311.95,61.95
127,0.369252,49,5.23,256.35,6.35
99,0.474714,43,5.99,257.74,7.74
142,0.503495,71,4.24,300.80,50.80
107,0.440924,47,6.41,301.24,51.24
174,0.415798,66,5.15,339.90,89.90
80,0.518398,40,3.94,157.70,-92.30
103,0.377021,31,3.37,104.52,-145.48
157,0.588093,101,3.77,380.81,130.81
102,0.674791,72,5.70,410.41,160.41
93,0.556366,49,6.48,317.43,67.43
132,0.513366,62,5.13,318.00,68.00
91,0.369850,31,4.30,133.27,-116.73
114,0.381320,49,3.75,183.55,-66.45
148,0.491214,67,5.02,336.42,86.42
83,0.611193,43,6.31,271.12,21.12
103,0.619217,67,5.65,378.35,128.35
153,0.644681,96,3.11,298.55,48.55
136,0.416559,67,3.63,242.95,-7.05
134,0.304867,35,4.13,144.44,-105.56
130,0.425448,51,5.36,273.53,23.53
102,0.511534,48,6.47,310.70,60.70
91,0.378858,42,4.56,191.55,-58.45
169,0.649238,101,6.38,644.47,394.47
130,0.474880,64,4.45,284.73,34.73
102,0.338845,36,7.10,255.55,5.55
170,0.580273,94,7.28,684.09,434.09
178,0.436725,80,4.40,351.60,101.60
91,0.391641,39,7.16,279.41,29.41
175,0.384652,68,7.54,512.94,262.94
176,0.582468,105,5.44,571.69,321.69
133,0.530714,75,6.43,482.12,232.12
149,0.561847,90,4.73,425.46,175.46
134,0.539696,72,4.17,300.23,50.23
155,0.374786,58,4.58,265.58,15.58
113,0.320625,46,3.67,168.94,-81.06
81,0.377964,24,6.30,151.32,-98.68
147,0.590292,80,7.31,584.79,334.79
164,0.506164,87,7.16,623.34,373.34
167,0.409596,71,3.03,215.31,-34.69
92,0.407301,37,7.00,258.90,8.90
104,0.414110,42,4.78,200.77,-49.23
88,0.692068,57,3.64,207.51,-42.49
120,0.377590,46,4.41,202.72,-47.28
130,0.324734,45,4.28,192.42,-57.58
129,0.331114,43,4.95,212.66,-37.34
118,0.531690,56,7.26,406.42,156.42
92,0.436187,32,4.60,147.15,-102.85
130,0.426647,67,4.76,319.25,69.25
139,0.614376,82,3.65,299.00,49.00
111,0.566873,61,4.85,295.84,45.84
103,0.628173,66,3.54,233.69,-16.31
100,0.567187,52,6.56,341.14,91.14
115,0.658402,70,4.57,319.77,69.77
108,0.333671,32,4.57,146.26,-103.74
179,0.431373,72,6.41,461.20,211.20
128,0.644366,86,4.05,348.10,98.10
120,0.387364,47,7.37,346.35,96.35
177,0.546541,95,6.66,632.89,382.89
141,0.635759,89,7.45,663.42,413.42
133,0.587942,84,5.07,425.81,175.81
94,0.386798,37,4.42,163.70,-86.30
90,0.550477,59,7.04,415.63,165.63
144,0.331498,52,6.73,350.11,100.11
104,0.659081,64,7.43,475.25,225.25
88,0.499612,43,5.16,221.70,-28.30
119,0.698693,84,5.46,458.62,208.62
138,0.695268,87,7.36,640.44,390.44
164,0.579883,95,3.30,313.46,63.46
164,0.394966,64,7.41,474.09,224.09
136,0.672048,88,5.14,452.58,202.58
177,0.447187,77,6.37,490.25,240.25
126,0.681758,86,4.78,411.38,161.38
157,0.509497,78,6.76,527.21,277.21
87,0.586251,53,7.12,377.18,127.18
175,0.589660,102,5.96,607.83,357.83
130,0.487756,64,6.78,433.87,183.87
136,0.564932,75,5.15,386.16,136.16
164,0.516202,78,3.78,294.54,44.54
80,0.325337,28,4.04,112.99,-137.01
95,0.697531,66,5.62,371.09,121.09
99,0.446069,46,5.71,262.52,12.52
132,0.400962,62,4.15,257.29,7.29
139,0.514349,64,4.21,269.48,19.48
81,0.302589,17,3.20,54.43,-195.57
164,0.324203,60,5.99,359.60,109.60
82,0.493319,33,7.40,244.24,-5.76
162,0.668892,95,6.16,585.42,335.42
130,0.648387,88,5.03,442.26,192.26
138,0.367022,45,4.18,187.92,-62.08
129,0.485296,58,6.51,377.49,127.49
107,0.322944,35,3.36,117.51,-132.49
114,0.300353,36,5.11,184.12,-65.88
155,0.520680,89,3.06,272.55,22.55
82,0.522572,41,5.04,206.76,-43.24
115,0.528910,70,7.38,516.26,266.26
96,0.697022,73,7.12,519.71,269.71
121,0.358619,42,5.03,211.47,-38.53
153,0.699702,106,3.60,382.09,132.09
159,0.569410,86,3.26,280.66,30.66
145,0.561493,79,3.29,259.71,9.71
127,0.319315,38,4.29,163.19,-86.81
106,0.302816,42,6.68,280.58,30.58
99,0.525341,52,3.25,168.78,-81.22
160,0.443445,66,4.74,313.14,63.14
137,0.374310,54,3.96,213.88,-36.12
110,0.347351,38,4.03,153.05,-96.95
107,0.634090,65,6.05,393.01,143.01
100,0.485918,46,6.36,292.39,42.39
97,0.472783,47,4.58,215.25,-34.75
101,0.524717,50,4.57,228.37,-21.63
149,0.543230,84,6.10,512.62,262.62
90,0.688533,57,7.15,407.71,157.71
135,0.641648,91,6.62,602.85,352.85
142,0.663109,87,3.44,298.93,48.93
174,0.424676,69,4.43,305.87,55.87
132,0.338673,41,5.26,215.56,-34.44
107,0.357639,40,5.55,222.09,-27.91
139,0.687118,96,6.76,649.15,399.15
156,0.689069,111,6.96,772.02,522.02
180,0.336826,58,7.38,428.05,178.05
115,0.518800,59,6.64,391.51,141.51
105,0.321917,45,4.83,217.45,-32.55
99,0.400823,47,4.20,197.49,-52.51
103,0.509944,52,4.52,235.24,-14.76
95,0.488074,43,6.55,281.78,31.78
102,0.656945,67,5.23,350.66,100.66
147,0.675044,100,7.32,732.44,482.44
174,0.627048,110,5.72,628.73,378.73
121,0.626540,71,6.28,446.03,196.03
180,0.652919,131,5.49,718.70,468.70
139,0.462505,71,7.13,506.21,256.21
127,0.326252,40,5.99,239.62,-10.38
107,0.690492,69,3.97,273.75,23.75
127,0.480832,68,3.08,209.57,-40.43
167,0.352868,49,4.47,218.82,-31.18
94,0.300498,25,5.02,125.41,-124.59
153,0.480409,68,7.39,502.71,252.71
99,0.303815,29,6.70,194.37,-55.63
112,0.330099,29,4.82,139.73,-110.27
109,0.486047,55,7.82,429.96,179.96
152,0.507599,80,4.33,346.53,96.53
173,0.684149,123,7.36,904.94,654.94
101,0.462088,53,5.06,267.98,17.98
148,0.497889,77,4.27,328.91,78.91
129,0.584335,74,5.45,403.07,153.07
81,0.301077,26,6.42,166.88,-83.12
125,0.641608,74,6.15,454.98,204.98
130,0.552553,65,5.18,336.82,86.82
106,0.567062,66,7.00,461.77,211.77
144,0.432985,48,4.52,217.17,-32.83
176,0.660300,110,4.52,496.90,246.90
97,0.449751,43,4.82,207.26,-42.74
80,0.363245,32,6.36,203.66,-46.34
114,0.646467,66,6.72,443.60,193.60
124,0.523528,69,3.48,240.16,-9.84
116,0.329115,35,7.48,261.85,11.85
85,0.625942,45,4.05,182.24,-67.76
120,0.642546,75,7.13,535.08,285.08
138,0.607688,86,7.60,653.30,403.30
103,0.339576,35,3.13,109.67,-140.33
153,0.344870,47,7.14,335.48,85.48
94,0.380799,41,3.57,146.34,-103.66
138,0.339857,54,3.10,167.19,-82.81
144,0.446438,58,3.28,190.04,-59.96
91,0.677296,67,4.08,273.07,23.07
136,0.592228,89,5.14,457.77,207.77
149,0.302835,48,7.26,348.41,98.41
94,0.688820,59,3.59,211.81,-38.19
163,0.354043,54,3.22,173.80,-76.20
147,0.624678,92,7.14,657.25,407.25
140,0.675657,96,3.10,297.88,47.88
171,0.613055,110,5.05,555.81,305.81
92,0.570303,45,6.66,299.53,49.53
98,0.634955,65,6.82,443.16,193.16
155,0.551473,77,4.80,369.73,119.73
127,0.326044,39,5.40,210.58,-39.42
119,0.658923,91,6.86,624.10,374.10
159,0.456357,78,4.85,378.51,128.51
130,0.566346,80,6.74,539.02,289.02
157,0.379975,57,5.10,290.68,40.68
133,0.679232,94,4.63,434.80,184.80
138,0.376139,51,3.23,164.62,-85.38
163,0.407359,65,3.54,230.00,-20.00
149,0.674248,95,6.77,643.07,393.07
93,0.406567,39,6.40,249.78,-0.22
104,0.637093,63,6.05,381.05,131.05
179,0.586856,101,6.60,666.24,416.24
120,0.529124,69,7.25,500.46,250.46
115,0.314369,28,6.38,178.67,-71.33
177,0.576771,102,6.40,652.69,402.69
106,0.308340,30,7.32,219.47,-30.53
106,0.638519,63,7.69,484.16,234.16
171,0.417903,69,7.95,548.31,298.31
154,0.688970,113,6.41,724.89,474.89
158,0.492969,88,6.15,541.41,291.41
113,0.600575,67,7.70,516.13,266.13
140,0.498921,64,3.22,205.89,-44.11
172,0.375224,67,3.79,253.76,3.76
150,0.671452,108,6.18,667.00,417.00
122,0.692123,82,5.64,462.15,212.15
90,0.597611,48,6.35,304.76,54.76
134,0.445483,65,4.55,295.95,45.95
122,0.525874,63,3.50,220.25,-29.75
126,0.333755,43,7.02,301.79,51.79
121,0.345817,40,5.57,222.96,-27.04
178,0.685088,115,6.21,713.85,463.85
121,0.387709,49,4.64,227.33,-22.67
158,0.530292,98,3.82,374.45,124.45
115,0.444863,56,5.31,297.41,47.41
116,0.547288,66,6.37,420.45,170.45
160,0.382012,65,4.46,290.14,40.14
139,0.503080,81,6.70,542.95,292.95
150,0.405977,59,6.26,369.62,119.62
99,0.640036,64,7.24,463.08,213.08
134,0.522787,68,5.31,360.90,110.90
166,0.520437,78,6.06,472.60,222.60
125,0.407502,43,3.77,162.17,-87.83
164,0.379666,68,6.54,444.74,194.74
116,0.339104,50,6.82,340.85,90.85
111,0.552865,60,5.09,305.13,55.13
175,0.695738,112,7.84,877.82,627.82
144,0.474217,79,7.98,630.63,380.63
148,0.427615,71,5.24,372.37,122.37
96,0.517086,54,4.80,259.37,9.37
94,0.520925,53,7.04,373.18,123.18
124,0.537990,60,5.79,347.38,97.38
102,0.413736,41,3.24,132.81,-117.19
117,0.456710,50,7.94,396.78,146.78
148,0.506341,74,6.31,466.98,216.98
160,0.566886,79,4.85,382.81,132.81
175,0.517397,102,6.86,700.01,450.01
161,0.340720,50,3.82,190.87,-59.13
176,0.406435,73,4.87,355.60,105.60
178,0.335306,67,6.66,446.53,196.53
143,0.342241,43,3.36,144.50,-105.50
126,0.480599,61,5.04,307.50,57.50
112,0.620817,68,6.60,448.63,198.63
173,0.693579,117,3.22,376.20,126.20
152,0.624409,89,7.61,677.33,427.33
177,0.379218,71,4.49,319.01,69.01
106,0.610056,70,3.18,222.63,-27.37
100,0.495116,55,6.69,368.22,118.22
178,0.698530,115,5.00,574.61,324.61
117,0.534565,63,5.54,348.92,98.92
171,0.543210,97,5.91,573.02,323.02
136,0.487189,57,4.79,273.08,23.08
119,0.569148,67,4.81,322.31,72.31
155,0.640944,90,3.62,325.97,75.97
135,0.411436,54,5.51,297.59,47.59
130,0.532886,63,5.51,347.35,97.35
170,0.322104,46,7.05,324.24,74.24
125,0.596287,76,5.40,410.42,160.42
130,0.560657,78,5.61,437.52,187.52
90,0.488606,43,7.81,335.63,85.63
171,0.649272,104,3.10,322.15,72.15
116,0.400016,44,5.86,257.93,7.93
136,0.642245,87,4.74,412.51,162.51
112,0.552741,62,6.54,405.75,155.75
179,0.679806,132,5.58,736.83,486.83
173,0.332188,52,3.23,167.88,-82.12
83,0.664681,56,7.89,441.88,191.88
116,0.469749,48,4.34,208.37,-41.63
160,0.488233,80,7.40,591.90,341.90
175,0.479023,85,4.00,340.02,90.02
123,0.696639,89,3.46,307.78,57.78
164,0.330866,53,4.04,214.04,-35.96
144,0.507522,77,3.55,273.03,23.03
123,0.562859,67,3.33,222.95,-27.05
175,0.671536,120,6.59,791.37,541.37
140,0.676124,97,5.22,506.58,256.58
165,0.402531,49,6.46,316.44,66.44
118,0.542469,58,6.98,404.71,154.71
170,0.337224,62,7.01,434.72,184.72
84,0.607579,61,7.36,448.80,198.80
170,0.316643,60,6.55,392.78,142.78
106,0.381447,41,3.23,132.37,-117.63
135,0.601474,85,6.25,530.86,280.86
106,0.322644,34,4.69,159.62,-90.38
141,0.689090,99,6.76,668.82,418.82
110,0.336448,37,3.28,121.35,-128.65
161,0.437515,67,4.74,317.31,67.31
100,0.542447,49,3.59,175.69,-74.31
144,0.663614,100,4.68,468.29,218.29
96,0.324111,37,6.69,247.38,-2.62
108,0.535320,59,6.35,374.92,124.92
128,0.350142,30,3.97,119.12,-130.88
153,0.304646,52,6.22,323.35,73.35
95,0.589563,57,7.52,428.71,178.71
151,0.338849,51,4.38,223.23,-26.77
133,0.560425,84,5.79,486.25,236.25
134,0.639695,89,5.45,485.36,235.36
151,0.608145,92,5.69,523.70,273.70
94,0.414908,32,4.27,136.76,-113.24
101,0.470615,41,3.81,156.02,-93.98
100,0.573015,61,7.77,473.77,223.77
96,0.435617,36,4.44,159.74,-90.26
153,0.434060,63,7.95,501.00,251.00
80,0.692968,58,4.95,287.07,37.07
174,0.604331,113,6.52,736.48,486.48
158,0.326071,50,4.69,234.69,-15.31
99,0.668737,66,4.30,283.78,33.78
178,0.557903,105,6.04,634.03,384.03
111,0.419007,43,6.64,285.63,35.63
168,0.443283,72,6.97,501.88,251.88
89,0.327732,27,6.76,182.56,-67.44
149,0.545031,82,6.07,497.47,247.47
104,0.640564,57,4.65,265.33,15.33
134,0.447572,60,5.52,331.34,81.34
140,0.400939,59,5.18,305.35,55.35
94,0.635633,56,7.83,438.66,188.66
86,0.542914,52,6.20,322.51,72.51
166,0.305425,54,4.23,228.23,-21.77
171,0.406782,62,5.91,366.52,116.52
144,0.358376,56,3.63,203.10,-46.90
164,0.426088,63,4.73,298.21,48.21
164,0.367862,71,3.06,216.92,-33.08
140,0.513216,69,6.82,470.72,220.72
84,0.398284,34,4.31,146.69,-103.31
108,0.366537,43,3.03,130.13,-119.87
171,0.650063,113,4.34,490.78,240.78
103,0.399562,44,6.85,301.35,51.35
97,0.574529,53,7.21,381.92,131.92
177,0.509846,91,6.89,627.39,377.39
90,0.354101,34,6.97,236.83,-13.17
138,0.602359,94,5.36,503.54,253.54
162,0.504932,83,5.47,454.01,204.01
119,0.515682,63,3.28,206.80,-43.20
123,0.399313,50,4.36,218.14,-31.86
159,0.648708,102,5.11,521.32,271.32
160,0.663464,113,5.44,614.57,364.57
160,0.333547,56,4.11,230.31,-19.69
163,0.478591,70,5.70,398.69,148.69
152,0.519010,94,4.48,420.90,170.90
167,0.485607,86,4.47,384.36,134.36
102,0.386170,43,4.90,210.64,-39.36
165,0.456084,72,4.01,288.64,38.64
87,0.583418,47,7.80,366.44,116.44
117,0.657775,74,7.05,521.40,271.40
93,0.670010,62,4.10,254.31,4.31
153,0.566136,80,7.44,595.19,345.19
127,0.491849,59,7.86,463.54,213.54
138,0.589228,78,3.30,257.54,7.54
124,0.365924,37,6.48,239.88,-10.12
180,0.562397,107,7.77,831.90,581.90
103,0.540176,54,4.11,221.67,-28.33
176,0.512544,92,3.65,335.93,85.93
132,0.618836,72,6.51,468.44,218.44
171,0.429968,76,3.40,258.19,8.19
106,0.466378,50,5.92,296.22,46.22
178,0.564789,107,6.74,721.67,471.67
96,0.541003,53,4.99,264.67,14.67
147,0.398728,57,5.03,286.97,36.97
119,0.309079,34,7.96,270.50,20.50
149,0.640980,97,5.58,540.97,290.97
99,0.303251,23,3.75,86.34,-163.66
177,0.585074,111,3.94,437.17,187.17
141,0.475532,54,3.64,196.74,-53.26
145,0.565876,81,5.26,425.89,175.89
105,0.499564,49,5.07,248.36,-1.64
96,0.585232,56,3.27,182.90,-67.10
111,0.419124,44,3.06,134.82,-115.18
180,0.412207,80,5.36,428.48,178.48
111,0.499431,67,3.08,206.41,-43.59
146,0.503113,83,3.93,326.12,76.12
84,0.339722,29,4.66,135.03,-114.97
116,0.655543,73,7.73,564.53,314.53
159,0.680939,114,7.72,880.37,630.37
105,0.589249,64,6.07,388.51,138.51
157,0.449855,74,4.39,324.68,74.68
138,0.339945,43,3.60,154.92,-95.08
150,0.556168,97,6.36,616.61,366.61
118,0.372419,42,6.22,261.14,11.14
139,0.367971,50,4.90,245.17,-4.83
103,0.463921,49,6.22,304.67,54.67
107,0.439873,51,4.65,237.31,-12.69
86,0.377271,30,7.80,234.10,-15.90
85,0.364840,35,5.13,179.40,-70.60
94,0.417248,43,6.13,263.76,13.76
92,0.425705,42,5.81,244.20,-5.80
172,0.662763,123,4.17,512.38,262.38
87,0.696986,62,5.35,331.46,81.46
130,0.305515,42,4.14,173.79,-76.21
173,0.563048,91,3.51,319.48,69.48
148,0.505491,75,7.58,568.76,318.76
174,0.394952,67,5.25,351.55,101.55
125,0.503397,68,6.41,435.55,185.55
111,0.323132,35,3.95,138.09,-111.91
124,0.554601,70,4.64,324.97,74.97
100,0.698104,66,5.77,380.80,130.80
106,0.561078,62,3.30,204.37,-45.63
152,0.482400,79,4.51,356.41,106.41
93,0.354848,33,4.92,162.31,-87.69
163,0.345138,62,7.41,459.55,209.55
126,0.349854,42,4.65,195.45,-54.55
137,0.344265,57,5.01,285.56,35.56
131,0.403376,56,7.50,420.11,170.11
107,0.452497,45,6.48,291.71,41.71
115,0.631046,72,7.13,513.57,263.57
151,0.484329,75,4.15,311.00,61.00
171,0.313892,59,3.17,187.09,-62.91
159,0.458228,75,5.32,398.89,148.89
82,0.692076,58,6.37,369.67,119.67
138,0.693484,100,4.44,443.72,193.72
153,0.622155,95,4.40,418.14,168.14
113,0.341916,46,4.68,215.37,-34.63
119,0.518954,59,5.54,327.12,77.12
81,0.457847,27,7.05,190.35,-59.65
151,0.616430,83,3.34,276.86,26.86
148,0.471156,72,6.28,451.88,201.88
87,0.518359,39,4.68,182.54,-67.46
152,0.587233,97,6.21,601.97,351.97
142,0.692981,110,7.51,826.01,576.01
127,0.488123,57,4.34,247.15,-2.85
109,0.494886,61,7.03,429.04,179.04
83,0.411495,33,6.64,219.10,-30.90
85,0.644573,58,4.25,246.53,-3.47
83,0.403796,28,3.26,91.34,-158.66
113,0.472471,50,6.70,334.99,84.99
81,0.373314,35,3.20,111.90,-138.10
93,0.659286,58,6.56,380.28,130.28
89,0.453640,35,6.19,216.53,-33.47
140,0.616890,91,6.59,600.04,350.04
88,0.543413,49,6.56,321.29,71.29
165,0.343204,54,3.17,171.15,-78.85
104,0.476520,39,3.71,144.88,-105.12
102,0.377824,41,4.49,184.19,-65.81
166,0.441484,67,3.51,235.10,-14.90
90,0.604932,52,6.88,357.81,107.81
137,0.410005,63,3.60,226.86,-23.14
172,0.649445,111,3.58,397.12,147.12
125,0.512499,58,7.21,418.33,168.33
87,0.355472,31,5.98,185.34,-64.66
84,0.550015,45,5.37,241.69,-8.31
115,0.443507,51,6.31,321.78,71.78
112,0.663342,78,5.27,411.37,161.37
165,0.559009,88,3.30,289.96,39.96
108,0.391984,45,4.34,195.25,-54.75
138,0.652117,91,4.69,426.90,176.90
97,0.472692,43,6.93,298.03,48.03
159,0.500999,71,7.06,501.16,251.16
83,0.699645,54,4.80,259.15,9.15
115,0.581047,62,4.39,272.27,22.27
173,0.448515,67,7.55,505.59,255.59
80,0.406653,32,6.96,222.85,-27.15
171,0.462549,78,4.58,357.55,107.55
134,0.536057,69,4.03,278.05,28.05
147,0.615849,93,4.77,443.32,193.32
131,0.598626,77,7.35,566.11,316.11
88,0.498958,46,7.95,365.71,115.71
96,0.670264,64,5.60,358.65,108.65
129,0.691051,93,3.46,322.08,72.08
94,0.615876,63,7.04,443.39,193.39
138,0.645518,94,4.54,426.52,176.52
117,0.660695,81,4.55,368.19,118.19
126,0.342253,46,7.79,358.38,108.38
88,0.353691,37,3.49,129.13,-120.87
118,0.506147,61,7.25,442.33,192.33
175,0.345697,64,5.00,319.84,69.84
169,0.694049,120,4.30,515.43,265.43
148,0.418890,62,5.24,324.70,74.70
144,0.411977,62,6.30,390.61,140.61
153,0.377034,55,4.30,236.54,-13.46
119,0.651524,77,5.68,437.42,187.42
161,0.543341,98,4.53,443.46,193.46
137,0.459161,67,6.69,448.44,198.44
103,0.559321,69,4.30,296.89,46.89
120,0.658707,79,5.11,403.51,153.51
129,0.349237,41,5.72,234.70,-15.30
99,0.606625,60,3.20,191.96,-58.04
119,0.464845,59,3.67,216.54,-33.46
84,0.603245,55,5.22,287.35,37.35
97,0.318469,31,5.66,175.38,-74.62
122,0.589832,66,6.74,445.08,195.08
90,0.674022,54,5.03,271.38,21.38
82,0.558750,46,5.14,236.24,-13.76
108,0.604560,67,6.76,452.67,202.67
110,0.341591,39,5.17,201.48,-48.52
97,0.524126,53,4.94,261.88,11.88
84,0.561886,52,6.45,335.42,85.42
106,0.317702,34,5.33,181.19,-68.81
144,0.465174,70,3.23,225.95,-24.05
122,0.699348,88,6.21,546.40,296.40
150,0.324885,50,6.24,312.09,62.09
162,0.453168,73,7.54,550.35,300.35
133,0.401592,56,4.32,241.84,-8.16
175,0.562270,100,4.87,486.81,236.81
94,0.653849,64,3.24,207.60,-42.40
91,0.645756,57,6.75,384.56,134.56
172,0.698163,117,3.37,394.16,144.16
158,0.654034,108,6.86,741.38,491.38
81,0.552831,39,4.69,182.94,-67.06
175,0.429588,73,4.26,310.64,60.64
175,0.662916,123,3.07,377.04,127.04
130,0.638419,85,3.30,280.28,30.28
153,0.562338,78,7.67,598.32,348.32
94,0.679318,62,3.79,234.70,-15.30
109,0.498062,48,6.09,292.31,42.31
155,0.429593,50,5.29,264.54,14.54
83,0.656491,48,5.42,260.36,10.36
80,0.520660,51,7.54,384.46,134.46
85,0.541643,50,3.66,182.95,-67.05
84,0.419899,38,3.32,126.30,-123.70
145,0.425236,56,7.22,404.18,154.18
116,0.315701,38,7.31,277.76,27.76
86,0.696421,61,4.83,294.60,44.60
131,0.519661,70,7.51,525.48,275.48
94,0.348088,31,5.95,184.35,-65.65
124,0.369340,33,6.07,200.44,-49.56
96,0.536187,58,4.53,262.55,12.55
99,0.520132,49,7.76,380.15,130.15
112,0.413814,45,3.44,154.78,-95.22
148,0.449302,80,4.43,354.78,104.78
165,0.361113,61,6.30,384.54,134.54
93,0.477694,53,5.74,304.46,54.46
143,0.477069,72,4.86,349.77,99.77
139,0.352931,56,4.62,258.81,8.81
166,0.523383,88,3.36,295.78,45.78
179,0.312703,62,5.50,341.25,91.25
90,0.421627,40,3.98,159.27,-90.73
147,0.541791,95,6.50,617.21,367.21
100,0.465805,46,7.88,362.29,112.29
151,0.609769,100,7.04,703.76,453.76
80,0.426613,42,6.11,256.66,6.66
116,0.536620,58,5.58,323.90,73.90
111,0.506122,53,7.54,399.59,149.59
94,0.666910,57,6.43,366.56,116.56
148,0.452839,64,7.56,483.60,233.60
144,0.411213,55,6.07,333.92,83.92
141,0.302939,42,7.76,326.00,76.00
135,0.300622,46,4.52,207.80,-42.20
118,0.599219,69,5.78,399.10,149.10
139,0.614535,82,5.87,481.68,231.68
109,0.314285,31,5.65,175.04,-74.96
116,0.378560,38,7.51,285.30,35.30
85,0.407738,38,5.60,212.65,-37.35
131,0.510197,67,3.16,212.04,-37.96
153,0.343900,57,5.93,337.88,87.88
83,0.591894,56,6.15,344.38,94.38
137,0.407109,55,4.54,249.62,-0.38
114,0.652183,78,7.90,616.52,366.52
100,0.503447,50,5.70,285.09,35.09
164,0.455935,72,4.92,354.51,104.51
83,0.643746,54,6.66,359.43,109.43
172,0.426553,70,3.84,268.89,18.89
86,0.695973,66,7.70,508.08,258.08
139,0.636859,86,7.47,642.80,392.80
110,0.603166,71,4.70,333.54,83.54
92,0.397517,33,5.31,175.23,-74.77
88,0.553711,41,3.42,140.22,-109.78
113,0.634799,73,6.04,441.05,191.05
81,0.499807,36,3.36,120.82,-129.18
146,0.368475,51,5.65,288.31,38.31
119,0.303904,33,5.92,195.27,-54.73
85,0.505353,41,5.50,225.40,-24.60
157,0.599927,93,7.24,673.49,423.49
161,0.335309,56,6.69,374.85,124.85
174,0.486901,82,5.26,431.51,181.51
104,0.630892,69,4.41,304.55,54.55
128,0.427482,52,6.89,358.02,108.02
141,0.321955,46,4.17,191.73,-58.27
120,0.587087,74,6.98,516.25,266.25
115,0.594945,75,7.62,571.29,321.29
130,0.395149,53,5.61,297.26,47.26
159,0.502710,77,4.22,325.04,75.04
145,0.651783,107,5.90,631.20,381.20
112,0.444287,50,4.44,221.94,-28.06
173,0.312703,43,6.76,290.58,40.58
126,0.695066,93,3.80,353.79,103.79
92,0.400449,44,3.84,169.03,-80.97
111,0.499935,60,7.16,429.83,179.83
148,0.454642,69,4.37,301.26,51.26
114,0.632268,76,3.77,286.85,36.85
173,0.562326,103,5.79,596.61,346.61
155,0.641266,95,7.54,715.98,465.98
149,0.341089,49,5.41,264.98,14.98
81,0.525848,41,7.88,322.96,72.96
162,0.485998,82,4.97,407.80,157.80
100,0.666943,69,7.68,529.67,279.67
129,0.669729,86,3.16,271.70,21.70
114,0.673085,78,6.30,491.52,241.52
175,0.333978,73,6.02,439.61,189.61
116,0.575033,61,3.12,190.10,-59.90
129,0.615793,84,4.11,345.00,95.00
120,0.597792,75,5.62,421.43,171.43
165,0.441736,73,6.12,446.54,196.54
107,0.690306,74,7.71,570.56,320.56
82,0.313383,24,5.89,141.41,-108.59
166,0.640897,111,6.68,741.56,491.56
93,0.470039,46,5.81,267.03,17.03
178,0.448456,80,7.25,579.85,329.85
94,0.600442,53,6.55,346.97,96.97
97,0.579137,53,4.89,259.11,9.11
111,0.554658,57,5.06,288.19,38.19
137,0.409143,53,3.34,177.14,-72.86
86,0.493126,45,7.13,320.88,70.88
128,0.451588,61,4.16,253.79,3.79
88,0.574373,50,6.35,317.27,67.27
138,0.324414,50,7.92,396.20,146.20
115,0.326456,31,4.49,139.27,-110.73
146,0.615297,93,3.94,366.44,116.44
87,0.577713,53,4.36,231.09,-18.91
81,0.323587,26,3.90,101.28,-148.72
104,0.395941,45,5.14,231.12,-18.88
80,0.400940,27,6.59,177.89,-72.11
117,0.553551,64,4.21,269.51,19.51
166,0.417860,66,5.13,338.78,88.78
140,0.557351,73,6.29,459.23,209.23
179,0.619038,115,7.41,852.04,602.04
161,0.611306,99,3.18,314.48,64.48
170,0.391032,70,7.46,522.10,272.10
99,0.498954,39,4.72,183.92,-66.08
110,0.316808,34,7.63,259.26,9.26
132,0.344484,45,4.82,216.98,-33.02
170,0.371975,63,4.57,287.79,37.79
89,0.548128,50,6.78,338.84,88.84
137,0.438949,61,4.51,274.81,24.81
137,0.581768,80,7.76,620.84,370.84
157,0.674775,117,6.51,761.29,511.29
170,0.377005,78,6.81,531.07,281.07
143,0.556861,88,6.19,544.72,294.72
95,0.426924,38,3.76,142.94,-107.06
84,0.363466,28,3.96,110.95,-139.05
118,0.687754,86,3.86,331.55,81.55
141,0.647476,88,6.24,549.50,299.50
134,0.402911,64,6.66,426.42,176.42
120,0.324072,45,6.80,305.90,55.90
177,0.387756,60,7.50,450.25,200.25
165,0.629664,100,7.57,757.34,507.34
171,0.527828,78,5.75,448.64,198.64
170,0.467125,74,4.02,297.16,47.16
97,0.433901,50,7.45,372.48,122.48
143,0.565162,85,4.80,408.38,158.38
94,0.646405,59,3.51,207.32,-42.68
177,0.655481,121,3.25,393.13,143.13
100,0.665765,62,7.63,473.10,223.10
157,0.600821,93,3.24,301.05,51.05
134,0.488542,70,4.06,284.12,34.12
81,0.528427,45,6.56,295.07,45.07
113,0.495993,62,7.58,470.25,220.25
120,0.411810,49,5.88,288.06,38.06
170,0.335130,58,7.19,417.31,167.31
107,0.329875,36,3.07,110.58,-139.42
142,0.652001,90,3.15,283.25,33.25
144,0.447055,67,6.01,402.42,152.42
164,0.596293,90,5.59,502.87,252.87
102,0.690995,70,6.11,427.94,177.94
84,0.611649,54,7.19,388.33,138.33
132,0.403700,57,6.42,365.88,115.88
117,0.329154,36,7.67,276.16,26.16
175,0.677908,125,5.58,697.98,447.98
138,0.652427,76,4.90,372.59,122.59
108,0.394158,39,3.37,131.56,-118.44
159,0.341620,56,6.38,357.40,107.40
168,0.384042,61,7.69,469.06,219.06
140,0.572421,90,4.34,391.00,141.00
131,0.539979,70,3.52,246.59,-3.41
138,0.488464,67,5.49,367.66,117.66
137,0.386980,54,6.19,334.11,84.11
100,0.410193,39,3.77,147.01,-102.99
165,0.585877,93,5.23,486.37,236.37
165,0.496118,68,4.32,294.01,44.01
122,0.307441,33,5.51,181.95,-68.05
108,0.460231,51,7.85,400.57,150.57
134,0.439438,66,7.80,515.13,265.13
136,0.668667,93,3.18,295.75,45.75
176,0.697581,135,7.87,1063.11,813.11
154,0.392900,54,7.67,414.39,164.39
137,0.544016,77,7.84,603.79,353.79
176,0.521396,95,3.46,329.03,79.03
96,0.697825,67,6.58,440.81,190.81
146,0.536810,81,5.61,454.72,204.72
170,0.577571,108,5.37,579.62,329.62
171,0.487878,78,7.80,608.19,358.19
131,0.691671,92,5.18,476.51,226.51
98,0.601025,62,3.94,244.14,-5.86
174,0.641110,110,3.10,340.59,90.59
102,0.351412,32,4.89,156.62,-93.38
102,0.558203,60,4.34,260.16,10.16
103,0.390568,38,3.77,143.44,-106.56
120,0.541493,64,3.98,254.49,4.49
137,0.563018,71,6.10,433.37,183.37
97,0.543279,59,3.31,195.56,-54.44
90,0.582764,55,7.24,397.94,147.94
113,0.354118,35,4.89,171.30,-78.70
88,0.504513,44,7.23,318.16,68.16
119,0.699516,86,7.68,660.46,410.46
174,0.605991,98,4.62,453.18,203.18
176,0.511474,74,3.02,223.18,-26.82
119,0.421364,53,3.61,191.49,-58.51
139,0.592600,83,6.23,517.05,267.05
155,0.661458,102,3.55,362.04,112.04
159,0.672578,112,4.01,449.22,199.22
152,0.410326,56,4.53,253.70,3.70
173,0.623691,106,4.82,510.76,260.76
130,0.484731,63,7.57,476.87,226.87
171,0.557931,106,6.37,675.48,425.48
86,0.606074,49,4.62,226.51,-23.49
155,0.342146,60,5.15,308.97,58.97
159,0.501106,73,4.88,356.44,106.44
90,0.650393,61,6.92,422.42,172.42
170,0.398652,69,6.80,469.00,219.00
175,0.381994,67,7.76,520.06,270.06
156,0.471406,74,4.51,333.97,83.97
103,0.361385,40,3.45,138.09,-111.91
154,0.333435,54,4.53,244.45,-5.55
178,0.505601,77,4.83,372.15,122.15
129,0.346543,43,6.86,294.86,44.86
160,0.405956,68,7.62,518.35,268.35
169,0.343757,67,3.97,265.78,15.78
129,0.353375,46,6.21,285.57,35.57
178,0.516653,87,7.96,692.79,442.79
125,0.400098,47,3.86,181.51,-68.49
157,0.493307,79,4.34,342.68,92.68
106,0.343597,35,5.78,202.47,-47.53
157,0.607807,97,7.11,689.33,439.33
138,0.303814,35,3.71,129.88,-120.12
130,0.415794,56,7.05,394.98,144.98
141,0.588092,83,4.45,369.58,119.58
160,0.405859,59,4.45,262.43,12.43
154,0.429614,71,3.06,217.07,-32.93
143,0.473209,72,7.57,544.92,294.92
140,0.411146,56,3.07,171.71,-78.29
178,0.637209,108,7.14,771.28,521.28
92,0.347058,33,7.22,238.40,-11.60
131,0.341855,46,7.23,332.65,82.65
81,0.686251,58,4.37,253.34,3.34
151,0.614233,94,3.15,296.48,46.48
131,0.483474,58,5.74,333.12,83.12
147,0.452570,67,5.96,399.54,149.54
81,0.695344,62,7.04,436.65,186.65
134,0.624095,80,6.00,480.07,230.07
173,0.454546,85,6.67,566.95,316.95
176,0.565017,97,5.87,568.96,318.96
177,0.370079,67,5.28,353.89,103.89
88,0.509210,50,5.36,268.17,18.17
128,0.671425,87,5.61,488.23,238.23
122,0.587774,76,3.94,299.08,49.08
131,0.658530,87,7.56,657.94,407.94
133,0.699581,98,4.09,400.52,150.52
148,0.333729,46,6.24,286.97,36.97
180,0.610433,110,6.49,713.76,463.76
177,0.520619,94,7.23,679.46,429.46
115,0.329827,39,4.18,163.20,-86.80
156,0.522118,73,3.07,224.22,-25.78
121,0.340958,40,7.55,302.05,52.05
88,0.686734,64,3.85,246.08,-3.92
152,0.431086,64,4.76,304.81,54.81
99,0.664027,71,6.95,493.66,243.66
94,0.395088,34,5.71,194.21,-55.79
130,0.374951,41,3.06,125.26,-124.74
124,0.608369,73,6.88,501.89,251.89
137,0.467238,70,7.07,495.16,245.16
137,0.304931,53,6.29,333.35,83.35
165,0.581008,86,7.30,627.70,377.70
141,0.330749,46,5.69,261.92,11.92
124,0.506368,62,5.68,351.95,101.95
103,0.463386,49,3.79,185.89,-64.11
134,0.346604,53,5.43,288.03,38.03
89,0.585182,57,4.33,246.67,-3.33
137,0.311183,41,7.58,310.74,60.74
82,0.505933,41,6.61,271.14,21.14
122,0.405616,53,7.46,395.38,145.38
152,0.409058,57,4.13,235.62,-14.38
112,0.401641,48,7.00,335.96,85.96
118,0.523548,69,7.08,488.39,238.39
148,0.316574,52,6.47,336.69,86.69
131,0.466552,69,5.42,374.29,124.29
94,0.478867,43,3.01,129.51,-120.49
104,0.571883,54,3.66,197.58,-52.42
96,0.598600,52,7.79,404.96,154.96
171,0.481485,85,5.73,487.39,237.39
163,0.404908,62,5.25,325.67,75.67
123,0.392562,47,6.79,319.27,69.27
154,0.574941,94,5.81,546.31,296.31
135,0.416601,56,4.99,279.65,29.65
122,0.595718,87,6.78,589.74,339.74
91,0.607274,56,7.48,419.05,169.05
84,0.434046,38,7.43,282.27,32.27
146,0.421341,71,6.39,453.58,203.58
103,0.674893,72,3.67,264.28,14.28
124,0.424783,57,7.28,414.72,164.72
84,0.582323,48,7.67,367.98,117.98
144,0.531618,72,7.51,541.00,291.00
152,0.691067,94,5.71,536.91,286.91
141,0.494409,76,5.35,406.41,156.41
170,0.476308,76,3.65,277.15,27.15
138,0.525149,60,4.45,267.26,17.26
83,0.699560,54,3.52,190.34,-59.66
124,0.633396,70,3.82,267.26,17.26
139,0.375567,51,7.58,386.67,136.67
174,0.499548,94,6.67,626.58,376.58
170,0.682558,112,7.25,811.74,561.74
135,0.693824,99,5.68,562.38,312.38
132,0.460792,49,7.43,364.07,114.07
161,0.547960,83,4.54,376.72,126.72
136,0.443480,56,7.66,429.13,179.13
125,0.320077,41,6.66,273.06,23.06
146,0.357447,53,5.43,287.54,37.54
178,0.455733,73,5.05,368.79,118.79
113,0.525262,51,7.98,406.82,156.82
113,0.577054,68,6.91,470.02,220.02
112,0.395545,48,6.70,321.40,71.40
88,0.619997,63,3.37,212.62,-37.38
152,0.456075,69,7.56,521.60,271.60
145,0.417039,56,6.56,367.53,117.53
82,0.348758,34,4.87,165.65,-84.35
131,0.516069,62,4.76,295.35,45.35
103,0.513883,50,5.84,291.89,41.89
112,0.388891,40,5.32,212.95,-37.05
154,0.679070,100,7.08,707.68,457.68
101,0.546415,49,6.34,310.81,60.81
166,0.604680,95,5.91,561.40,311.40
159,0.348339,59,3.32,195.71,-54.29
175,0.617185,108,4.53,489.19,239.19
126,0.550644,66,7.86,518.90,268.90
86,0.314512,27,3.14,84.73,-165.27
177,0.629675,108,4.51,487.33,237.33
153,0.412768,68,7.54,512.58,262.58
174,0.689395,107,3.09,330.73,80.73
122,0.456575,55,7.51,412.95,162.95
149,0.378523,54,4.72,254.77,4.77
104,0.461882,41,5.14,210.61,-39.39
165,0.473549,80,6.73,538.32,288.32
107,0.342368,40,3.60,144.19,-105.81
114,0.362410,46,6.30,289.69,39.69
175,0.488103,76,3.06,232.85,-17.15
168,0.332366,62,5.58,346.07,96.07
86,0.585438,58,6.25,362.58,112.58
84,0.580179,52,5.85,304.10,54.10
119,0.360245,40,5.70,227.91,-22.09
141,0.473547,72,7.29,524.95,274.95
163,0.358434,49,4.16,203.88,-46.12
165,0.679417,111,6.76,750.23,500.23
113,0.501505,59,3.82,225.16,-24.84
118,0.573652,70,5.26,368.05,118.05
110,0.323626,36,7.88,283.56,33.56
142,0.325750,48,4.83,231.90,-18.10
180,0.326766,63,3.25,204.91,-45.09
180,0.438097,83,7.74,642.69,392.69
156,0.570512,87,4.43,385.04,135.04
90,0.635896,55,6.60,362.75,112.75
135,0.487075,68,5.36,364.76,114.76
100,0.469117,42,5.16,216.77,-33.23
171,0.383597,62,7.08,439.01,189.01
125,0.500611,64,4.05,258.89,8.89
84,0.423324,40,6.48,259.32,9.32
117,0.590272,68,4.92,334.81,84.81
123,0.483597,54,3.08,166.21,-83.79
89,0.473630,47,5.16,242.66,-7.34
160,0.461964,79,4.28,338.24,88.24
144,0.414986,63,3.56,224.57,-25.43
163,0.301816,43,3.31,142.43,-107.57
92,0.670514,66,5.22,344.71,94.71
180,0.367900,66,4.63,305.71,55.71
84,0.514391,42,7.28,305.77,55.77
83,0.354036,34,3.14,106.67,-143.33
160,0.502154,72,3.32,239.10,-10.90
125,0.662085,84,6.62,556.49,306.49
172,0.394051,64,7.55,483.21,233.21
97,0.384922,34,4.34,147.45,-102.55
136,0.618808,86,5.85,503.30,253.30
160,0.689017,114,5.65,644.64,394.64
140,0.362616,62,4.06,251.84,1.84
126,0.513997,66,4.46,294.67,44.67
116,0.673776,89,6.45,573.93,323.93
86,0.580953,51,4.57,233.09,-16.91
116,0.630891,76,7.83,595.08,345.08
161,0.524582,90,3.29,296.43,46.43
82,0.636387,50,3.96,197.93,-52.07
176,0.693974,121,6.21,750.95,500.95
138,0.635946,89,3.61,320.98,70.98
99,0.529533,46,5.81,267.20,17.20
117,0.582468,61,5.69,346.80,96.80
120,0.654639,76,6.11,464.74,214.74
166,0.510603,90,4.76,428.74,178.74
127,0.504700,72,7.11,511.68,261.68
102,0.400243,39,6.51,253.88,3.88
82,0.326896,29,5.31,153.98,-96.02
124,0.368807,45,3.35,150.81,-99.19
80,0.623496,53,4.24,224.62,-25.38
100,0.611629,48,3.08,148.04,-101.96
126,0.548287,64,4.59,293.68,43.68
163,0.495904,72,7.78,559.93,309.93
114,0.322703,32,5.78,185.01,-64.99
171,0.463972,101,5.24,529.00,279.00
99,0.343994,40,7.28,291.22,41.22
163,0.426542,63,6.89,433.79,183.79
138,0.422186,65,4.84,314.65,64.65
90,0.444702,40,5.28,211.06,-38.94
172,0.322457,57,7.99,455.46,205.46
176,0.310431,59,7.57,446.72,196.72
129,0.452095,49,4.56,223.53,-26.47
110,0.351805,40,6.58,263.27,13.27
136,0.488908,68,6.35,431.90,181.90
158,0.433944,56,6.68,374.06,124.06
175,0.320982,53,3.72,196.92,-53.08
85,0.444009,37,6.72,248.54,-1.46
88,0.599360,57,3.66,208.74,-41.26
159,0.595817,91,3.87,352.18,102.18
81,0.429064,35,6.76,236.76,-13.24
91,0.507559,52,4.68,243.25,-6.75
144,0.674934,106,6.28,665.38,415.38
180,0.576494,100,5.28,528.00,278.00
119,0.505676,53,7.39,391.88,141.88
125,0.464069,62,5.54,343.69,93.69
159,0.647362,107,7.22,772.25,522.25
166,0.653369,109,7.83,853.82,603.82
83,0.657511,54,5.54,299.05,49.05
143,0.675204,96,5.12,491.67,241.67
169,0.634054,107,7.70,824.43,574.43
132,0.434456,64,4.17,266.88,16.88
134,0.691639,95,3.80,360.89,110.89
131,0.592299,76,5.96,453.19,203.19
124,0.502587,58,4.93,286.18,36.18
144,0.549373,82,5.33,437.03,187.03
170,0.325032,59,7.14,421.15,171.15
175,0.368845,57,7.80,444.72,194.72
116,0.387721,38,7.17,272.45,22.45
122,0.438521,38,6.32,240.09,-9.91
110,0.488468,56,5.96,334.03,84.03
171,0.344064,46,6.99,321.34,71.34
124,0.372094,41,6.03,247.29,-2.71
95,0.605849,48,4.96,238.14,-11.86
155,0.522051,77,7.19,553.69,303.69
151,0.438495,69,6.81,470.21,220.21
146,0.626578,89,7.38,656.85,406.85
135,0.696866,92,3.14,289.03,39.03
162,0.655387,103,5.83,600.58,350.58
161,0.599178,107,4.61,493.14,243.14
109,0.363038,37,3.49,129.07,-120.93
143,0.530207,77,3.08,236.82,-13.18
110,0.310973,33,6.42,211.71,-38.29
87,0.599041,42,7.00,294.03,44.03
125,0.501951,69,3.98,274.68,24.68
130,0.479914,72,7.38,531.51,281.51
164,0.327680,48,3.47,166.38,-83.62
154,0.549835,85,7.83,665.42,415.42
102,0.623065,70,7.04,492.89,242.89
163,0.540499,87,4.77,414.66,164.66
176,0.645293,103,3.29,338.73,88.73
159,0.575159,102,6.88,701.72,451.72
111,0.370838,46,5.62,258.43,8.43
152,0.313321,41,7.05,289.08,39.08
93,0.500574,37,6.24,230.81,-19.19
120,0.526478,58,5.85,339.45,89.45
157,0.613361,99,3.23,319.82,69.82
125,0.388061,59,4.30,253.88,3.88
179,0.402078,72,3.66,263.37,13.37
121,0.467284,56,6.99,391.40,141.40
146,0.572519,86,5.80,498.54,248.54
138,0.553718,74,6.33,468.50,218.50
125,0.442619,51,5.65,288.13,38.13
88,0.341800,35,4.57,160.00,-90.00
173,0.404904,76,5.31,403.84,153.84
156,0.325800,64,6.89,440.87,190.87
153,0.661421,98,6.84,670.46,420.46
135,0.301404,43,3.89,167.40,-82.60
97,0.431733,45,3.50,157.44,-92.56
82,0.463447,32,5.70,182.48,-67.52
177,0.442024,82,3.71,304.61,54.61
105,0.471751,53,5.87,310.93,60.93
179,0.621866,115,3.32,381.95,131.95
154,0.583894,89,6.80,604.89,354.89
151,0.487887,77,5.82,448.03,198.03
128,0.589433,75,4.56,342.04,92.04
115,0.671231,73,5.06,369.12,119.12
116,0.486274,59,7.36,434.24,184.24
130,0.387467,47,6.10,286.60,36.60
136,0.696358,102,7.52,766.88,516.88
152,0.443789,71,4.86,344.93,94.93
90,0.381926,28,6.51,182.38,-67.62
146,0.579941,81,7.92,641.54,391.54
94,0.327106,27,3.36,90.59,-159.41
166,0.573573,95,3.81,362.12,112.12
135,0.346913,41,3.19,130.80,-119.20
115,0.501796,49,4.57,223.85,-26.15
157,0.385666,62,6.35,393.71,143.71
180,0.624741,120,7.05,845.89,595.89
133,0.499183,76,4.82,366.40,116.40
85,0.479971,38,7.56,287.44,37.44
156,0.517577,77,7.96,612.63,362.63
161,0.371880,54,5.62,303.44,53.44
156,0.511495,80,7.66,613.12,363.12
173,0.368402,63,3.01,189.82,-60.18
172,0.451946,81,4.96,401.88,151.88
173,0.651068,113,4.61,521.15,271.15
152,0.411893,63,3.13,197.31,-52.69
117,0.543909,54,7.30,394.14,144.14
85,0.531193,47,5.72,268.80,18.80
168,0.564804,96,7.39,708.97,458.97
95,0.524980,48,5.35,256.79,6.79
136,0.416095,62,7.41,459.44,209.44
139,0.338337,48,7.72,370.53,120.53
105,0.586858,61,5.66,345.24,95.24
109,0.615092,75,7.49,561.72,311.72
132,0.301538,42,6.57,276.08,26.08
93,0.533635,45,3.97,178.46,-71.54
179,0.443179,81,5.43,439.66,189.66
84,0.306066,31,5.18,160.47,-89.53
121,0.492171,71,3.64,258.22,8.22
83,0.386754,32,5.72,183.05,-66.95
132,0.683476,92,3.62,333.33,83.33
114,0.360046,45,7.95,357.66,107.66
87,0.320760,29,4.69,135.96,-114.04
148,0.677448,108,3.29,355.53,105.53
116,0.624792,73,5.88,429.12,179.12
147,0.528339,79,6.01,474.96,224.96
112,0.659467,68,7.95,540.35,290.35
180,0.618323,116,7.86,911.22,661.22
127,0.330006,43,6.16,264.94,14.94
94,0.595438,59,7.80,460.37,210.37
154,0.310829,47,6.87,323.03,73.03
177,0.360730,62,6.45,399.68,149.68
162,0.642457,87,7.21,627.63,377.63
124,0.669768,77,7.87,605.65,355.65
84,0.561503,44,4.87,214.41,-35.59
85,0.565109,56,3.73,208.73,-41.27
110,0.629280,63,3.02,190.04,-59.96
143,0.552396,70,6.16,430.96,180.96
90,0.670566,66,3.69,243.60,-6.40
156,0.328677,52,5.27,274.15,24.15
153,0.329112,41,5.63,230.67,-19.33
91,0.649628,59,4.59,271.05,21.05
109,0.621402,71,3.33,236.11,-13.89
134,0.317129,37,3.65,135.16,-114.84
127,0.612614,68,6.78,461.01,211.01
103,0.579452,62,6.28,389.48,139.48
158,0.416954,76,6.31,479.85,229.85
173,0.392501,65,6.66,432.84,182.84
87,0.670310,48,5.42,260.29,10.29
100,0.535581,39,7.91,308.38,58.38
162,0.455552,80,8.00,639.65,389.65
170,0.609527,86,6.43,552.84,302.84
133,0.643466,92,5.46,501.91,251.91
180,0.451598,82,3.42,280.69,30.69
119,0.368622,38,6.53,248.00,-2.00
80,0.480495,35,3.77,131.84,-118.16
166,0.676923,113,6.24,705.27,455.27
140,0.515377,65,6.57,427.20,177.20
117,0.420635,45,5.59,251.44,1.44
94,0.484539,48,3.14,150.53,-99.47
149,0.643861,107,5.83,623.40,373.40
139,0.527191,74,5.61,415.13,165.13
172,0.666739,122,7.92,966.24,716.24
87,0.322576,28,4.70,131.56,-118.44
152,0.694927,111,6.81,756.45,506.45
180,0.531692,94,6.13,576.08,326.08
85,0.359392,32,6.12,195.69,-54.31
81,0.396208,33,3.05,100.71,-149.29
97,0.479557,52,4.87,253.25,3.25
122,0.588903,64,7.88,504.48,254.48
162,0.569558,74,7.33,542.72,292.72
141,0.648726,91,6.76,615.60,365.60
88,0.688641,67,6.60,442.17,192.17
179,0.313101,52,4.45,231.41,-18.59
148,0.584536,87,7.84,682.08,432.08
132,0.558279,62,7.44,461.10,211.10
137,0.442839,66,7.87,519.13,269.13
116,0.348549,41,7.02,287.62,37.62
113,0.312652,36,4.49,161.57,-88.43
144,0.326938,39,4.90,191.21,-58.79
161,0.607016,93,7.53,700.22,450.22
154,0.607106,97,4.11,398.54,148.54
139,0.461925,56,4.32,241.78,-8.22
89,0.364532,35,7.81,273.42,23.42
98,0.574866,46,3.21,147.61,-102.39
81,0.427364,33,5.97,197.15,-52.85
179,0.492808,98,7.78,762.80,512.80
88,0.606450,47,3.63,170.76,-79.24
174,0.457781,86,3.28,281.68,31.68
116,0.604808,70,6.18,432.91,182.91
107,0.585715,70,7.44,520.64,270.64
87,0.664056,59,7.48,441.44,191.44
160,0.627750,99,7.47,740.02,490.02
159,0.645106,100,6.22,622.31,372.31
161,0.506126,79,5.13,405.18,155.18
108,0.611781,74,6.49,480.00,230.00
159,0.684014,114,4.83,550.20,300.20
174,0.339526,60,5.76,345.59,95.59
146,0.634932,87,4.23,367.79,117.79
158,0.486812,74,3.14,232.65,-17.35
135,0.637201,98,6.94,679.70,429.70
125,0.510956,72,3.27,235.35,-14.65
129,0.615183,79,7.36,581.11,331.11
159,0.469015,74,4.47,330.86,80.86
157,0.567315,92,7.59,698.42,448.42
87,0.384366,34,7.23,245.77,-4.23
88,0.446956,33,6.32,208.42,-41.58
174,0.652994,108,4.46,481.27,231.27
108,0.316970,38,6.12,232.44,-17.56
163,0.448629,78,6.42,501.02,251.02
117,0.658584,86,6.02,517.70,267.70
160,0.674720,100,6.81,681.35,431.35
114,0.452570,48,3.43,164.61,-85.39
121,0.485016,59,4.66,274.82,24.82
121,0.412816,53,5.09,269.52,19.52
125,0.528416,72,4.81,345.99,95.99
130,0.620571,81,7.15,579.53,329.53
92,0.648567,61,4.18,254.79,4.79
121,0.661817,76,5.86,445.59,195.59
153,0.345984,46,3.63,167.15,-82.85
96,0.435945,30,3.87,116.21,-133.79
161,0.424902,76,3.26,247.68,-2.32
135,0.690842,102,4.30,438.16,188.16
132,0.616142,78,5.56,433.32,183.32
125,0.576247,75,3.80,285.03,35.03
169,0.367034,68,6.50,441.66,191.66
113,0.459927,53,5.71,302.68,52.68
165,0.659165,114,5.21,593.67,343.67
173,0.643784,116,4.79,555.48,305.48
170,0.572166,95,5.72,543.21,293.21
103,0.613659,73,4.89,356.98,106.98
104,0.677576,74,7.27,537.99,287.99
133,0.332478,45,6.84,307.58,57.58
107,0.445086,49,6.65,325.82,75.82
114,0.649665,75,6.95,521.45,271.45
151,0.306276,45,6.99,314.45,64.45
120,0.430870,44,7.85,345.39,95.39
115,0.560658,67,6.91,462.81,212.81
117,0.429302,51,6.30,321.55,71.55
179,0.606321,103,6.10,628.35,378.35
99,0.626409,70,5.57,389.58,139.58
173,0.327708,56,7.75,433.86,183.86
149,0.443838,65,3.85,250.34,0.34
125,0.309134,41,6.82,279.72,29.72
128,0.306797,36,5.19,186.82,-63.18
84,0.319305,22,3.74,82.30,-167.70
122,0.697741,89,3.39,301.30,51.30
91,0.509100,42,7.95,333.69,83.69
100,0.417373,44,6.09,268.12,18.12
141,0.604053,92,3.79,349.09,99.09
105,0.476375,43,6.26,269.09,19.09
152,0.667153,90,5.00,449.60,199.60
129,0.447430,54,4.01,216.32,-33.68
123,0.681650,93,3.37,313.35,63.35
85,0.389959,41,7.53,308.61,58.61
142,0.652245,90,6.45,580.94,330.94
144,0.619838,95,7.71,732.05,482.05
100,0.412527,47,7.17,336.91,86.91
180,0.613411,120,4.49,539.02,289.02
135,0.496977,66,5.40,356.45,106.45
148,0.481158,62,7.55,468.06,218.06
105,0.601281,64,7.74,495.62,245.62
108,0.375381,37,4.46,164.98,-85.02
92,0.655772,67,6.53,437.69,187.69
169,0.693923,112,6.35,710.66,460.66
128,0.310862,36,5.88,211.56,-38.44
165,0.559089,90,4.92,442.44,192.44
95,0.619942,65,4.67,303.79,53.79
153,0.446186,69,5.89,406.29,156.29
119,0.618132,78,7.74,603.40,353.40
113,0.394286,45,7.96,358.15,108.15
94,0.321770,25,3.29,82.18,-167.82
135,0.382303,61,7.32,446.30,196.30
155,0.613290,96,4.48,430.35,180.35
119,0.544238,66,4.79,316.12,66.12
89,0.601983,46,6.23,286.74,36.74
149,0.324570,52,4.36,226.86,-23.14
127,0.543620,75,6.20,464.78,214.78
86,0.590866,53,5.09,269.87,19.87
168,0.524759,82,7.52,616.28,366.28
117,0.673949,77,5.92,455.51,205.51
150,0.426062,65,7.94,516.31,266.31
118,0.410817,42,5.88,246.84,-3.16
159,0.690535,109,7.88,859.36,609.36
128,0.390933,56,7.86,440.29,190.29
81,0.349128,23,7.99,183.72,-66.28
85,0.624202,55,3.20,175.98,-74.02
149,0.517748,64,4.90,313.91,63.91
108,0.558604,57,6.84,389.61,139.61
95,0.356190,34,6.05,205.65,-44.35
97,0.478144,47,4.21,198.02,-51.98
148,0.687776,95,4.84,460.00,210.00
121,0.661565,76,7.30,554.64,304.64
116,0.443381,49,3.69,180.77,-69.23
95,0.367818,28,7.98,223.43,-26.57
102,0.350514,39,3.87,151.09,-98.91
140,0.619883,91,3.93,357.96,107.96
128,0.662130,82,5.01,411.21,161.21
172,0.662810,111,3.42,379.23,129.23
91,0.381346,31,3.76,116.42,-133.58
129,0.545173,77,5.76,443.84,193.84
89,0.352835,25,6.21,155.33,-94.67
126,0.493166,64,5.32,340.45,90.45
172,0.576862,101,7.16,723.04,473.04
106,0.685131,73,5.22,380.75,130.75
101,0.629637,61,5.83,355.62,105.62
180,0.691135,128,4.38,561.06,311.06
100,0.519713,55,6.05,332.75,82.75
155,0.686189,108,4.69,506.36,256.36
102,0.316364,30,6.85,205.49,-44.51
108,0.601596,71,7.91,561.95,311.95
98,0.564525,57,3.54,201.69,-48.31
172,0.354949,57,4.79,272.95,22.95
169,0.313548,51,4.21,214.63,-35.37
103,0.693914,70,5.61,392.95,142.95
169,0.468069,82,3.25,266.76,16.76
118,0.660117,69,4.46,307.75,57.75
96,0.315033,31,5.97,185.02,-64.98
117,0.388644,53,4.74,251.47,1.47
110,0.636063,65,5.39,350.13,100.13
154,0.537110,88,6.42,565.16,315.16
84,0.526972,50,6.42,320.77,70.77
107,0.611788,67,6.72,450.55,200.55
142,0.537702,77,5.67,436.74,186.74
88,0.629596,54,5.76,311.06,61.06
86,0.626165,53,4.04,214.32,-35.68
119,0.535874,68,7.14,485.62,235.62
180,0.363723,62,7.88,488.77,238.77
173,0.569607,99,4.70,465.38,215.38
143,0.554629,80,5.11,408.61,158.61
109,0.518296,64,4.85,310.53,60.53
138,0.465741,60,3.15,188.72,-61.28
153,0.459464,64,3.16,202.39,-47.61
104,0.302543,37,7.31,270.39,20.39
145,0.681624,95,5.74,545.39,295.39
92,0.409123,42,7.46,313.52,63.52
156,0.523395,84,3.36,281.96,31.96
151,0.577438,85,5.93,503.70,253.70
84,0.330005,28,7.21,201.74,-48.26
114,0.608528,70,3.73,261.29,11.29
86,0.598762,56,7.31,409.54,159.54
144,0.429764,65,5.85,380.31,130.31
161,0.347765,46,7.03,323.52,73.52
167,0.570328,85,3.84,326.32,76.32
158,0.623404,95,3.20,304.43,54.43
154,0.351866,57,7.53,428.99,178.99
171,0.675621,114,7.21,821.95,571.95
162,0.303543,46,3.41,157.04,-92.96
88,0.560755,45,5.28,237.68,-12.32
99,0.446283,40,7.40,296.02,46.02
111,0.664596,68,3.95,268.64,18.64
121,0.612817,68,7.18,488.45,238.45
94,0.597022,54,4.90,264.83,14.83
137,0.426589,52,4.72,245.30,-4.70
149,0.541606,86,5.90,507.30,257.30
125,0.355296,37,5.35,197.93,-52.07
165,0.590134,99,7.97,789.33,539.33
163,0.439208,67,5.09,340.84,90.84
117,0.660284,89,6.81,606.34,356.34
139,0.650002,89,3.53,314.22,64.22
168,0.319716,59,3.74,220.95,-29.05
136,0.695598,94,5.18,486.60,236.60
104,0.633672,73,6.23,454.71,204.71
99,0.479038,45,5.73,257.75,7.75
176,0.468857,89,7.30,649.91,399.91
141,0.670243,95,6.68,634.99,384.99
159,0.510792,94,4.66,438.32,188.32
114,0.650727,73,4.48,326.94,76.94
172,0.487492,86,3.10,266.86,16.86
83,0.388575,33,6.85,225.96,-24.04
116,0.302976,39,6.00,234.06,-15.94
175,0.462831,87,3.13,272.54,22.54
159,0.690476,111,3.47,385.42,135.42
138,0.520595,64,7.00,448.11,198.11
167,0.471278,75,5.20,390.25,140.25
117,0.506829,65,5.99,389.38,139.38
97,0.419025,56,3.94,220.89,-29.11
94,0.550946,51,3.75,191.25,-58.75
120,0.360383,41,3.31,135.67,-114.33
99,0.655658,73,3.07,224.21,-25.79
147,0.655662,88,5.04,443.68,193.68
165,0.426893,80,5.13,410.49,160.49
139,0.344656,42,6.43,269.89,19.89
159,0.383326,50,4.06,202.99,-47.01
114,0.488372,54,7.30,394.05,144.05
126,0.355029,45,6.16,277.35,27.35
81,0.533381,40,6.75,269.83,19.83
174,0.466847,88,6.35,559.24,309.24
129,0.695270,94,7.17,673.64,423.64
144,0.637881,92,3.99,367.50,117.50
101,0.424144,38,3.65,138.73,-111.27
167,0.367479,60,7.09,425.16,175.16
129,0.699661,96,6.00,576.46,326.46
161,0.334400,67,5.13,343.67,93.67
93,0.398489,29,5.48,158.81,-91.19
150,0.503499,64,6.52,417.21,167.21
142,0.519465,72,5.87,422.74,172.74
125,0.302811,48,7.33,352.07,102.07
152,0.650896,101,7.20,726.70,476.70
130,0.358638,60,3.63,217.70,-32.30
134,0.556033,73,6.38,465.73,215.73
156,0.417869,59,4.56,269.18,19.18
119,0.553794,72,4.59,330.67,80.67
116,0.599312,73,7.78,568.20,318.20
161,0.368340,58,6.78,393.43,143.43
139,0.384965,60,7.21,432.67,182.67
160,0.477272,80,6.52,521.46,271.46
105,0.698835,70,6.61,462.50,212.50
169,0.519764,92,5.87,540.39,290.39
166,0.367746,50,5.10,254.91,4.91
174,0.602729,103,4.15,427.68,177.68
107,0.501712,51,6.54,333.38,83.38
167,0.418039,77,4.34,334.45,84.45
157,0.389918,70,6.15,430.83,180.83
86,0.440812,38,4.69,178.11,-71.89
161,0.383730,69,7.04,486.10,236.10
157,0.319853,50,7.52,376.08,126.08
89,0.357359,32,5.68,181.72,-68.28
80,0.696250,58,3.15,182.68,-67.32
156,0.512817,75,5.57,417.38,167.38
101,0.528156,49,5.80,284.37,34.37
92,0.442852,40,6.63,265.07,15.07
116,0.499157,61,6.39,390.09,140.09
176,0.619603,121,5.46,660.16,410.16
160,0.544185,83,5.17,429.28,179.28
103,0.586867,64,7.54,482.76,232.76
112,0.567336,65,5.54,359.99,109.99
116,0.668912,76,4.18,317.73,67.73
84,0.373935,32,7.57,242.23,-7.77
170,0.467729,89,3.11,276.98,26.98
95,0.386137,38,3.71,140.86,-109.14
92,0.537570,54,6.66,359.72,109.72
174,0.432830,78,6.04,470.77,220.77
144,0.630296,87,3.04,264.85,14.85
118,0.594918,59,4.68,276.07,26.07
117,0.669191,81,6.09,493.56,243.56
93,0.347601,32,3.21,102.63,-147.37
141,0.433382,53,5.27,279.12,29.12
149,0.533752,83,5.77,478.92,228.92
173,0.414647,69,4.86,335.22,85.22
119,0.377004,44,5.64,248.14,-1.86
119,0.536769,66,3.57,235.43,-14.57
136,0.451835,69,7.57,522.05,272.05
129,0.635080,79,6.67,527.21,277.21
128,0.590055,86,4.04,347.52,97.52
90,0.342647,26,3.45,89.65,-160.35
87,0.595242,49,5.52,270.35,20.35
113,0.460488,56,4.24,237.69,-12.31
101,0.438212,41,5.41,221.77,-28.23
169,0.313209,51,3.03,154.62,-95.38
153,0.699659,109,7.11,775.04,525.04
158,0.606031,94,6.50,610.83,360.83
139,0.315118,44,7.37,324.27,74.27
136,0.625754,75,3.68,275.99,25.99
150,0.580447,84,3.81,320.13,70.13
152,0.646248,101,3.15,318.53,68.53
113,0.356200,39,4.08,159.10,-90.90
98,0.684287,69,3.41,235.27,-14.73
125,0.439781,65,5.08,330.33,80.33
151,0.365965,61,4.58,279.59,29.59
144,0.509836,80,4.31,345.04,95.04
102,0.437287,34,7.37,250.47,0.47
95,0.577280,58,3.05,177.12,-72.88
143,0.660356,92,5.55,510.30,260.30
107,0.541912,62,7.64,473.73,223.73
141,0.695830,85,3.25,276.57,26.57
117,0.406536,41,5.84,239.26,-10.74
144,0.429095,64,4.61,294.73,44.73
89,0.339939,33,5.47,180.35,-69.65
102,0.549677,47,5.18,243.52,-6.48
132,0.617951,84,3.39,284.46,34.46
140,0.635696,92,5.23,480.79,230.79
106,0.673956,70,6.74,471.78,221.78
163,0.432534,75,6.97,522.95,272.95
128,0.432080,52,4.14,215.43,-34.57
155,0.303751,53,7.68,406.79,156.79
142,0.684317,93,4.00,372.00,122.00
148,0.697644,99,5.01,495.59,245.59
124,0.577340,71,7.28,516.63,266.63
92,0.331297,31,5.48,169.83,-80.17
147,0.306956,56,4.21,235.66,-14.34
165,0.610367,101,4.94,499.23,249.23
108,0.365653,40,6.84,273.60,23.60
95,0.564157,47,3.89,182.69,-67.31
119,0.332526,37,7.83,289.60,39.60
164,0.629613,99,3.93,389.49,139.49
83,0.665915,49,5.73,280.91,30.91
126,0.581219,71,4.38,310.83,60.83
104,0.306185,27,4.59,123.83,-126.17
144,0.490658,63,4.88,307.33,57.33
91,0.519526,51,7.71,393.02,143.02
151,0.454633,67,4.73,316.96,66.96
105,0.558758,65,4.61,299.56,49.56
162,0.383889,70,7.32,512.48,262.48
123,0.340866,44,5.93,261.11,11.11
104,0.560548,52,6.97,362.40,112.40
99,0.302442,33,7.58,250.10,0.10
178,0.334120,56,4.39,245.60,-4.40
151,0.402043,57,4.58,261.07,11.07
117,0.352586,39,7.27,283.68,33.68
175,0.359074,65,3.92,254.50,4.50
156,0.654993,101,3.24,327.64,77.64
151,0.627258,92,3.21,295.05,45.05
83,0.337345,29,6.45,186.98,-63.02
80,0.385867,34,5.78,196.36,-53.64
128,0.631307,78,6.67,520.33,270.33
93,0.438738,47,3.13,147.16,-102.84
87,0.372734,30,5.62,168.69,-81.31
163,0.305455,53,5.98,317.05,67.05
110,0.596628,76,6.03,458.59,208.59
141,0.632159,90,7.81,702.65,452.65
82,0.413951,36,3.67,132.26,-117.74
82,0.322719,39,3.26,127.00,-123.00
164,0.643821,107,7.97,853.07,603.07
180,0.559170,101,4.96,500.68,250.68
112,0.398206,44,7.69,338.32,88.32
153,0.590762,88,3.73,327.89,77.89
111,0.427608,47,3.75,176.29,-73.71
130,0.502904,63,7.91,498.27,248.27
127,0.607787,84,5.32,447.04,197.04
135,0.517892,72,7.70,554.41,304.41
125,0.302959,34,3.12,106.09,-143.91
132,0.338941,40,3.03,121.27,-128.73
144,0.683686,99,4.10,406.16,156.16
168,0.632097,108,6.88,742.55,492.55
177,0.593909,109,3.41,371.16,121.16
105,0.357203,42,4.44,186.30,-63.70
109,0.467674,55,4.82,264.85,14.85
117,0.625539,62,6.98,432.94,182.94
156,0.458436,72,3.86,277.80,27.80
114,0.615343,70,3.19,223.05,-26.95
127,0.342006,44,6.27,275.75,25.75
136,0.456005,62,6.02,373.47,123.47
94,0.385255,37,4.66,172.30,-77.70
92,0.511947,45,3.70,166.30,-83.70
132,0.375934,44,3.49,153.38,-96.62
141,0.683333,104,7.02,730.43,480.43
108,0.321257,36,7.31,263.19,13.19
130,0.572815,80,7.47,597.92,347.92
144,0.468903,74,3.67,271.80,21.80
174,0.415340,70,4.54,317.65,67.65
180,0.357069,58,7.09,411.40,161.40
116,0.400100,36,4.41,158.78,-91.22
175,0.371045,72,4.87,350.80,100.80
171,0.653514,109,7.64,832.54,582.54
82,0.678724,55,4.26,234.42,-15.58
127,0.473452,60,3.78,227.03,-22.97
82,0.625889,52,3.09,160.78,-89.22
147,0.472645,75,5.39,404.43,154.43
85,0.429527,42,7.92,332.62,82.62
100,0.534410,56,4.92,275.66,25.66
112,0.409798,54,3.92,211.60,-38.40
89,0.579641,45,3.65,164.20,-85.80
179,0.386471,59,5.62,331.57,81.57
174,0.698008,122,5.79,706.72,456.72
171,0.479297,85,4.75,404.03,154.03
143,0.442429,58,5.50,319.20,69.20
164,0.510314,83,5.53,458.89,208.89
135,0.489892,59,3.81,224.95,-25.05
177,0.546882,101,6.12,618.11,368.11
136,0.581717,80,4.02,321.61,71.61
97,0.473604,45,4.61,207.31,-42.69
117,0.348145,45,5.73,257.89,7.89
144,0.647331,102,4.27,435.10,185.10
158,0.344650,59,3.91,230.85,-19.15
137,0.482849,62,3.11,192.52,-57.48
116,0.652157,68,5.01,340.44,90.44
122,0.366738,50,5.77,288.42,38.42
120,0.436473,47,3.87,181.73,-68.27
93,0.654765,56,3.43,191.97,-58.03
142,0.669128,84,7.42,623.27,373.27
174,0.437429,74,7.76,574.39,324.39
80,0.372752,34,6.45,219.19,-30.81
156,0.444944,70,4.92,344.26,94.26
160,0.438620,75,5.32,398.64,148.64
155,0.645635,103,3.31,340.68,90.68
126,0.663605,82,3.90,320.20,70.20
153,0.340268,54,5.55,299.62,49.62
96,0.510453,58,6.41,371.80,121.80
107,0.599076,57,6.52,371.75,121.75
151,0.447508,76,3.82,289.96,39.96
152,0.490010,82,3.65,299.06,49.06
129,0.359589,36,4.28,154.17,-95.83
146,0.418663,62,3.67,227.34,-22.66
129,0.604595,73,6.43,469.58,219.58
134,0.382453,57,3.13,178.50,-71.50
102,0.545775,60,7.82,469.31,219.31
83,0.496176,46,4.99,229.72,-20.28
91,0.604946,58,7.48,433.96,183.96
160,0.462014,76,4.03,306.45,56.45
136,0.472769,67,6.62,443.75,193.75
136,0.378397,49,3.07,150.41,-99.59
108,0.682221,68,7.25,492.75,242.75
168,0.542536,82,5.88,481.89,231.89
145,0.314923,33,7.05,232.55,-17.45
143,0.337808,57,7.70,439.09,189.09
80,0.576619,43,5.84,251.21,1.21
120,0.375523,43,3.59,154.30,-95.70
106,0.515140,59,4.07,240.27,-9.73
153,0.660407,98,4.88,477.79,227.79
103,0.421789,38,7.82,297.15,47.15
138,0.582679,87,4.86,422.80,172.80
89,0.584048,51,6.26,319.46,69.46
166,0.653946,106,4.42,468.31,218.31
158,0.662522,96,4.22,405.09,155.09
148,0.481352,78,3.45,268.99,18.99
82,0.526424,44,6.39,280.99,30.99
150,0.579658,97,6.13,594.29,344.29
122,0.378284,44,7.83,344.39,94.39
171,0.363675,62,7.93,491.83,241.83
163,0.386866,53,5.10,270.30,20.30
151,0.328868,48,7.32,351.53,101.53
110,0.564469,69,5.76,397.73,147.73
128,0.573800,76,6.77,514.86,264.86
101,0.645466,58,3.78,219.30,-30.70
158,0.546492,81,7.05,571.35,321.35
126,0.343513,45,5.96,268.29,18.29
155,0.384776,61,6.87,419.08,169.08
179,0.646899,115,3.19,367.32,117.32
176,0.318889,56,3.01,168.58,-81.42
82,0.329264,25,7.00,174.91,-75.09
103,0.486942,50,5.35,267.58,17.58
110,0.352499,48,5.92,284.13,34.13
109,0.445668,44,3.08,135.60,-114.40
114,0.402700,42,4.60,193.27,-56.73
125,0.321764,35,5.32,186.34,-63.66
134,0.561561,72,6.64,478.22,228.22
167,0.546502,85,4.06,344.88,94.88
168,0.401024,47,4.64,217.85,-32.15
169,0.300652,56,4.11,230.31,-19.69
169,0.579588,115,5.04,579.98,329.98
142,0.342667,49,5.74,281.46,31.46
176,0.576135,100,6.64,663.83,413.83
124,0.657819,94,7.82,735.02,485.02
178,0.561744,92,7.15,658.18,408.18
163,0.317626,58,4.61,267.32,17.32
133,0.651902,84,5.41,454.35,204.35
142,0.324605,59,7.53,444.10,194.10
107,0.608619,73,5.76,420.71,170.71
169,0.561593,104,4.14,430.52,180.52
129,0.557131,71,6.90,489.88,239.88
111,0.309838,42,4.75,199.56,-50.44
175,0.656710,111,4.86,539.16,289.16
149,0.647471,93,7.81,726.38,476.38
87,0.416172,40,4.04,161.60,-88.40
175,0.388078,73,7.44,543.46,293.46
152,0.380423,70,4.66,326.32,76.32
116,0.375828,41,3.72,152.62,-97.38
90,0.523446,53,4.91,260.12,10.12
129,0.548568,72,7.99,575.38,325.38
87,0.488026,48,3.24,155.35,-94.65
152,0.664726,107,7.60,813.02,563.02
87,0.329794,22,5.92,130.13,-119.87
132,0.329223,46,7.10,326.80,76.80
169,0.563914,96,5.19,498.28,248.28
113,0.348822,41,7.49,306.91,56.91
126,0.467876,54,5.86,316.62,66.62
106,0.321575,30,4.82,144.60,-105.40
144,0.699595,103,4.16,428.93,178.93
122,0.500545,67,7.51,503.23,253.23
139,0.489142,79,6.24,493.34,243.34
128,0.312471,32,4.99,159.75,-90.25
123,0.618927,77,6.79,523.13,273.13
175,0.677690,117,7.49,876.60,626.60
134,0.647873,83,3.64,301.75,51.75
125,0.524104,69,4.26,293.65,43.65
160,0.474085,79,6.39,504.57,254.57
96,0.496743,52,6.75,351.11,101.11
96,0.503967,44,4.24,186.68,-63.32
103,0.495387,47,3.83,180.24,-69.76
93,0.531678,48,4.66,223.68,-26.32
151,0.422157,56,3.67,205.30,-44.70
159,0.541317,86,6.46,555.78,305.78
89,0.343380,33,6.42,211.70,-38.30
174,0.621317,110,4.80,527.83,277.83
176,0.513482,85,7.87,669.10,419.10
129,0.350920,50,4.63,231.44,-18.56
104,0.479857,48,3.65,175.00,-75.00
149,0.698461,99,5.15,510.07,260.07
80,0.552525,44,7.91,348.19,98.19
148,0.411274,61,4.49,273.79,23.79
167,0.515595,86,4.15,356.75,106.75
118,0.461650,49,3.18,155.59,-94.41
86,0.563899,52,5.24,272.23,22.23
90,0.462229,34,3.32,112.85,-137.15
179,0.465238,76,5.51,418.96,168.96
109,0.680939,81,5.35,433.35,183.35
125,0.437005,52,4.16,216.40,-33.60
173,0.570568,91,3.18,289.40,39.40
157,0.644432,101,5.17,521.89,271.89
135,0.304301,48,4.85,232.56,-17.44
113,0.629936,74,4.29,317.37,67.37
112,0.411298,45,4.95,222.89,-27.11
171,0.600120,102,4.54,462.94,212.94
179,0.485327,88,6.02,529.90,279.90
170,0.475556,80,4.41,352.41,102.41
93,0.315543,28,4.82,134.92,-115.08
85,0.572874,52,7.04,365.89,115.89
172,0.302914,51,4.29,218.60,-31.40
109,0.379996,40,6.29,251.58,1.58
174,0.318232,60,5.70,341.77,91.77
177,0.570345,101,6.91,697.45,447.45
99,0.322923,22,4.76,104.70,-145.30
152,0.326339,43,4.12,176.97,-73.03
118,0.488439,64,4.56,291.70,41.70
172,0.560908,100,5.71,571.08,321.08
116,0.374175,39,5.66,220.91,-29.09
126,0.628000,67,5.66,379.54,129.54
80,0.654886,61,7.16,436.89,186.89
151,0.528114,87,7.94,690.51,440.51
170,0.331956,55,6.00,330.00,80.00
155,0.609173,79,5.36,423.35,173.35
150,0.614901,86,6.26,537.99,287.99
164,0.483336,96,7.69,737.97,487.97
162,0.580330,84,3.39,285.12,35.12
163,0.478252,74,7.83,579.45,329.45
96,0.479441,47,4.62,217.02,-32.98
161,0.347826,46,4.28,196.74,-53.26
98,0.609635,63,5.13,323.36,73.36
107,0.400621,39,6.41,249.91,-0.09
161,0.573800,94,3.29,309.19,59.19
83,0.332383,25,5.04,125.95,-124.05
101,0.492036,49,4.60,225.43,-24.57
100,0.325727,38,7.29,276.95,26.95
84,0.699876,55,3.28,180.14,-69.86
151,0.312337,44,3.18,139.71,-110.29
84,0.692543,57,6.19,352.78,102.78
119,0.558680,67,7.90,529.45,279.45
96,0.446601,45,6.99,314.75,64.75
108,0.335624,37,5.81,214.94,-35.06
105,0.467533,62,6.50,403.02,153.02
93,0.680221,67,5.80,388.65,138.65
91,0.319803,28,3.26,91.31,-158.69
134,0.374193,51,4.74,241.66,-8.34
100,0.300438,37,4.18,154.77,-95.23
172,0.323580,69,5.96,411.52,161.52
117,0.372100,42,6.28,263.67,13.67
116,0.445596,44,7.53,331.51,81.51
101,0.519574,52,5.86,304.98,54.98
171,0.455835,82,3.02,248.00,-2.00
90,0.515327,53,5.05,267.86,17.86
88,0.658891,54,3.84,207.50,-42.50
135,0.328273,41,4.07,166.73,-83.27
126,0.458123,57,5.81,331.03,81.03
161,0.654165,91,4.67,424.55,174.55
158,0.596608,103,4.73,486.90,236.90
173,0.562345,96,5.06,485.59,235.59
165,0.438348,79,5.35,422.64,172.64
129,0.517836,51,3.25,165.58,-84.42
96,0.529355,58,7.29,422.88,172.88
125,0.368513,50,3.01,150.26,-99.74
159,0.607088,98,3.35,328.79,78.79
156,0.569497,86,6.74,579.73,329.73
151,0.497494,73,7.94,579.58,329.58
180,0.684347,118,5.36,632.54,382.54
113,0.410166,42,5.38,226.11,-23.89
155,0.670095,104,7.80,810.84,560.84
139,0.458738,70,7.70,539.28,289.28
103,0.401012,33,6.15,202.86,-47.14
154,0.368250,63,5.89,370.90,120.90
87,0.557964,45,3.02,135.93,-114.07
171,0.345887,63,6.71,422.58,172.58
180,0.564307,96,7.18,689.69,439.69
110,0.418397,41,6.65,272.84,22.84
97,0.636440,58,5.34,309.89,59.89
123,0.497168,58,4.33,251.31,1.31
176,0.330617,64,4.07,260.43,10.43
171,0.674890,113,7.22,815.70,565.70
180,0.373885,75,7.40,555.34,305.34
85,0.688441,64,6.72,430.34,180.34
100,0.350839,32,5.67,181.58,-68.42
141,0.395654,63,3.58,225.58,-24.42
101,0.551450,60,6.99,419.70,169.70
159,0.675729,112,4.14,464.22,214.22
124,0.486917,57,6.06,345.29,95.29
137,0.473381,56,4.75,266.21,16.21
171,0.482026,85,4.65,395.46,145.46
82,0.366032,32,7.64,244.40,-5.60
179,0.588439,97,7.27,705.34,455.34
167,0.435641,78,3.87,301.55,51.55
151,0.402010,68,5.78,392.89,142.89
160,0.510079,83,7.13,592.15,342.15
134,0.442186,58,3.17,184.13,-65.87
152,0.473108,72,3.56,256.08,6.08
158,0.663336,110,4.48,492.85,242.85
96,0.482110,46,6.74,310.11,60.11
96,0.695703,68,3.45,234.93,-15.07
161,0.333268,53,5.30,281.15,31.15
135,0.695043,89,5.88,522.89,272.89
133,0.448233,61,7.28,444.15,194.15
155,0.635396,86,3.75,322.87,72.87
149,0.442911,63,5.97,376.41,126.41
121,0.598233,68,4.90,333.48,83.48
128,0.423971,62,3.18,197.11,-52.89
150,0.691906,111,7.48,829.77,579.77
149,0.325599,40,5.34,213.48,-36.52
143,0.350737,49,3.35,164.14,-85.86
117,0.483813,57,3.11,177.43,-72.57
103,0.542249,55,3.54,194.68,-55.32
142,0.617024,91,4.14,377.15,127.15
126,0.680137,82,6.64,544.64,294.64
171,0.355807,79,5.14,406.16,156.16
107,0.437571,50,4.89,244.32,-5.68
150,0.536919,90,5.79,521.54,271.54
160,0.578112,96,3.40,326.67,76.67
166,0.590026,101,6.93,699.78,449.78
104,0.512588,60,7.65,458.94,208.94
174,0.482631,86,7.38,634.47,384.47
161,0.306608,45,6.59,296.48,46.48
96,0.300782,33,6.39,210.87,-39.13
93,0.441000,42,6.91,290.30,40.30
129,0.601615,77,5.84,449.83,199.83
128,0.366348,44,5.87,258.30,8.30
146,0.341462,40,4.60,183.97,-66.03
160,0.668261,109,4.14,451.38,201.38
99,0.604647,65,4.68,304.23,54.23
177,0.403894,70,5.32,372.36,122.36
154,0.438750,69,5.93,409.24,159.24
148,0.670065,101,3.05,307.89,57.89
136,0.359189,59,3.78,223.25,-26.75
128,0.557766,79,5.96,470.92,220.92
150,0.621781,83,7.03,583.48,333.48
133,0.465195,56,3.84,215.19,-34.81
101,0.492468,46,3.60,165.55,-84.45
170,0.420593,69,5.17,356.51,106.51
174,0.424586,72,3.90,280.88,30.88
100,0.660874,65,4.92,319.65,69.65
158,0.509633,71,3.71,263.41,13.41
180,0.471806,79,4.93,389.73,139.73
112,0.447603,55,5.98,328.67,78.67
81,0.452477,44,7.60,334.62,84.62
115,0.392713,50,5.80,290.11,40.11
152,0.610062,85,6.34,538.50,288.50
162,0.665859,110,3.39,373.22,123.22
129,0.477379,70,7.76,543.45,293.45
122,0.363841,38,4.24,160.96,-89.04
91,0.335190,35,4.75,166.21,-83.79
116,0.411911,52,4.37,227.34,-22.66
154,0.429805,66,7.68,507.05,257.05
114,0.695977,89,3.03,269.86,19.86
102,0.678184,74,7.71,570.68,320.68
157,0.458686,68,6.70,455.35,205.35
123,0.382161,41,3.50,143.39,-106.61
153,0.681084,103,7.18,739.63,489.63
137,0.310607,45,3.15,141.83,-108.17
83,0.675901,59,7.84,462.49,212.49
111,0.603135,65,4.60,298.84,48.84
169,0.542848,92,4.84,445.13,195.13
124,0.312854,37,4.90,181.26,-68.74
144,0.621625,92,4.35,400.37,150.37
132,0.350707,46,4.34,199.59,-50.41
130,0.594344,82,4.74,388.67,138.67
98,0.488759,46,7.05,324.48,74.48
125,0.449147,49,6.30,308.81,58.81
108,0.362497,36,7.59,273.38,23.38
132,0.434061,53,4.77,253.06,3.06
127,0.339315,39,3.19,124.30,-125.70
165,0.378697,53,6.54,346.50,96.50
135,0.511793,66,7.05,465.21,215.21
139,0.336056,41,4.14,169.82,-80.18
102,0.393690,45,5.74,258.34,8.34
141,0.687724,96,7.63,732.68,482.68
161,0.655140,103,5.14,529.28,279.28
115,0.366441,45,7.19,323.75,73.75
160,0.608938,94,5.15,484.45,234.45
97,0.319789,21,4.96,104.22,-145.78
136,0.674099,90,3.80,341.55,91.55
135,0.390096,48,5.97,286.37,36.37
146,0.696619,93,3.80,353.17,103.17
172,0.472355,87,4.65,404.20,154.20
95,0.644860,61,3.13,191.02,-58.98
145,0.444132,55,7.47,410.59,160.59
134,0.571885,73,3.92,286.03,36.03
136,0.645950,91,7.07,643.46,393.46
102,0.423965,37,3.78,139.68,-110.32
157,0.383197,57,4.89,278.52,28.52
160,0.650812,101,7.48,755.75,505.75
87,0.557312,45,4.67,210.17,-39.83
172,0.317955,61,6.41,391.05,141.05
129,0.321014,42,6.74,283.20,33.20
89,0.411213,34,7.97,271.10,21.10
106,0.673960,79,4.45,351.83,101.83
130,0.371824,54,5.81,313.83,63.83
136,0.441014,62,5.05,312.97,62.97
134,0.504697,62,4.24,263.12,13.12
145,0.411032,58,4.65,269.78,19.78
93,0.347245,26,7.14,185.52,-64.48
174,0.469558,80,6.49,519.18,269.18
142,0.623601,90,5.05,454.76,204.76
117,0.581838,70,6.67,466.59,216.59
157,0.516264,93,6.87,638.94,388.94
178,0.647097,124,3.94,488.98,238.98
133,0.695396,93,3.77,350.51,100.51
99,0.514132,55,4.64,255.09,5.09
159,0.631337,99,4.43,438.29,188.29
162,0.644346,108,6.62,714.69,464.69
171,0.396725,75,4.21,315.78,65.78
131,0.449778,53,5.49,291.17,41.17
127,0.631399,83,5.36,444.77,194.77
127,0.610274,78,4.26,332.21,82.21
180,0.483737,82,5.37,440.44,190.44
165,0.427260,65,6.49,421.56,171.56
168,0.552494,96,5.21,499.72,249.72
179,0.489140,102,7.03,717.28,467.28
98,0.413728,43,6.93,298.01,48.01
83,0.486787,39,4.39,171.15,-78.85
165,0.695533,109,5.39,587.31,337.31
105,0.356771,26,4.84,125.94,-124.06
166,0.644362,102,6.64,677.58,427.58
167,0.398005,63,3.44,216.88,-33.12
103,0.469919,52,7.97,414.30,164.30
151,0.553443,90,4.47,401.96,151.96
135,0.403111,45,5.04,227.02,-22.98
87,0.424666,34,5.87,199.69,-50.31
120,0.390091,51,7.77,396.04,146.04
124,0.428429,53,4.66,246.81,-3.19
101,0.405113,44,7.96,350.10,100.10
96,0.684580,68,7.20,489.76,239.76
173,0.595660,110,6.61,727.57,477.57
143,0.430564,67,3.11,208.09,-41.91
146,0.642952,103,3.81,392.73,142.73
137,0.626047,93,4.12,383.12,133.12
161,0.615814,94,4.72,443.71,193.71
118,0.684780,80,3.22,257.81,7.81
158,0.305448,49,5.85,286.87,36.87
137,0.491568,71,4.85,344.67,94.67
119,0.571794,62,7.13,441.99,191.99
144,0.334021,56,6.19,346.38,96.38
93,0.443654,40,5.71,228.43,-21.57
102,0.309549,24,3.61,86.54,-163.46
151,0.688169,104,7.10,737.96,487.96
162,0.596983,85,6.35,540.17,290.17
93,0.336675,35,4.08,142.80,-107.20
165,0.444677,73,5.96,435.04,185.04
86,0.320245,31,4.54,140.84,-109.16
156,0.677703,97,7.94,769.82,519.82
103,0.622348,69,3.96,272.98,22.98
90,0.422768,32,6.38,204.21,-45.79
179,0.495514,85,6.38,542.59,292.59
143,0.543674,75,5.60,419.80,169.80
115,0.608514,63,5.49,345.93,95.93
154,0.679199,106,5.32,564.03,314.03
114,0.653224,76,7.82,594.23,344.23
136,0.502376,75,5.28,395.81,145.81
174,0.615079,103,3.98,409.77,159.77
106,0.605093,53,6.02,319.28,69.28
154,0.618503,92,5.62,516.75,266.75
89,0.509633,41,7.47,306.39,56.39
158,0.427262,55,6.81,374.54,124.54
119,0.536433,67,4.57,305.89,55.89
148,0.348275,41,5.36,219.79,-30.21
120,0.324291,42,6.20,260.50,10.50
138,0.538547,74,3.51,259.81,9.81
97,0.327904,30,6.69,200.75,-49.25
147,0.517807,78,7.51,585.41,335.41
121,0.574442,67,4.43,297.14,47.14
152,0.625733,104,6.58,683.96,433.96
141,0.677988,92,3.29,302.37,52.37
84,0.568315,52,6.08,315.94,65.94
80,0.335125,29,7.60,220.36,-29.64
87,0.530915,49,4.14,203.03,-46.97
134,0.527208,63,4.23,266.19,16.19
134,0.347856,45,7.51,337.96,87.96
174,0.628551,97,5.84,566.34,316.34
167,0.459396,82,5.99,491.56,241.56
164,0.455126,78,5.66,441.66,191.66
159,0.549998,75,5.77,432.38,182.38
128,0.447023,62,4.74,293.65,43.65
106,0.419013,48,7.91,379.46,129.46
129,0.507497,66,7.87,519.10,269.10
140,0.578572,91,3.84,349.76,99.76
142,0.521605,74,6.78,501.92,251.92
86,0.582051,45,6.04,271.87,21.87
173,0.402459,77,6.47,497.98,247.98
118,0.377036,42,4.86,203.93,-46.07
97,0.611840,61,3.39,207.06,-42.94
97,0.314073,20,3.60,72.06,-177.94
129,0.514217,61,7.88,480.49,230.49
152,0.437758,62,3.39,210.12,-39.88
126,0.406964,42,4.63,194.47,-55.53
103,0.475655,47,4.41,207.20,-42.80
171,0.601484,98,3.19,312.47,62.47
93,0.559298,53,7.71,408.59,158.59
103,0.428743,47,6.74,316.70,66.70
109,0.489119,57,4.03,229.92,-20.08
160,0.319511,49,5.60,274.56,24.56
165,0.344812,56,4.29,240.41,-9.59
167,0.402874,70,5.48,383.80,133.80
105,0.417842,38,4.30,163.48,-86.52
131,0.569766,82,4.94,405.39,155.39
92,0.390853,34,4.88,165.81,-84.19
99,0.400056,40,5.91,236.42,-13.58
93,0.637565,66,3.49,230.07,-19.93
83,0.439051,35,5.71,199.83,-50.17
87,0.691867,59,7.79,459.88,209.88
110,0.649525,70,7.13,499.18,249.18
135,0.476660,65,6.59,428.62,178.62
129,0.368035,43,7.29,313.47,63.47
114,0.479140,64,5.76,368.94,118.94
90,0.474569,40,6.73,269.26,19.26
109,0.680958,68,6.82,463.87,213.87
164,0.303323,34,3.30,112.04,-137.96
115,0.613989,71,5.24,372.18,122.18
152,0.572538,90,3.45,310.07,60.07
136,0.377371,57,6.30,359.26,109.26
102,0.362699,32,7.08,226.62,-23.38
120,0.405754,40,6.07,242.84,-7.16
176,0.323201,54,3.47,187.59,-62.41
172,0.645653,97,4.34,420.58,170.58
82,0.500116,41,7.76,318.07,68.07
160,0.594894,92,6.37,585.73,335.73
105,0.431227,48,5.01,240.67,-9.33
170,0.540482,92,5.03,463.19,213.19
90,0.618941,42,7.47,313.75,63.75
99,0.643478,61,5.78,352.67,102.67
166,0.634885,93,5.14,477.84,227.84
155,0.567413,94,3.70,347.92,97.92
121,0.310775,37,7.78,287.71,37.71
130,0.414903,55,7.00,385.19,135.19
171,0.516351,93,5.55,516.13,266.13
159,0.410080,60,7.03,421.77,171.77
116,0.556438,58,4.65,269.87,19.87
149,0.523875,77,7.04,542.28,292.28
175,0.523184,102,7.41,755.63,505.63
141,0.358432,59,3.97,234.37,-15.63
130,0.347763,47,4.45,208.95,-41.05
104,0.457451,47,7.78,365.61,115.61
126,0.687142,89,6.53,581.08,331.08
86,0.540449,46,4.15,190.97,-59.03
151,0.697754,109,6.75,735.61,485.61
173,0.600988,86,5.94,510.90,260.90
92,0.612360,61,4.85,296.10,46.10
85,0.437799,39,3.78,147.40,-102.60
157,0.598760,98,6.93,679.10,429.10
152,0.324205,54,6.09,328.80,78.80
91,0.549157,53,4.68,248.10,-1.90
141,0.401529,55,5.14,282.81,32.81
139,0.544473,69,5.73,395.56,145.56
137,0.567447,74,3.05,225.67,-24.33
113,0.520918,62,5.10,316.18,66.18
92,0.475398,56,4.67,261.53,11.53
157,0.323973,52,6.68,347.36,97.36
152,0.557475,85,4.36,370.19,120.19
133,0.587226,77,7.23,556.77,306.77
88,0.424761,35,4.65,162.68,-87.32
105,0.414640,47,3.93,184.87,-65.13
172,0.685047,113,6.08,686.90,436.90
116,0.357193,40,4.39,175.60,-74.40
95,0.538869,53,3.83,202.78,-47.22
81,0.310468,34,5.74,195.02,-54.98
119,0.369294,42,4.80,201.81,-48.19
137,0.681599,95,4.21,399.59,149.59
136,0.531014,72,4.93,354.67,104.67
123,0.479567,53,4.66,246.95,-3.05
109,0.665549,67,7.60,509.05,259.05
85,0.370196,33,4.68,154.55,-95.45
103,0.587147,56,7.16,400.84,150.84
105,0.643534,69,4.09,282.21,32.21
86,0.674912,61,4.70,286.80,36.80
113,0.606853,67,6.83,457.91,207.91
99,0.436126,46,5.03,231.20,-18.80
101,0.668015,72,5.88,423.05,173.05
91,0.642082,63,7.61,479.12,229.12
101,0.648018,65,6.73,437.71,187.71
136,0.528259,74,3.12,230.93,-19.07
103,0.691670,73,7.56,551.54,301.54
144,0.516563,77,4.31,331.99,81.99
150,0.644021,96,3.20,307.18,57.18
159,0.332457,57,4.99,284.41,34.41
129,0.422748,52,3.60,187.22,-62.78
169,0.573086,98,6.66,652.31,402.31
119,0.482918,61,3.30,201.56,-48.44
111,0.458668,45,6.37,286.50,36.50
169,0.619580,107,6.39,683.27,433.27
128,0.666336,84,4.31,361.88,111.88
179,0.650987,115,3.43,393.91,143.91
122,0.489718,59,3.94,232.67,-17.33
168,0.549146,99,3.03,300.34,50.34
171,0.416707,73,4.91,358.14,108.14
110,0.679433,69,3.85,265.55,15.55
144,0.339718,43,6.50,279.32,29.32
150,0.425597,68,4.17,283.47,33.47
115,0.518979,67,7.41,496.15,246.15
173,0.576359,101,7.41,748.80,498.80
129,0.475658,57,4.75,270.47,20.47
143,0.533067,62,3.79,234.96,-15.04
132,0.567644,73,7.62,556.39,306.39
102,0.314871,31,5.35,165.78,-84.22
149,0.345432,42,6.80,285.76,35.76
160,0.454450,74,4.64,343.51,93.51
160,0.431526,63,7.92,499.26,249.26
84,0.612426,52,3.83,199.05,-50.95
84,0.314814,22,4.63,101.86,-148.14
95,0.409053,30,6.20,186.13,-63.87
119,0.604001,71,5.62,399.18,149.18
143,0.571256,71,3.51,249.35,-0.65
106,0.619290,73,3.84,280.68,30.68
111,0.557907,59,7.86,463.64,213.64
105,0.406235,37,3.74,138.44,-111.56
159,0.574501,99,4.04,399.93,149.93
157,0.388499,56,3.52,197.16,-52.84
112,0.335426,44,3.29,144.98,-105.02
159,0.651938,93,5.73,533.24,283.24
90,0.392713,35,6.22,217.67,-32.33
169,0.397417,71,6.01,426.64,176.64
110,0.601558,67,3.28,219.56,-30.44
178,0.577397,104,6.69,696.17,446.17
126,0.653399,87,6.33,550.44,300.44
119,0.417246,58,7.69,446.01,196.01
140,0.384071,60,5.35,321.02,71.02
109,0.314302,30,7.71,231.39,-18.61
98,0.687653,62,6.18,382.86,132.86
110,0.308741,27,6.79,183.20,-66.80
152,0.688694,103,4.44,456.96,206.96
86,0.662244,59,5.31,313.00,63.00
147,0.455013,67,5.04,337.94,87.94
175,0.667638,103,5.93,610.38,360.38
161,0.512788,68,7.32,497.54,247.54
109,0.623037,74,6.08,450.23,200.23
83,0.506863,43,4.64,199.40,-50.60
114,0.362132,42,4.09,171.81,-78.19
85,0.438311,36,6.49,233.50,-16.50
88,0.505526,54,4.56,246.48,-3.52
103,0.397888,41,4.44,181.97,-68.03
155,0.626567,95,5.67,538.81,288.81
149,0.668441,93,3.03,281.41,31.41
105,0.549190,62,7.80,483.37,233.37
159,0.484107,64,6.11,391.06,141.06
96,0.470073,45,5.43,244.44,-5.56
106,0.443159,48,7.06,339.10,89.10
174,0.529623,98,6.77,663.55,413.55
104,0.514928,50,3.80,190.09,-59.91
146,0.585729,83,4.97,412.64,162.64
120,0.612423,74,6.49,480.27,230.27
110,0.597475,70,6.13,429.04,179.04
161,0.583929,94,5.55,521.35,271.35
138,0.693437,102,3.71,378.45,128.45
180,0.653301,112,6.16,690.11,440.11
160,0.454402,74,6.19,457.94,207.94
149,0.479503,79,3.58,283.17,33.17
148,0.668172,94,5.25,493.68,243.68
160,0.565581,97,4.38,425.15,175.15
151,0.468158,63,3.21,202.06,-47.94
88,0.564281,50,4.57,228.58,-21.42
146,0.378023,48,4.31,206.66,-43.34
178,0.306980,51,3.86,196.81,-53.19
131,0.663167,87,3.10,269.77,19.77
163,0.691763,110,5.19,570.84,320.84
111,0.546651,63,6.90,434.77,184.77
168,0.533532,98,5.24,513.75,263.75
99,0.654902,62,6.91,428.41,178.41
137,0.431493,62,5.37,332.74,82.74
116,0.596962,56,5.49,307.71,57.71
96,0.336711,27,5.24,141.61,-108.39
120,0.468523,49,7.99,391.65,141.65
159,0.331229,56,7.28,407.87,157.87
84,0.677860,49,6.93,339.61,89.61
180,0.599452,104,7.69,799.87,549.87
158,0.629584,88,4.68,411.74,161.74
129,0.437858,57,6.88,392.12,142.12
131,0.323134,51,5.61,286.22,36.22
130,0.300219,35,6.77,236.94,-13.06
141,0.665667,95,7.45,707.30,457.30
86,0.395247,33,6.62,218.53,-31.47
152,0.328072,49,3.01,147.26,-102.74
93,0.435234,42,7.15,300.49,50.49
140,0.656567,97,6.70,649.79,399.79
108,0.677132,73,4.71,343.92,93.92
133,0.360388,49,4.42,216.73,-33.27
100,0.516412,65,3.49,227.03,-22.97
128,0.513117,77,4.37,336.54,86.54
143,0.357788,45,7.49,336.87,86.87
123,0.323573,35,7.15,250.32,0.32
131,0.337509,45,6.91,311.16,61.16
178,0.431237,90,7.21,649.15,399.15
142,0.440693,69,4.05,279.43,29.43
129,0.609309,67,5.04,337.52,87.52
123,0.307877,37,3.11,115.04,-134.96
156,0.656206,106,4.88,517.40,267.40
160,0.683992,102,4.92,501.93,251.93
80,0.435424,28,5.39,150.89,-99.11
113,0.500639,59,5.10,301.01,51.01
108,0.621916,71,3.21,228.09,-21.91
180,0.682936,120,6.41,769.56,519.56
103,0.368214,42,7.58,318.16,68.16
84,0.500837,39,5.35,208.58,-41.42
156,0.322888,50,6.06,303.19,53.19
95,0.638713,54,7.77,419.48,169.48
87,0.475005,43,3.26,140.11,-109.89
95,0.381589,28,4.17,116.79,-133.21
163,0.607789,95,5.64,535.67,285.67
95,0.685297,68,5.34,363.42,113.42
141,0.422381,61,3.63,221.19,-28.81
160,0.673365,107,6.08,650.56,400.56
112,0.538908,51,5.17,263.61,13.61
133,0.640856,80,6.36,509.16,259.16
104,0.530129,55,6.11,335.93,85.93
104,0.457966,49,3.05,149.61,-100.39
128,0.326754,33,5.65,186.44,-63.56
106,0.314744,38,4.06,154.23,-95.77
91,0.406099,37,4.43,164.01,-85.99
156,0.658139,98,5.96,584.45,334.45
125,0.628376,79,6.23,492.08,242.08
105,0.609251,60,7.22,433.18,183.18
85,0.606936,52,3.28,170.43,-79.57
137,0.687903,89,5.69,506.33,256.33
81,0.486330,43,3.09,133.07,-116.93
180,0.667181,121,3.94,476.50,226.50
147,0.440813,67,6.82,456.69,206.69
104,0.581572,64,6.39,409.02,159.02
98,0.640847,68,5.83,396.74,146.74
92,0.567240,49,3.76,184.20,-65.80
153,0.319581,49,4.21,206.46,-43.54
111,0.418230,46,3.19,146.62,-103.38
146,0.555733,84,3.83,321.31,71.31
89,0.653210,67,3.10,207.77,-42.23
129,0.329228,44,3.30,145.23,-104.77
120,0.600991,70,3.71,259.90,9.90
143,0.578350,84,7.16,601.74,351.74
159,0.337646,61,6.53,398.17,148.17
107,0.643237,74,6.62,490.20,240.20
115,0.665810,72,3.74,269.64,19.64
106,0.318975,31,6.26,194.03,-55.97
146,0.605344,85,4.77,405.61,155.61
174,0.612567,110,5.37,591.12,341.12
90,0.466345,44,7.37,324.14,74.14
103,0.306034,30,7.26,217.89,-32.11
144,0.433869,71,4.96,352.24,102.24
82,0.672634,60,6.56,393.87,143.87
133,0.558903,77,5.69,437.82,187.82
120,0.320338,35,4.81,168.30,-81.70
156,0.457099,73,4.72,344.92,94.92
86,0.540408,38,7.42,281.93,31.93
105,0.635810,64,4.41,282.42,32.42
95,0.509624,52,7.38,383.67,133.67
98,0.531122,41,3.68,150.77,-99.23
166,0.306479,48,3.45,165.71,-84.29
112,0.652304,84,4.32,362.72,112.72
97,0.441617,45,6.79,305.56,55.56
101,0.327689,39,5.66,220.59,-29.41
117,0.398280,43,5.55,238.51,-11.49
130,0.418144,50,3.48,173.80,-76.20
150,0.363508,48,7.94,381.10,131.10
81,0.660996,46,7.56,347.94,97.94
176,0.677752,115,3.82,439.81,189.81
125,0.371412,50,6.88,343.96,93.96
139,0.346187,47,5.52,259.66,9.66
98,0.530459,43,4.02,172.78,-77.22
163,0.415468,67,4.79,320.69,70.69
178,0.560080,111,3.88,431.13,181.13
115,0.381286,43,3.15,135.31,-114.69
144,0.457922,63,6.44,405.87,155.87
135,0.307166,41,7.42,304.35,54.35
139,0.675748,91,5.02,456.50,206.50
91,0.655775,54,7.02,378.89,128.89
95,0.687466,59,7.96,469.68,219.68
88,0.336830,30,5.61,168.24,-81.76
95,0.632274,59,5.11,301.37,51.37
102,0.600084,66,4.20,277.45,27.45
125,0.678943,86,4.70,403.98,153.98
159,0.655835,107,5.68,607.46,357.46
131,0.585138,74,4.30,318.06,68.06
163,0.483556,75,7.38,553.53,303.53
96,0.418151,37,4.93,182.47,-67.53
103,0.623379,67,7.78,521.41,271.41
95,0.476443,44,7.79,342.65,92.65
178,0.677349,112,7.33,820.56,570.56
131,0.336154,40,5.49,219.54,-30.46
171,0.326241,49,7.77,380.89,130.89
91,0.641073,61,3.59,218.99,-31.01
180,0.304834,62,5.84,361.91,111.91
91,0.369595,35,7.94,277.88,27.88
104,0.491864,51,3.98,203.11,-46.89
93,0.487613,45,4.30,193.32,-56.68
173,0.541332,98,7.32,716.87,466.87
180,0.494648,81,4.47,362.22,112.22
111,0.689661,73,3.08,224.74,-25.26
115,0.503718,57,3.53,201.17,-48.83
116,0.364547,46,7.21,331.62,81.62
102,0.656984,55,5.32,292.75,42.75
129,0.694662,91,6.08,552.91,302.91
172,0.644821,106,6.60,699.09,449.09
137,0.400292,65,3.34,216.86,-33.14
86,0.333396,33,4.86,160.43,-89.57
132,0.384129,49,5.13,251.29,1.29
118,0.636323,75,6.16,462.01,212.01
146,0.311876,37,3.74,138.24,-111.76
114,0.676966,84,5.73,480.91,230.91
80,0.480886,37,5.86,216.99,-33.01
107,0.654325,72,7.16,515.87,265.87
159,0.554316,87,5.45,474.16,224.16
160,0.371908,58,6.02,349.29,99.29
80,0.510517,45,3.19,143.64,-106.36
108,0.690552,82,4.64,380.47,130.47
128,0.506583,69,3.27,225.93,-24.07
155,0.455402,64,5.59,357.97,107.97
130,0.456734,57,4.69,267.61,17.61
83,0.624388,53,6.32,334.92,84.92
142,0.344191,59,3.91,230.78,-19.22
144,0.401184,52,3.34,173.43,-76.57
164,0.502310,90,7.45,670.14,420.14
164,0.415148,76,6.04,458.87,208.87
80,0.300120,35,7.97,278.80,28.80
169,0.483604,69,6.99,482.54,232.54
80,0.508982,44,3.96,174.17,-75.83
112,0.536717,59,4.35,256.79,6.79
102,0.632413,68,7.23,491.76,241.76
149,0.551348,74,3.40,251.54,1.54
169,0.663335,104,3.23,335.69,85.69
99,0.450820,45,3.71,167.00,-83.00
93,0.641969,59,6.18,364.59,114.59
164,0.466714,94,5.30,498.62,248.62
116,0.440583,44,5.83,256.39,6.39
117,0.692638,74,3.86,285.87,35.87
84,0.375871,26,4.68,121.75,-128.25
123,0.436087,53,3.04,161.31,-88.69
105,0.694945,68,3.00,204.00,-46.00
160,0.605287,102,5.52,563.06,313.06
179,0.390519,73,4.12,300.94,50.94
160,0.364679,55,4.28,235.42,-14.58
174,0.483692,74,5.88,435.05,185.05
103,0.602896,59,7.37,434.82,184.82
110,0.636226,76,3.25,246.80,-3.20
166,0.438599,78,5.00,389.73,139.73
98,0.680676,67,4.43,296.63,46.63
90,0.351488,32,5.25,168.03,-81.97
143,0.596673,81,6.08,492.77,242.77
133,0.479407,67,3.95,264.53,14.53
98,0.421936,41,3.89,159.50,-90.50
105,0.369230,45,4.17,187.66,-62.34
82,0.693226,59,3.79,223.42,-26.58
81,0.545866,37,4.87,180.03,-69.97
111,0.371187,37,3.33,123.30,-126.70
103,0.454565,46,7.43,341.80,91.80
165,0.523222,89,3.45,307.47,57.47
90,0.613910,59,7.93,467.81,217.81
108,0.532288,54,4.40,237.76,-12.24
96,0.442979,36,3.07,110.40,-139.60
117,0.410928,57,5.09,290.05,40.05
144,0.509184,73,4.15,302.65,52.65
113,0.651922,71,3.03,215.42,-34.58
80,0.484846,34,4.68,159.26,-90.74
101,0.351955,28,7.62,213.41,-36.59
173,0.466561,80,5.91,472.47,222.47
144,0.355792,51,6.66,339.49,89.49
158,0.593914,96,3.69,354.31,104.31
88,0.577470,47,5.22,245.14,-4.86
177,0.480855,88,6.04,531.35,281.35
151,0.493083,68,6.15,418.34,168.34
166,0.632165,110,5.92,651.37,401.37
109,0.699130,77,3.08,236.86,-13.14
109,0.413810,52,7.22,375.40,125.40
176,0.612453,108,5.37,579.48,329.48
97,0.332311,27,6.55,176.85,-73.15
172,0.430583,92,7.10,653.47,403.47
151,0.652815,101,6.70,676.89,426.89
140,0.457416,59,5.51,325.05,75.05
166,0.648580,113,3.06,345.81,95.81
111,0.328756,40,5.07,202.94,-47.06
173,0.527261,100,7.22,721.92,471.92
136,0.544469,77,4.57,352.22,102.22
116,0.467214,45,6.03,271.39,21.39
160,0.431315,66,5.46,360.06,110.06
82,0.549695,51,6.61,337.34,87.34
107,0.669868,73,3.65,266.73,16.73
151,0.439005,77,3.80,292.53,42.53
122,0.352676,37,5.12,189.40,-60.60
175,0.574377,99,3.21,318.20,68.20
118,0.681344,79,3.79,299.57,49.57
173,0.320054,64,4.48,286.48,36.48
119,0.681717,84,7.08,594.41,344.41
131,0.430969,57,6.14,349.75,99.75
109,0.626361,67,6.63,444.19,194.19
97,0.463773,46,4.34,199.46,-50.54
95,0.320054,32,4.66,149.09,-100.91
109,0.409713,49,5.10,249.93,-0.07
142,0.692959,92,4.81,442.57,192.57
105,0.464263,37,3.99,147.73,-102.27
109,0.391515,44,5.72,251.84,1.84
80,0.346539,31,3.41,105.61,-144.39
152,0.435200,65,5.20,338.12,88.12
142,0.668177,91,6.15,559.29,309.29
91,0.472829,41,7.71,315.93,65.93
122,0.435696,58,6.11,354.66,104.66
87,0.530348,46,6.24,287.12,37.12
83,0.623976,60,7.01,420.49,170.49
161,0.496693,80,5.74,458.94,208.94
84,0.529672,49,5.04,246.93,-3.07
96,0.395714,39,6.45,251.43,1.43
154,0.551486,76,6.23,473.85,223.85
129,0.535419,66,4.54,299.32,49.32
149,0.431119,74,4.53,335.16,85.16
95,0.587409,59,5.41,319.42,69.42
160,0.371678,62,5.77,357.60,107.60
164,0.380019,55,7.78,428.15,178.15
163,0.570751,91,5.57,506.97,256.97
180,0.697000,127,6.68,848.08,598.08
122,0.555595,73,5.22,381.35,131.35
95,0.532002,56,3.97,222.55,-27.45
149,0.459929,79,7.06,558.13,308.13
134,0.549635,73,6.07,443.09,193.09
90,0.416289,34,7.75,263.40,13.40
87,0.641808,55,7.50,412.74,162.74
125,0.443833,51,4.83,246.40,-3.60
114,0.546630,55,3.15,173.18,-76.82
124,0.556689,68,3.11,211.35,-38.65
175,0.484746,86,4.29,368.99,118.99
106,0.332475,37,7.98,295.39,45.39
98,0.336322,33,6.16,203.30,-46.70
172,0.629648,113,6.16,695.60,445.60
90,0.677486,57,7.03,400.81,150.81
163,0.472335,77,3.61,277.75,27.75
166,0.419151,68,6.77,460.61,210.61
112,0.673177,70,3.07,214.55,-35.45
83,0.464640,47,6.64,312.22,62.22
111,0.613391,61,7.77,473.73,223.73
166,0.317098,51,7.48,381.48,131.48
95,0.483638,50,5.73,286.53,36.53
101,0.485667,52,3.43,178.23,-71.77
112,0.595360,59,6.07,358.12,108.12
114,0.485859,53,5.21,276.23,26.23
91,0.508205,45,6.28,282.56,32.56
168,0.369666,76,6.76,513.70,263.70
104,0.616872,73,4.17,304.41,54.41
173,0.409036,70,4.92,344.59,94.59
159,0.349248,49,7.32,358.53,108.53
115,0.498247,58,4.95,287.21,37.21
130,0.520019,63,5.47,344.92,94.92
140,0.362633,47,6.89,324.00,74.00
177,0.628161,119,7.33,872.84,622.84
121,0.659383,76,6.01,457.01,207.01
102,0.523936,61,6.82,416.30,166.30
130,0.403236,55,4.07,223.97,-26.03
112,0.680588,76,5.07,385.18,135.18
136,0.562541,78,4.57,356.57,106.57
145,0.467620,73,3.95,288.13,38.13
166,0.525638,93,4.54,422.49,172.49
173,0.657589,113,5.80,655.93,405.93
171,0.651304,112,6.02,674.44,424.44
178,0.570228,94,5.10,479.06,229.06
142,0.620959,94,7.20,676.76,426.76
172,0.678202,123,4.79,589.66,339.66
154,0.348674,53,4.01,212.29,-37.71
86,0.583237,53,3.32,176.14,-73.86
170,0.441990,72,3.43,246.73,-3.27
162,0.496512,90,7.70,693.30,443.30
108,0.539970,66,6.78,447.36,197.36
128,0.429005,52,3.26,169.71,-80.29
174,0.459664,77,3.54,272.38,22.38
169,0.477732,75,3.36,252.14,2.14
180,0.377047,63,7.36,463.50,213.50
156,0.654488,110,6.95,764.93,514.93
111,0.479574,53,4.52,239.34,-10.66
104,0.614622,71,3.00,213.33,-36.67
144,0.406955,57,7.27,414.32,164.32
140,0.313491,44,5.67,249.66,-0.34
170,0.640111,110,3.97,437.25,187.25
172,0.456510,87,6.85,595.86,345.86
154,0.557853,86,5.94,510.42,260.42
111,0.533451,65,7.23,469.70,219.70
176,0.398400,82,7.65,627.31,377.31
87,0.343573,31,3.71,115.09,-134.91
103,0.514517,54,5.41,292.33,42.33
160,0.483263,78,3.39,264.51,14.51
95,0.607128,52,5.92,307.69,57.69
158,0.509564,91,4.21,382.87,132.87
170,0.405545,77,6.02,463.20,213.20
129,0.698954,88,6.64,584.25,334.25
94,0.333209,28,7.93,222.15,-27.85
107,0.413454,52,7.18,373.46,123.46
167,0.614412,97,4.52,438.92,188.92
177,0.427949,73,4.21,307.19,57.19
126,0.409267,58,7.25,420.62,170.62
106,0.521278,51,6.46,329.56,79.56
136,0.388613,51,3.55,181.04,-68.96
118,0.642229,81,6.56,531.33,281.33
177,0.533727,101,4.40,444.30,194.30
98,0.431818,47,5.71,268.28,18.28
92,0.626790,60,5.29,317.45,67.45
174,0.661813,108,6.63,715.92,465.92
146,0.399419,60,7.60,455.70,205.70
96,0.452563,41,4.81,197.07,-52.93
83,0.560645,50,6.06,303.21,53.21
147,0.372147,62,6.72,416.71,166.71
103,0.504544,54,5.91,319.29,69.29
81,0.557052,46,7.15,329.03,79.03
94,0.442700,39,4.33,168.88,-81.12
95,0.380709,31,5.05,156.49,-93.51
105,0.551810,52,6.39,332.33,82.33
118,0.494916,61,4.63,282.20,32.20
158,0.545957,85,4.07,345.88,95.88
138,0.300881,37,3.77,139.45,-110.55
97,0.536302,62,7.19,445.79,195.79
88,0.431553,35,3.29,115.25,-134.75
180,0.430681,81,3.96,320.46,70.46
103,0.588597,62,4.36,270.33,20.33
141,0.473141,68,7.75,527.14,277.14
86,0.537022,45,3.56,160.10,-89.90
152,0.463520,73,6.38,465.95,215.95
170,0.549266,91,4.33,394.43,144.43
106,0.587544,57,6.48,369.45,119.45
140,0.351902,52,6.81,354.00,104.00
81,0.586928,49,5.16,252.88,2.88
111,0.393306,36,3.54,127.35,-122.65
164,0.304463,51,4.43,225.78,-24.22
152,0.388318,40,3.41,136.59,-113.41
106,0.655081,75,3.12,234.34,-15.66
165,0.479713,73,4.90,357.44,107.44
179,0.456298,79,7.29,576.26,326.26
176,0.666832,115,4.31,495.09,245.09
133,0.349458,44,4.55,200.07,-49.93
160,0.449878,63,5.04,317.28,67.28
120,0.545810,73,5.52,403.07,153.07
134,0.641506,82,7.37,604.36,354.36
81,0.310341,21,3.37,70.74,-179.26
175,0.381189,63,5.80,365.44,115.44
172,0.300002,62,3.06,189.71,-60.29
158,0.421267,60,4.98,298.83,48.83
138,0.682159,95,3.19,302.78,52.78
87,0.696863,56,6.75,378.04,128.04
150,0.678880,113,4.95,559.14,309.14
142,0.304687,44,3.40,149.67,-100.33
165,0.365003,71,6.37,452.32,202.32
166,0.675448,116,4.96,575.25,325.25
91,0.467141,42,6.27,263.43,13.43
178,0.555268,103,3.26,336.05,86.05
115,0.347054,38,5.40,205.14,-44.86
136,0.303461,38,3.92,148.77,-101.23
84,0.414543,38,5.83,221.71,-28.29
127,0.383791,37,7.24,267.91,17.91
140,0.333169,44,3.75,165.16,-84.84
175,0.323028,58,5.60,324.76,74.76
155,0.408869,72,7.01,504.71,254.71
178,0.373774,69,6.70,462.03,212.03
150,0.507640,75,7.55,566.17,316.17
117,0.634904,77,3.60,277.08,27.08
130,0.493739,65,4.83,313.74,63.74
142,0.694846,95,4.30,408.44,158.44
137,0.450913,69,3.22,222.15,-27.85
146,0.346523,56,3.47,194.50,-55.50
96,0.565705,55,3.85,211.76,-38.24
130,0.521668,76,7.13,542.13,292.13
91,0.496753,55,3.74,205.57,-44.43
122,0.523067,66,5.05,333.05,83.05
165,0.376142,69,5.90,407.28,157.28
88,0.620875,52,5.30,275.51,25.51
113,0.359873,32,3.22,103.17,-146.83
109,0.378079,45,3.19,143.51,-106.49
104,0.594208,60,7.50,449.82,199.82
97,0.491213,49,5.99,293.29,43.29
141,0.378108,49,4.01,196.67,-53.33
159,0.598928,100,6.37,637.17,387.17
173,0.468934,83,4.93,408.96,158.96
168,0.589781,93,3.93,365.26,115.26
87,0.695991,68,6.64,451.47,201.47
176,0.471416,85,4.63,393.27,143.27
92,0.364693,42,7.60,319.09,69.09
126,0.678045,88,4.12,362.67,112.67
115,0.318749,31,3.30,102.35,-147.65
131,0.465705,54,3.50,189.10,-60.90
170,0.439913,69,3.71,256.31,6.31
134,0.667328,90,7.27,654.73,404.73
99,0.452930,49,7.92,387.96,137.96
166,0.349721,64,4.44,284.29,34.29
108,0.657596,71,7.00,496.80,246.80
83,0.642736,53,4.23,223.97,-26.03
176,0.433101,81,7.51,607.99,357.99
162,0.663854,113,3.35,378.50,128.50
122,0.573805,69,7.80,537.90,287.90
90,0.672297,58,4.52,262.26,12.26
125,0.449858,55,5.11,280.99,30.99
97,0.385333,40,7.93,317.38,67.38
169,0.346646,65,5.43,353.04,103.04
105,0.443852,54,6.21,335.45,85.45
161,0.519224,90,4.48,403.30,153.30
106,0.522097,52,3.81,198.38,-51.62
95,0.664995,55,4.52,248.36,-1.64
179,0.485336,79,5.63,445.14,195.14
162,0.668927,112,4.30,481.31,231.31
107,0.620746,77,3.47,267.35,17.35
81,0.443330,42,7.32,307.37,57.37
123,0.332262,39,3.87,150.86,-99.14
111,0.677988,78,7.39,576.22,326.22
155,0.608570,91,4.63,420.92,170.92
176,0.687546,120,4.49,538.79,288.79
174,0.440959,86,6.96,598.45,348.45
151,0.494308,69,7.71,532.27,282.27
134,0.667798,94,5.53,519.64,269.64
125,0.668545,87,7.72,671.53,421.53
177,0.365516,62,3.01,186.50,-63.50
103,0.362998,37,4.46,165.08,-84.92
97,0.489285,52,4.98,259.08,9.08
114,0.465191,52,6.67,346.67,96.67
176,0.573160,115,6.95,798.93,548.93
154,0.577210,92,4.78,439.97,189.97
149,0.359932,51,4.61,235.18,-14.82
114,0.323298,30,4.04,121.29,-128.71
175,0.359707,69,5.75,396.51,146.51
122,0.441266,63,5.04,317.54,67.54
81,0.351348,22,5.37,118.22,-131.78
141,0.689296,99,5.89,582.62,332.62
112,0.353005,38,3.61,137.28,-112.72
92,0.584399,54,3.69,199.05,-50.95
128,0.557113,66,5.12,338.15,88.15
89,0.326967,37,3.70,137.05,-112.95
108,0.602695,57,6.70,381.96,131.96
180,0.690258,116,7.38,855.60,605.60
107,0.604360,65,7.43,482.94,232.94
125,0.324857,39,5.31,207.22,-42.78
118,0.500940,63,5.05,318.27,68.27
103,0.646102,57,3.49,198.75,-51.25
157,0.481028,77,7.75,596.64,346.64
161,0.306023,56,5.71,319.58,69.58
102,0.383149,35,3.50,122.33,-127.67
92,0.359851,33,7.34,242.28,-7.72
147,0.648174,98,6.71,657.49,407.49
166,0.321573,40,5.73,229.21,-20.79
110,0.404907,46,7.27,334.47,84.47
145,0.388324,60,7.68,460.62,210.62
85,0.639482,48,5.55,266.25,16.25
146,0.567124,80,6.06,484.67,234.67
166,0.611721,104,5.15,535.24,285.24
150,0.675226,101,3.01,303.90,53.90
174,0.598695,92,6.49,597.54,347.54
178,0.362481,76,5.22,396.41,146.41
112,0.357534,45,5.09,229.11,-20.89
178,0.419840,79,5.17,408.80,158.80
119,0.535726,65,7.55,490.89,240.89
155,0.499845,82,6.73,551.58,301.58
113,0.616149,68,6.57,446.46,196.46
156,0.531436,72,3.66,263.74,13.74
117,0.548509,62,6.00,371.70,121.70
114,0.316709,37,7.04,260.64,10.64
143,0.590574,76,6.71,510.15,260.15
149,0.693987,100,3.84,383.76,133.76
152,0.469352,67,6.84,458.08,208.08
178,0.520548,92,7.50,689.56,439.56
138,0.365818,55,3.58,197.17,-52.83
135,0.671676,77,6.48,499.18,249.18
81,0.487561,32,4.60,147.08,-102.92
103,0.656360,69,5.67,390.92,140.92
163,0.481921,70,5.83,407.80,157.80
93,0.423041,37,5.07,187.64,-62.36
106,0.575877,77,4.30,331.08,81.08
117,0.487812,52,3.23,168.01,-81.99
80,0.435860,31,3.83,118.71,-131.29
162,0.391771,62,6.73,417.57,167.57
156,0.692594,106,5.46,578.81,328.81
175,0.573891,113,4.23,477.66,227.66
138,0.312615,43,3.24,139.43,-110.57
127,0.338612,49,3.20,156.96,-93.04
120,0.439716,47,4.49,211.15,-38.85
168,0.412616,71,4.23,300.14,50.14
97,0.470556,40,4.32,172.67,-77.33
175,0.690712,124,5.38,667.65,417.65
81,0.368069,36,4.49,161.78,-88.22
83,0.384337,30,7.57,227.01,-22.99
86,0.514216,45,7.74,348.22,98.22
106,0.592348,74,3.54,261.87,11.87
117,0.479070,57,7.40,421.68,171.68
143,0.398112,51,7.39,376.73,126.73
99,0.396025,42,6.07,255.12,5.12
153,0.432909,63,3.23,203.56,-46.44
168,0.663035,108,4.84,522.34,272.34
88,0.672320,59,5.74,338.58,88.58
173,0.479385,83,4.93,409.18,159.18
103,0.574641,64,7.46,477.26,227.26
176,0.540752,96,6.34,608.76,358.76
134,0.381617,50,6.85,342.49,92.49
121,0.348020,37,5.36,198.45,-51.55
133,0.477219,53,4.64,245.87,-4.13
179,0.649152,117,6.92,809.55,559.55
151,0.396432,58,6.12,354.72,104.72
144,0.456674,71,6.98,495.24,245.24
175,0.654030,111,4.75,526.70,276.70
82,0.616854,50,7.91,395.72,145.72
114,0.528034,63,6.08,382.79,132.79
114,0.471515,48,7.81,374.77,124.77
151,0.670766,101,6.56,662.52,412.52
112,0.541097,64,5.96,381.13,131.13
121,0.643313,73,6.27,457.83,207.83
173,0.336079,59,7.80,460.14,210.14
149,0.575386,85,3.12,264.97,14.97
149,0.641110,95,6.17,585.77,335.77
89,0.675623,57,4.29,244.78,-5.22
112,0.355170,30,5.45,163.44,-86.56
164,0.531798,88,5.38,473.64,223.64
86,0.441005,36,4.52,162.69,-87.31
165,0.545876,92,4.66,429.13,179.13
85,0.542846,54,3.38,182.76,-67.24
95,0.568720,56,7.43,415.95,165.95
167,0.559491,103,3.53,363.67,113.67
117,0.678733,86,6.98,599.94,349.94
111,0.404765,44,4.43,194.84,-55.16
101,0.594745,58,4.65,269.85,19.85
129,0.507279,69,4.25,293.46,43.46
141,0.689986,93,3.49,324.62,74.62
149,0.599503,81,5.39,436.51,186.51
146,0.382624,60,4.59,275.29,25.29
149,0.434838,64,6.99,447.21,197.21
156,0.495487,77,7.36,566.97,316.97
95,0.379571,40,7.07,282.96,32.96
137,0.535548,70,5.26,367.86,117.86
168,0.413106,67,4.27,285.99,35.99
144,0.358554,56,6.03,337.51,87.51
103,0.304919,27,3.40,91.80,-158.20
110,0.608971,58,4.44,257.43,7.43
80,0.429358,38,4.48,170.23,-79.77
175,0.419087,63,7.16,451.15,201.15
158,0.555539,93,7.65,711.21,461.21
139,0.486913,57,4.67,266.15,16.15
173,0.694675,107,6.72,719.49,469.49
137,0.352091,41,3.40,139.37,-110.63
131,0.577151,78,4.46,348.08,98.08
84,0.565706,48,4.73,227.20,-22.80
116,0.520556,55,5.70,313.75,63.75
146,0.357211,51,5.97,304.53,54.53
113,0.348616,38,6.23,236.83,-13.17
95,0.409286,40,3.22,128.92,-121.08
83,0.394712,37,7.72,285.70,35.70
137,0.429625,63,5.05,318.28,68.28
125,0.573723,63,3.99,251.06,1.06
84,0.353073,19,4.02,76.37,-173.63
139,0.525798,73,5.08,371.02,121.02
98,0.418300,32,4.31,137.99,-112.01
138,0.425843,58,5.99,347.50,97.50
147,0.394285,53,3.04,160.96,-89.04
110,0.656297,73,5.67,414.10,164.10
114,0.629798,77,6.97,536.85,286.85
115,0.663179,80,6.97,557.26,307.26
148,0.592201,90,5.95,535.77,285.77
90,0.495173,36,4.59,165.31,-84.69
139,0.506738,70,4.16,290.91,40.91
86,0.585049,48,6.56,314.78,64.78
82,0.689822,63,4.04,254.59,4.59
95,0.384777,43,6.69,287.83,37.83
92,0.472352,35,7.95,278.34,28.34
94,0.513050,48,3.70,177.63,-72.37
112,0.402192,43,7.24,311.37,61.37
150,0.605039,93,6.72,625.17,375.17
102,0.331942,35,3.76,131.58,-118.42
171,0.302918,47,6.17,289.90,39.90
103,0.680085,71,5.87,416.79,166.79
163,0.420291,69,6.34,437.42,187.42
122,0.638922,77,7.76,597.75,347.75
93,0.532028,42,3.04,127.56,-122.44
157,0.518164,78,4.03,314.55,64.55
142,0.600817,85,6.46,549.09,299.09
80,0.420860,38,5.96,226.63,-23.37
156,0.371499,58,3.59,208.06,-41.94
172,0.611068,104,5.59,581.04,331.04
119,0.353515,47,3.87,182.05,-67.95
98,0.630368,50,6.20,309.83,59.83
165,0.388285,61,3.76,229.48,-20.52
165,0.315975,48,5.52,264.99,14.99
167,0.644288,113,7.24,818.30,568.30
110,0.354922,31,6.66,206.34,-43.66
128,0.661586,82,5.01,410.96,160.96
155,0.447381,74,3.20,236.84,-13.16
169,0.441751,65,6.80,442.07,192.07
163,0.604659,104,6.62,688.29,438.29
154,0.327090,46,7.45,342.58,92.58
149,0.314791,35,4.71,164.95,-85.05
143,0.572901,86,6.83,587.27,337.27
98,0.441053,44,3.17,139.48,-110.52
157,0.333579,45,4.92,221.62,-28.38
138,0.440922,71,3.54,251.68,1.68
124,0.591206,73,3.67,268.08,18.08
87,0.473008,34,4.48,152.41,-97.59
144,0.684257,113,6.58,743.07,493.07
156,0.630614,110,5.02,552.70,302.70
120,0.601862,72,4.69,337.83,87.83
99,0.376919,35,4.53,158.55,-91.45
108,0.585862,56,5.24,293.49,43.49
178,0.395417,76,3.18,241.58,-8.42
123,0.551462,63,5.16,325.14,75.14
91,0.611566,53,7.40,392.15,142.15
124,0.548235,69,7.90,545.34,295.34
176,0.505585,79,6.30,497.54,247.54
136,0.547660,64,3.32,212.32,-37.68
98,0.566971,46,5.03,231.46,-18.54
148,0.457674,64,4.48,286.63,36.63
88,0.666580,53,6.74,357.22,107.22
110,0.630589,74,5.22,386.12,136.12
151,0.582827,76,6.72,510.72,260.72
142,0.388119,59,5.00,295.12,45.12
171,0.633863,112,6.39,716.02,466.02
108,0.596790,74,5.15,381.45,131.45
81,0.692792,61,4.86,296.65,46.65
116,0.413417,46,6.85,315.20,65.20
125,0.676077,77,6.91,532.09,282.09
163,0.361930,58,5.57,322.87,72.87
92,0.316234,28,6.96,194.76,-55.24
116,0.438319,52,7.05,366.73,116.73
130,0.510900,76,3.31,251.49,1.49
108,0.583528,62,5.18,320.96,70.96
128,0.661348,78,3.64,284.29,34.29
145,0.519060,76,6.00,456.21,206.21
109,0.533462,67,6.02,403.67,153.67
97,0.312739,23,3.02,69.41,-180.59
129,0.529796,72,4.65,335.01,85.01
133,0.406100,43,4.28,184.08,-65.92
101,0.525694,53,4.84,256.42,6.42
108,0.595977,61,6.11,372.57,122.57
109,0.309239,29,3.54,102.78,-147.22
168,0.661270,106,3.43,363.90,113.90
119,0.305978,38,4.49,170.57,-79.43
149,0.542331,83,5.13,425.47,175.47
101,0.319904,35,5.83,204.19,-45.81
122,0.345123,41,6.17,253.00,3.00
110,0.539887,68,5.64,383.34,133.34
159,0.458926,77,5.50,423.23,173.23
112,0.433265,48,4.67,224.16,-25.84
152,0.335745,58,6.56,380.30,130.30
135,0.437854,62,6.30,390.39,140.39
143,0.387625,52,7.64,397.19,147.19
101,0.372755,35,7.89,276.01,26.01
147,0.691847,104,4.07,423.47,173.47
127,0.450897,56,7.38,413.07,163.07
174,0.529047,93,4.69,435.97,185.97
104,0.693633,69,6.80,469.37,219.37
179,0.468734,78,7.41,578.05,328.05
146,0.478732,68,5.53,376.14,126.14
152,0.596182,82,4.22,346.41,96.41
143,0.442581,72,4.11,295.85,45.85
114,0.613041,66,4.86,320.81,70.81
143,0.485340,68,5.71,388.33,138.33
91,0.338265,32,4.94,158.15,-91.85
135,0.496020,71,5.57,395.78,145.78
149,0.588078,92,6.19,569.18,319.18
119,0.490717,57,3.64,207.34,-42.66
114,0.524738,61,3.02,184.19,-65.81
135,0.512371,61,5.84,356.34,106.34
116,0.388896,41,4.32,176.96,-73.04
157,0.412046,52,6.17,321.06,71.06
141,0.474446,65,3.45,224.42,-25.58
156,0.648199,106,3.74,396.87,146.87
99,0.659814,70,7.25,507.58,257.58
131,0.362898,44,7.15,314.62,64.62
157,0.601468,100,3.56,355.91,105.91
171,0.397998,55,7.45,409.88,159.88
110,0.362986,34,3.46,117.79,-132.21
120,0.607527,75,4.16,312.29,62.29
104,0.366903,44,5.00,220.10,-29.90
131,0.349183,49,3.25,159.31,-90.69
144,0.432252,56,6.93,388.03,138.03
151,0.558979,76,3.69,280.48,30.48
101,0.311941,36,5.77,207.62,-42.38
160,0.473437,68,5.32,361.57,111.57
166,0.490639,80,7.33,586.58,336.58
174,0.575542,116,4.66,540.92,290.92
100,0.536416,54,6.68,360.58,110.58
127,0.512998,59,7.32,431.69,181.69
87,0.347224,31,7.48,231.88,-18.12
85,0.347521,26,6.22,161.73,-88.27
110,0.485169,67,4.34,290.64,40.64
117,0.594038,57,7.22,411.81,161.81
105,0.534108,60,3.85,230.71,-19.29
134,0.532911,73,4.66,340.30,90.30
179,0.557590,106,5.22,553.53,303.53
120,0.475800,55,5.91,325.05,75.05
139,0.494015,73,7.03,513.30,263.30
145,0.558981,84,5.97,501.06,251.06
135,0.381279,49,6.20,303.70,53.70
142,0.685488,98,5.51,540.06,290.06
80,0.527043,45,5.54,249.17,-0.83
177,0.673636,130,6.86,891.35,641.35
104,0.361057,40,4.95,197.91,-52.09
133,0.595002,87,7.87,684.74,434.74
175,0.505330,84,7.61,639.08,389.08
102,0.580574,56,3.11,174.18,-75.82
133,0.515425,66,6.83,450.51,200.51
126,0.608373,75,3.89,291.69,41.69
128,0.342944,44,4.82,212.04,-37.96
111,0.419590,47,4.94,232.22,-17.78
105,0.452544,48,7.85,376.88,126.88
110,0.482782,54,7.88,425.63,175.63
174,0.483540,88,3.02,266.08,16.08
128,0.611208,78,5.70,444.76,194.76
145,0.536626,75,6.08,456.10,206.10
124,0.516288,68,6.87,467.30,217.30
176,0.518946,92,3.69,339.84,89.84
118,0.477537,51,5.59,284.86,34.86
104,0.542269,61,3.58,218.56,-31.44
100,0.362399,29,6.14,177.93,-72.07
138,0.331604,46,6.25,287.41,37.41
167,0.570252,90,4.88,438.84,188.84
95,0.509600,53,6.41,339.75,89.75
107,0.448432,43,3.59,154.21,-95.79
103,0.431251,37,6.11,226.13,-23.87
121,0.640676,70,6.17,431.69,181.69
170,0.377245,61,7.22,440.42,190.42
118,0.486263,55,5.67,312.12,62.12
127,0.363395,57,3.02,172.32,-77.68
96,0.511104,53,3.75,198.51,-51.49
86,0.515707,43,6.68,287.30,37.30
91,0.474191,42,6.69,281.12,31.12
93,0.636749,63,4.37,275.13,25.13
154,0.446937,70,6.14,429.94,179.94
147,0.305602,55,4.16,228.86,-21.14
148,0.623258,83,6.88,571.28,321.28
80,0.650783,53,4.19,222.23,-27.77
123,0.595394,71,3.64,258.70,8.70
130,0.674161,99,5.56,550.66,300.66
177,0.567991,86,4.02,345.56,95.56
132,0.534396,70,6.84,478.86,228.86
117,0.437579,51,3.35,170.71,-79.29
83,0.383918,38,6.74,256.17,6.17
156,0.459799,67,4.98,333.75,83.75
177,0.446673,90,6.02,541.75,291.75
102,0.377004,31,4.66,144.61,-105.39
139,0.688664,98,5.18,507.40,257.40
101,0.501278,52,7.42,386.02,136.02
105,0.691309,71,7.24,514.32,264.32
166,0.366667,60,7.93,475.52,225.52
92,0.570765,51,4.81,245.43,-4.57
98,0.554488,52,6.63,344.89,94.89
83,0.300552,22,5.48,120.55,-129.45
118,0.311346,39,4.71,183.81,-66.19
118,0.344197,48,6.56,314.67,64.67
131,0.379279,57,7.74,440.90,190.90
158,0.443146,74,7.05,521.81,271.81
136,0.452581,52,5.40,281.06,31.06
135,0.559173,86,6.11,525.61,275.61
163,0.388267,64,6.68,427.71,177.71
116,0.645365,68,6.83,464.24,214.24
148,0.407971,59,3.54,208.73,-41.27
171,0.451993,80,7.79,623.57,373.57
179,0.629591,113,3.75,423.28,173.28
159,0.322073,47,5.59,262.72,12.72
97,0.385944,36,7.74,278.67,28.67
151,0.451851,57,4.45,253.38,3.38
134,0.649431,83,7.32,607.84,357.84
107,0.514123,47,4.80,225.66,-24.34
135,0.606528,79,7.03,555.02,305.02
104,0.525916,49,5.07,248.65,-1.35
102,0.357388,45,4.88,219.58,-30.42
165,0.686729,131,5.33,698.03,448.03
141,0.677293,102,3.09,315.26,65.26
158,0.584230,83,7.91,656.70,406.70
97,0.611278,57,7.04,401.14,151.14
87,0.670161,50,7.21,360.51,110.51
108,0.382918,49,7.53,369.18,119.18
117,0.694414,77,3.38,260.25,10.25
100,0.517449,45,4.16,187.04,-62.96
97,0.475968,52,6.52,339.00,89.00
105,0.625089,60,5.95,356.82,106.82
130,0.527632,68,5.66,384.61,134.61
163,0.407107,65,6.90,448.27,198.27
109,0.511143,52,6.94,361.12,111.12
175,0.472052,80,7.20,575.77,325.77
137,0.441314,61,5.53,337.40,87.40
154,0.552105,86,4.54,390.10,140.10
101,0.688655,68,5.96,405.16,155.16
93,0.497004,58,4.63,268.78,18.78
144,0.388935,62,4.74,293.80,43.80
114,0.528552,58,5.23,303.42,53.42
111,0.620865,65,7.39,480.58,230.58
172,0.478668,85,3.69,313.81,63.81
93,0.664620,71,7.67,544.33,294.33
87,0.615524,54,3.03,163.48,-86.52
121,0.580460,75,4.76,357.16,107.16
176,0.475005,79,7.31,577.17,327.17
88,0.635420,56,4.41,246.97,-3.03
121,0.347191,48,4.77,228.92,-21.08
139,0.496495,63,4.88,307.40,57.40
175,0.328370,67,5.59,374.63,124.63
127,0.541163,67,4.36,291.83,41.83
163,0.532224,91,5.08,462.48,212.48
102,0.574032,64,3.11,198.76,-51.24
131,0.422226,53,4.08,216.45,-33.55
172,0.496478,90,6.77,609.23,359.23
124,0.581258,67,5.39,361.04,111.04
113,0.550821,74,5.26,389.20,139.20
132,0.499152,74,4.07,300.87,50.87
119,0.336560,44,7.43,326.72,76.72
178,0.577785,94,7.17,674.33,424.33
125,0.533694,77,3.50,269.51,19.51
80,0.591474,40,7.41,296.59,46.59
81,0.476825,37,6.53,241.70,-8.30
116,0.692984,86,4.48,385.64,135.64
94,0.302296,29,4.65,134.97,-115.03
114,0.515527,56,6.20,347.33,97.33
153,0.322682,55,5.05,277.99,27.99
81,0.563074,43,4.94,212.42,-37.58
130,0.353708,51,3.48,177.33,-72.67
179,0.580828,92,3.45,317.32,67.32
125,0.583630,79,4.57,360.68,110.68
94,0.398829,34,6.21,211.31,-38.69
103,0.572142,63,4.63,291.71,41.71
108,0.545705,56,4.26,238.63,-11.37
168,0.486221,69,6.97,480.80,230.80
88,0.477671,47,5.60,263.43,13.43
87,0.605437,52,3.39,176.52,-73.48
119,0.549188,56,7.35,411.70,161.70
173,0.510180,93,5.31,494.14,244.14
160,0.392541,63,6.67,420.19,170.19
82,0.620445,50,3.33,166.45,-83.55
110,0.525192,51,4.74,241.56,-8.44
171,0.699767,122,5.56,678.37,428.37
96,0.446485,37,6.10,225.78,-24.22
113,0.542057,65,6.86,445.78,195.78
169,0.369138,66,5.64,372.46,122.46
129,0.403276,57,5.96,339.56,89.56
157,0.512519,84,5.16,433.41,183.41
89,0.456499,49,6.20,303.73,53.73
143,0.397139,59,4.59,270.53,20.53
162,0.424284,78,7.14,557.20,307.20
150,0.422733,58,5.34,309.55,59.55
122,0.352614,52,5.51,286.41,36.41
180,0.445328,92,5.22,480.25,230.25
169,0.635408,102,4.38,446.74,196.74
122,0.374331,54,5.45,294.33,44.33
92,0.477899,46,3.92,180.19,-69.81
109,0.621224,62,7.72,478.42,228.42
108,0.367355,39,7.06,275.34,25.34
146,0.650332,105,3.46,363.28,113.28
117,0.691904,84,5.40,453.44,203.44
119,0.666540,75,7.75,581.56,331.56
98,0.538031,45,4.55,204.64,-45.36
134,0.491458,69,5.64,389.39,139.39
99,0.481452,49,3.43,167.95,-82.05
130,0.572204,79,4.55,359.31,109.31
136,0.646491,88,3.05,268.79,18.79
152,0.497377,68,6.20,421.64,171.64
146,0.547089,66,3.77,248.77,-1.23
84,0.518541,48,5.16,247.81,-2.19
102,0.583044,60,7.20,431.94,181.94
117,0.410417,43,6.14,263.87,13.87
164,0.671991,116,4.83,560.59,310.59
134,0.624831,75,6.82,511.72,261.72
136,0.377266,51,3.45,176.02,-73.98
134,0.346236,44,7.60,334.33,84.33
162,0.445948,80,5.99,479.12,229.12
160,0.516677,81,7.44,602.71,352.71
96,0.437773,39,3.87,150.97,-99.03
83,0.698664,56,5.97,334.56,84.56
116,0.364580,46,3.37,155.12,-94.88
154,0.573760,94,3.06,287.37,37.37
110,0.486475,53,3.97,210.29,-39.71
115,0.661202,73,7.99,582.91,332.91
85,0.525111,31,7.96,246.64,-3.36
151,0.565069,82,7.75,635.13,385.13
116,0.360354,34,4.68,159.28,-90.72
131,0.517957,64,7.16,458.07,208.07
146,0.418298,58,7.39,428.55,178.55
110,0.600797,66,4.54,299.67,49.67
173,0.376943,59,4.40,259.34,9.34
82,0.669994,60,4.54,272.39,22.39
102,0.560362,58,6.82,395.31,145.31
114,0.627648,62,7.34,455.06,205.06
135,0.634289,87,6.45,561.58,311.58
155,0.306119,53,7.26,384.97,134.97
153,0.449582,79,4.58,361.78,111.78
80,0.617322,51,6.22,317.25,67.25
140,0.381107,49,6.73,329.85,79.85
163,0.595258,104,5.55,577.50,327.50
103,0.491436,51,5.11,260.85,10.85
118,0.331606,34,5.15,174.94,-75.06
170,0.543006,91,3.39,308.08,58.08
147,0.630113,92,3.51,323.30,73.30
109,0.404455,36,6.18,222.50,-27.50
93,0.666293,54,6.01,324.48,74.48
121,0.568976,63,5.49,345.58,95.58
159,0.423849,72,6.64,477.86,227.86
115,0.612139,66,7.01,462.46,212.46
161,0.604275,90,4.53,407.63,157.63
93,0.360029,40,5.51,220.21,-29.79
151,0.591958,101,3.18,321.04,71.04
86,0.546497,49,4.54,222.41,-27.59
166,0.495810,88,6.14,540.21,290.21
93,0.676342,62,4.07,252.42,2.42
171,0.325645,50,3.57,178.65,-71.35
113,0.692426,81,3.98,322.59,72.59
129,0.540658,65,3.54,230.24,-19.76
143,0.364086,60,6.74,404.60,154.60
133,0.495507,68,5.26,357.52,107.52
165,0.606700,100,4.58,457.79,207.79
94,0.574739,54,4.08,220.11,-29.89
110,0.490294,55,7.43,408.91,158.91
144,0.592732,88,5.40,474.79,224.79
156,0.614165,98,5.49,537.85,287.85
161,0.521033,86,6.93,595.58,345.58
149,0.373779,55,4.74,260.43,10.43
119,0.608896,77,4.27,329.12,79.12
127,0.380453,42,5.32,223.24,-26.76
139,0.322078,52,7.29,378.98,128.98
159,0.436784,76,4.16,316.42,66.42
157,0.324262,43,3.56,153.00,-97.00
120,0.301141,32,5.70,182.50,-67.50
145,0.638082,98,7.47,732.26,482.26
100,0.640662,66,7.70,507.98,257.98
99,0.322592,17,3.68,62.51,-187.49
82,0.482218,43,5.14,221.03,-28.97
172,0.352655,72,5.70,410.52,160.52
107,0.438433,53,5.75,304.78,54.78
148,0.458054,68,6.18,420.56,170.56
94,0.619769,61,5.52,336.48,86.48
141,0.544125,72,5.20,374.18,124.18
151,0.431139,55,4.80,263.92,13.92
124,0.357661,38,5.43,206.42,-43.58
116,0.693245,93,3.26,303.42,53.42
99,0.368623,40,5.40,215.96,-34.04
137,0.513107,67,6.29,421.70,171.70
134,0.626460,81,3.16,255.76,5.76
82,0.624484,49,4.83,236.53,-13.47
87,0.575009,50,6.02,300.82,50.82
119,0.453362,53,7.04,373.05,123.05
101,0.648666,65,7.25,471.17,221.17
86,0.500722,41,5.86,240.41,-9.59
96,0.452855,44,5.16,226.89,-23.11
129,0.529162,70,7.01,490.55,240.55
172,0.544642,101,7.79,787.10,537.10
105,0.443484,43,5.81,249.85,-0.15
128,0.460992,55,3.30,181.75,-68.25
156,0.347738,57,3.13,178.21,-71.79
80,0.645922,52,7.58,394.12,144.12
107,0.599902,64,7.66,490.05,240.05
110,0.345344,36,3.92,140.94,-109.06
171,0.312657,50,3.97,198.75,-51.25
149,0.478936,73,7.78,567.81,317.81
132,0.405738,50,4.71,235.46,-14.54
104,0.571664,59,3.81,224.83,-25.17
157,0.476719,77,6.30,485.18,235.18
167,0.605281,102,7.82,797.47,547.47
172,0.591122,111,7.36,817.08,567.08
166,0.424534,85,7.77,660.41,410.41
95,0.416402,38,6.89,261.68,11.68
147,0.533936,86,6.94,597.19,347.19
90,0.342581,36,5.70,205.34,-44.66
167,0.601818,108,7.33,791.51,541.51
107,0.441833,56,5.39,301.61,51.61
124,0.457085,60,6.77,406.03,156.03
83,0.441003,39,5.58,217.55,-32.45
178,0.650440,106,7.45,789.53,539.53
147,0.648325,93,5.61,522.17,272.17
142,0.593532,81,5.82,471.40,221.40
121,0.618332,74,3.50,258.68,8.68
142,0.658202,92,6.73,619.35,369.35
122,0.452188,54,5.48,295.93,45.93
124,0.477509,47,4.76,223.49,-26.51
156,0.466329,70,6.78,474.39,224.39
156,0.510417,82,7.22,592.40,342.40
133,0.480459,58,3.06,177.74,-72.26
176,0.452033,69,7.15,493.24,243.24
133,0.325039,42,4.69,196.81,-53.19
167,0.316712,64,5.80,371.26,121.26
87,0.399239,29,6.20,179.80,-70.20
97,0.453891,44,7.40,325.47,75.47
111,0.687416,73,6.16,449.60,199.60
142,0.640190,97,3.94,382.65,132.65
136,0.569002,77,4.05,312.07,62.07
110,0.651139,69,6.29,433.74,183.74
148,0.494507,75,7.34,550.32,300.32
168,0.429028,72,4.36,314.09,64.09
91,0.388113,42,6.37,267.67,17.67
168,0.465547,83,7.99,663.58,413.58
136,0.356442,58,7.24,419.88,169.88
146,0.432022,68,5.79,393.40,143.40
178,0.552312,99,6.89,681.96,431.96
94,0.398983,35,4.35,152.19,-97.81
136,0.426653,53,6.33,335.40,85.40
90,0.404320,35,7.23,252.97,2.97
103,0.581458,63,3.35,211.02,-38.98
152,0.411846,66,4.62,304.70,54.70
136,0.383482,50,6.89,344.53,94.53
85,0.472758,44,6.76,297.48,47.48
130,0.323081,50,6.18,309.16,59.16
102,0.621841,68,6.99,475.10,225.10
162,0.614914,99,5.83,577.08,327.08
112,0.540156,61,4.40,268.60,18.60
114,0.307598,33,3.83,126.42,-123.58
133,0.311484,40,5.99,239.64,-10.36
114,0.570339,73,5.46,398.31,148.31
166,0.462407,74,5.71,422.41,172.41
144,0.561792,78,5.89,459.43,209.43
168,0.527020,93,6.25,580.81,330.81
122,0.516457,68,6.48,440.72,190.72
92,0.519243,42,4.83,202.89,-47.11
171,0.355812,53,3.97,210.23,-39.77
149,0.515298,83,4.10,340.05,90.05
112,0.326734,36,5.71,205.63,-44.37
175,0.561298,105,6.52,684.31,434.31
156,0.314776,46,7.05,324.16,74.16
152,0.563429,88,3.79,333.51,83.51
96,0.390299,37,5.89,218.05,-31.95
180,0.409572,68,5.68,386.47,136.47
104,0.404056,37,7.20,266.40,16.40
139,0.602505,68,7.49,509.66,259.66
128,0.409729,50,6.36,317.80,67.80
124,0.400867,53,4.61,244.25,-5.75
141,0.551750,77,3.59,276.59,26.59
106,0.350786,42,5.99,251.41,1.41
170,0.496052,83,5.70,473.51,223.51
153,0.372304,44,4.77,209.71,-40.29
169,0.353740,56,7.74,433.26,183.26
155,0.337878,48,7.08,339.76,89.76
117,0.509511,58,4.59,266.14,16.14
81,0.624881,46,7.92,364.42,114.42
121,0.508887,61,6.11,372.56,122.56
99,0.308387,35,4.31,150.84,-99.16
160,0.418098,71,3.54,251.03,1.03
119,0.401961,41,3.96,162.26,-87.74
156,0.452005,70,3.53,247.16,-2.84
150,0.410183,77,3.87,298.34,48.34
106,0.447526,47,7.42,348.95,98.95
99,0.579184,60,6.09,365.23,115.23
167,0.343235,49,5.63,275.79,25.79
135,0.600852,85,6.19,526.22,276.22
133,0.435306,52,5.31,276.36,26.36
134,0.645450,78,4.83,376.72,126.72
141,0.397295,47,5.54,260.41,10.41
170,0.331913,48,4.11,197.12,-52.88
167,0.447527,68,3.76,255.85,5.85
163,0.478738,80,6.81,544.76,294.76
130,0.439754,52,5.78,300.47,50.47
167,0.504241,97,5.36,520.27,270.27
125,0.412327,48,6.69,321.16,71.16
161,0.357949,47,5.14,241.75,-8.25
81,0.314512,29,5.72,166.01,-83.99
114,0.641014,72,3.17,227.91,-22.09
104,0.448392,45,5.02,225.93,-24.07
137,0.515193,67,6.48,434.32,184.32
125,0.640548,78,5.68,442.77,192.77
117,0.520471,73,5.11,372.98,122.98
179,0.557867,102,5.71,582.49,332.49
172,0.349866,61,5.99,365.60,115.60
147,0.321187,50,4.29,214.50,-35.50
155,0.440530,77,3.65,280.99,30.99
134,0.307130,36,3.30,118.87,-131.13
165,0.608146,100,3.88,388.16,138.16
128,0.682205,82,5.11,418.99,168.99
151,0.445447,66,3.67,242.20,-7.80
161,0.496591,87,3.98,346.30,96.30
151,0.429699,69,3.82,263.59,13.59
125,0.624064,83,7.16,594.53,344.53
129,0.333656,32,6.44,206.18,-43.82
147,0.357807,52,5.41,281.15,31.15
144,0.547417,84,4.89,411.05,161.05
139,0.622746,101,7.31,738.28,488.28
95,0.683174,58,3.47,201.31,-48.69
172,0.335158,51,7.06,360.09,110.09
124,0.503545,64,5.79,370.68,120.68
94,0.467383,45,7.53,338.96,88.96
86,0.584584,52,4.44,230.68,-19.32
93,0.398855,36,6.78,244.08,-5.92
128,0.301206,35,5.75,201.42,-48.58
114,0.380868,38,5.76,218.93,-31.07
121,0.698573,91,5.22,475.16,225.16
87,0.584339,46,4.77,219.42,-30.58
166,0.458656,72,4.36,313.70,63.70
87,0.379648,34,3.02,102.66,-147.34
166,0.513854,90,3.96,356.10,106.10
126,0.464043,55,6.44,354.14,104.14
89,0.500467,39,3.44,134.22,-115.78
83,0.379045,31,6.62,205.33,-44.67
114,0.426557,53,3.91,207.05,-42.95
98,0.638135,66,7.62,502.99,252.99
131,0.410914,65,6.39,415.21,165.21
113,0.465340,52,4.93,256.40,6.40
120,0.358286,38,7.24,275.28,25.28
120,0.334879,42,7.19,301.84,51.84
80,0.412468,34,3.19,108.45,-141.55
116,0.538485,65,4.21,273.61,23.61
86,0.371797,38,6.01,228.46,-21.54
98,0.436940,46,5.86,269.69,19.69
133,0.515532,75,4.48,335.69,85.69
151,0.347633,52,6.18,321.19,71.19
103,0.634024,61,6.09,371.51,121.51
124,0.440532,58,3.69,213.79,-36.21
179,0.687261,125,5.88,735.26,485.26
93,0.504430,46,4.33,199.08,-50.92
180,0.501488,100,3.04,304.17,54.17
143,0.342445,54,6.20,334.68,84.68
82,0.534193,46,7.68,353.39,103.39
141,0.694568,93,7.52,698.96,448.96
113,0.673244,71,5.77,409.74,159.74
123,0.391477,41,5.01,205.36,-44.64
121,0.314484,39,6.74,262.81,12.81
103,0.470833,47,3.58,168.48,-81.52
93,0.481477,39,5.22,203.75,-46.25
109,0.447859,53,3.38,179.24,-70.76
84,0.322918,23,5.11,117.59,-132.41
139,0.667458,95,5.41,514.37,264.37
169,0.396573,79,3.90,308.44,58.44
133,0.329577,36,4.40,158.58,-91.42
110,0.674402,67,3.68,246.52,-3.48
88,0.480571,44,5.08,223.32,-26.68
85,0.394824,38,3.67,139.29,-110.71
84,0.535142,44,4.58,201.59,-48.41
110,0.376182,42,7.20,302.39,52.39
126,0.565947,58,4.87,282.33,32.33
102,0.533883,53,7.69,407.50,157.50
131,0.400804,51,7.73,394.14,144.14
125,0.388941,53,6.94,367.77,117.77
117,0.504127,53,7.28,385.68,135.68
178,0.680503,123,7.92,973.66,723.66
150,0.385448,52,6.84,355.76,105.76
145,0.346680,54,7.09,382.84,132.84
137,0.677596,94,6.34,595.76,345.76
148,0.486585,73,4.34,316.48,66.48
120,0.691210,77,4.11,316.13,66.13
92,0.415574,41,4.48,183.62,-66.38
175,0.431722,75,7.29,546.87,296.87
133,0.695618,88,5.66,498.51,248.51
113,0.580070,66,6.63,437.49,187.49
117,0.498248,73,6.99,510.26,260.26
102,0.549892,52,3.63,188.73,-61.27
141,0.317085,39,5.58,217.71,-32.29
144,0.529962,85,5.84,496.16,246.16
111,0.629850,69,3.13,215.87,-34.13
95,0.496473,44,7.51,330.57,80.57
176,0.563289,96,6.46,620.10,370.10
139,0.427424,60,5.27,315.93,65.93
179,0.336225,78,7.22,563.30,313.30
101,0.593487,65,4.73,307.59,57.59
135,0.584924,75,7.27,545.57,295.57
111,0.671004,68,5.63,382.68,132.68
156,0.531636,80,5.23,418.78,168.78
105,0.486054,55,7.79,428.24,178.24
169,0.481343,83,3.16,261.90,11.90
81,0.642762,47,6.97,327.55,77.55
95,0.335329,35,3.58,125.35,-124.65
176,0.471429,80,4.14,331.08,81.08
162,0.510868,83,4.99,414.19,164.19
165,0.383187,66,4.69,309.62,59.62
164,0.502715,87,3.20,278.71,28.71
83,0.532002,49,5.89,288.46,38.46
132,0.576758,76,3.32,252.53,2.53
135,0.653462,83,5.74,476.70,226.70
175,0.622057,114,3.26,371.54,121.54
91,0.420615,42,7.03,295.06,45.06
134,0.363062,50,5.21,260.54,10.54
177,0.587359,112,7.51,840.80,590.80
173,0.549524,98,3.36,329.72,79.72
93,0.636977,59,6.15,363.03,113.03
158,0.329278,57,6.25,356.30,106.30
145,0.428831,66,4.16,274.69,24.69
170,0.572645,86,3.70,318.41,68.41
163,0.425222,66,4.73,312.45,62.45
82,0.570087,46,4.92,226.20,-23.80
92,0.689935,55,3.30,181.41,-68.59
105,0.449812,48,3.63,174.34,-75.66
80,0.453144,29,3.75,108.73,-141.27
136,0.587934,81,3.42,277.11,27.11
90,0.563093,49,3.86,189.22,-60.78
134,0.688552,101,7.08,715.57,465.57
131,0.576251,77,6.51,501.12,251.12
180,0.437033,78,7.51,586.11,336.11
122,0.451974,58,4.90,284.34,34.34
157,0.424174,71,7.25,514.80,264.80
107,0.518463,53,5.73,303.82,53.82
128,0.523588,73,6.93,505.67,255.67
121,0.344202,46,3.00,138.17,-111.83
117,0.413536,60,6.31,378.64,128.64
143,0.356299,56,4.62,258.77,8.77
99,0.593338,55,3.84,211.12,-38.88
157,0.597069,100,5.03,502.64,252.64
165,0.529603,85,6.78,576.55,326.55
120,0.685220,83,3.75,311.25,61.25
97,0.619400,58,6.50,377.10,127.10
130,0.372116,50,7.86,392.87,142.87
106,0.433825,44,7.51,330.48,80.48
97,0.558779,55,4.21,231.42,-18.58
145,0.684807,93,6.54,608.66,358.66
148,0.495278,78,6.92,539.65,289.65
121,0.448982,57,7.23,411.97,161.97
141,0.537879,73,7.63,556.78,306.78
120,0.483493,56,6.54,366.26,116.26
133,0.624066,75,3.30,247.29,-2.71
169,0.500066,94,7.06,663.80,413.80
80,0.664707,47,3.35,157.66,-92.34
154,0.561522,87,3.97,345.62,95.62
81,0.439822,35,5.99,209.49,-40.51
166,0.315763,45,3.86,173.81,-76.19
157,0.510127,90,6.84,615.38,365.38
82,0.597701,38,4.75,180.46,-69.54
165,0.356956,55,4.27,235.00,-15.00
126,0.321305,41,7.04,288.69,38.69
167,0.421222,60,3.55,212.74,-37.26
149,0.604452,96,6.94,665.88,415.88
81,0.679500,64,7.46,477.57,227.57
171,0.611080,106,7.05,747.80,497.80
115,0.341985,35,3.62,126.68,-123.32
148,0.415709,63,7.54,475.24,225.24
121,0.454087,58,5.63,326.38,76.38
93,0.519995,53,4.27,226.45,-23.55
134,0.409117,60,6.89,413.66,163.66
177,0.479962,84,6.14,515.81,265.81
131,0.415709,59,4.37,257.60,7.60
87,0.637993,55,3.76,206.66,-43.34
177,0.689091,124,7.88,977.69,727.69
152,0.364246,54,4.68,252.97,2.97
157,0.390781,50,4.00,200.12,-49.88
118,0.425229,38,3.14,119.49,-130.51
123,0.567633,72,5.41,389.40,139.40
109,0.395565,37,5.26,194.70,-55.30
127,0.465272,60,4.31,258.35,8.35
125,0.403106,51,7.55,385.10,135.10
151,0.400424,55,4.80,264.21,14.21
87,0.480186,44,6.89,302.96,52.96
104,0.377870,31,7.28,225.57,-24.43
90,0.690590,61,4.42,269.41,19.41
135,0.353868,46,5.29,243.43,-6.57
127,0.522296,69,3.91,269.48,19.48
136,0.497131,68,5.74,390.38,140.38
97,0.483612,41,3.28,134.56,-115.44
153,0.364951,62,6.87,425.84,175.84
145,0.406395,52,3.75,195.17,-54.83
114,0.589569,63,3.51,221.23,-28.77
176,0.382375,70,3.84,269.10,19.10
122,0.536002,63,6.89,433.83,183.83
153,0.455639,68,5.39,366.75,116.75
112,0.342545,38,6.35,241.20,-8.80
156,0.682049,104,7.79,809.74,559.74
163,0.652423,114,6.23,709.78,459.78
164,0.573514,98,4.07,398.87,148.87
148,0.600264,83,7.55,626.88,376.88
127,0.649676,80,7.88,630.49,380.49
95,0.535935,50,4.63,231.49,-18.51
92,0.663273,58,7.90,458.36,208.36
171,0.490918,84,3.99,335.23,85.23
154,0.599039,103,7.24,745.24,495.24
167,0.465372,79,7.34,579.86,329.86
161,0.511727,73,3.93,287.17,37.17
115,0.493667,54,5.67,306.34,56.34
88,0.594754,48,3.28,157.24,-92.76
153,0.505220,83,7.02,582.51,332.51
89,0.699091,70,5.37,375.72,125.72
114,0.445018,40,5.99,239.48,-10.52
176,0.439329,73,6.66,486.19,236.19
85,0.377884,38,3.90,148.11,-101.89
151,0.382620,64,6.83,437.25,187.25
88,0.546833,44,4.21,185.27,-64.73
124,0.534204,71,3.81,270.85,20.85
162,0.351654,54,3.10,167.36,-82.64
148,0.354717,49,4.71,230.87,-19.13
122,0.540402,64,7.37,471.93,221.93
89,0.390031,36,7.06,254.27,4.27
167,0.434823,75,4.31,323.57,73.57
110,0.485461,62,4.00,247.78,-2.22
169,0.688021,108,3.07,331.65,81.65
84,0.682320,62,5.34,331.00,81.00
109,0.497776,56,5.38,301.38,51.38
85,0.529999,54,7.51,405.53,155.53
141,0.384305,51,7.74,394.62,144.62
122,0.329430,49,7.76,380.14,130.14
143,0.370873,50,6.00,300.07,50.07
127,0.543247,68,6.35,431.92,181.92
97,0.678539,70,5.50,384.69,134.69
110,0.397030,50,7.88,393.77,143.77
111,0.468242,49,5.16,252.84,2.84
172,0.378754,69,5.26,362.71,112.71
117,0.563788,60,6.47,388.24,138.24
135,0.613020,74,4.54,336.30,86.30
152,0.422380,66,4.05,267.02,17.02
115,0.642151,69,7.15,493.56,243.56
89,0.646086,57,6.73,383.40,133.40
177,0.549503,96,3.23,309.88,59.88
95,0.389827,39,5.86,228.54,-21.46
150,0.336191,48,3.57,171.45,-78.55
83,0.609179,48,3.13,150.25,-99.75
110,0.353460,41,5.20,213.32,-36.68
88,0.454144,40,7.47,298.97,48.97
92,0.484115,42,5.09,213.98,-36.02
105,0.526724,47,4.07,191.15,-58.85
179,0.385596,64,4.70,300.63,50.63
113,0.498031,58,7.40,429.28,179.28
166,0.476679,82,4.48,367.74,117.74
116,0.636997,76,7.28,553.36,303.36
161,0.560625,89,7.65,680.98,430.98
111,0.507404,58,5.02,291.36,41.36
136,0.587609,85,7.63,648.37,398.37
144,0.483849,59,6.58,388.50,138.50
178,0.514313,96,3.29,316.05,66.05
99,0.522241,53,5.94,314.95,64.95
135,0.346662,45,3.45,155.10,-94.90
142,0.519613,88,7.40,650.78,400.78
88,0.541215,60,3.41,204.59,-45.41
160,0.405476,57,7.78,443.57,193.57
116,0.368543,39,4.47,174.44,-75.56
160,0.675870,112,4.62,517.55,267.55
111,0.671085,79,7.04,556.21,306.21
155,0.688869,107,4.64,496.92,246.92
159,0.349665,46,5.42,249.49,-0.51
88,0.510143,43,6.49,279.04,29.04
101,0.555937,59,3.35,197.52,-52.48
100,0.400225,40,4.42,176.68,-73.32
105,0.638165,68,7.63,518.95,268.95
106,0.603177,66,3.66,241.51,-8.49
130,0.321897,44,5.21,229.06,-20.94
89,0.448493,42,3.68,154.46,-95.54
156,0.688577,113,4.66,526.39,276.39
80,0.462610,35,7.98,279.39,29.39
165,0.550961,92,7.06,649.71,399.71
106,0.371955,48,3.43,164.61,-85.39
147,0.365993,54,3.04,164.03,-85.97
180,0.428148,74,7.38,546.05,296.05
123,0.460729,54,4.76,257.15,7.15
179,0.436234,75,6.54,490.51,240.51
105,0.578991,49,7.97,390.65,140.65
161,0.369320,66,5.19,342.36,92.36
150,0.375563,54,5.69,307.04,57.04
160,0.667369,108,4.68,505.79,255.79
165,0.494355,83,7.20,597.29,347.29
100,0.685693,66,6.30,415.80,165.80
119,0.556793,62,6.70,415.43,165.43
133,0.382847,45,5.97,268.87,18.87
83,0.593725,49,7.14,349.86,99.86
154,0.656468,103,6.54,673.99,423.99
96,0.520024,44,4.40,193.78,-56.22
154,0.493512,75,5.95,446.02,196.02
136,0.486524,77,6.89,530.79,280.79
107,0.552843,51,4.96,252.92,2.92
92,0.688832,66,6.17,407.06,157.06
178,0.409678,77,7.45,573.62,323.62
172,0.521200,83,7.06,586.04,336.04
167,0.304736,52,6.73,349.99,99.99
97,0.356166,32,7.68,245.68,-4.32
112,0.342300,39,6.31,246.17,-3.83
125,0.489317,56,3.57,199.98,-50.02
179,0.389637,78,6.12,477.28,227.28
83,0.519789,36,6.47,232.98,-17.02
180,0.587490,104,3.24,336.59,86.59
110,0.546059,65,3.06,199.17,-50.83
102,0.536089,52,4.23,219.89,-30.11
111,0.648393,62,5.49,340.31,90.31
106,0.373733,46,6.16,283.55,33.55
96,0.366206,32,3.52,112.76,-137.24
112,0.542177,55,7.67,421.72,171.72
147,0.578150,80,5.90,472.23,222.23
92,0.616011,57,4.32,246.44,-3.56
168,0.507772,80,7.98,638.65,388.65
113,0.474411,61,4.31,262.72,12.72
153,0.562119,93,5.22,485.82,235.82
128,0.482693,59,6.84,403.81,153.81
136,0.480240,70,3.97,277.56,27.56
91,0.366452,38,7.91,300.59,50.59
146,0.359729,54,7.47,403.14,153.14
85,0.480586,33,5.40,178.19,-71.81
105,0.372450,36,3.75,134.93,-115.07
100,0.587154,46,7.15,328.72,78.72
143,0.588159,78,7.62,594.31,344.31
84,0.387113,35,5.13,179.72,-70.28
97,0.689922,71,4.00,284.14,34.14
178,0.363761,69,6.65,458.55,208.55
150,0.586686,83,5.04,417.91,167.91
132,0.665052,91,6.84,622.77,372.77
136,0.412876,49,4.98,243.87,-6.13
111,0.517525,64,4.11,262.87,12.87
116,0.602708,57,3.75,213.66,-36.34
106,0.482924,56,3.31,185.49,-64.51
173,0.342980,57,7.75,441.53,191.53
118,0.418401,54,3.76,203.27,-46.73
115,0.664591,76,5.40,410.72,160.72
151,0.601029,92,4.28,393.56,143.56
163,0.514524,83,7.71,639.61,389.61
141,0.352257,56,4.80,268.96,18.96
135,0.557866,86,3.66,315.14,65.14
86,0.523320,37,4.00,147.85,-102.15
98,0.659253,63,4.26,268.48,18.48
134,0.614438,81,7.14,578.62,328.62
128,0.534966,69,7.45,514.03,264.03
157,0.492974,82,4.36,357.48,107.48
80,0.497921,39,7.86,306.71,56.71
176,0.493387,85,3.37,286.65,36.65
165,0.585181,103,4.13,425.66,175.66
176,0.462037,81,7.88,638.21,388.21
111,0.671148,82,7.04,577.25,327.25
178,0.302375,52,4.99,259.57,9.57
81,0.676812,56,5.36,300.21,50.21
143,0.609320,87,4.99,434.11,184.11
172,0.338666,61,3.49,212.78,-37.22
159,0.540010,83,7.98,662.43,412.43
149,0.643050,90,3.93,353.95,103.95
159,0.513822,78,3.77,293.80,43.80
119,0.473381,53,7.53,398.87,148.87
91,0.571108,54,3.96,213.66,-36.34
163,0.699153,117,5.70,667.05,417.05
137,0.440725,60,3.93,235.82,-14.18
148,0.451311,74,4.12,305.07,55.07
169,0.611086,99,5.58,551.98,301.98
165,0.525230,75,7.42,556.65,306.65
155,0.624125,92,7.59,698.64,448.64
130,0.699582,94,7.42,697.94,447.94
152,0.544344,90,5.09,458.44,208.44
164,0.415266,75,4.00,300.27,50.27
125,0.456046,55,7.88,433.26,183.26
82,0.566761,56,3.06,171.44,-78.56
87,0.323727,27,6.55,176.74,-73.26
169,0.426334,77,6.24,480.31,230.31
95,0.531286,43,3.26,140.02,-109.98
168,0.670356,107,6.02,644.25,394.25
142,0.365733,44,6.23,274.31,24.31
178,0.519096,96,5.55,532.67,282.67
146,0.328278,51,3.39,172.86,-77.14
98,0.631520,59,6.06,357.78,107.78
101,0.686302,67,6.12,410.06,160.06
172,0.676560,126,5.75,724.76,474.76
128,0.471584,64,3.07,196.17,-53.83
141,0.601313,85,4.51,383.55,133.55
123,0.314468,39,4.53,176.72,-73.28
130,0.619386,87,3.34,290.21,40.21
143,0.694351,101,5.28,533.74,283.74
106,0.616932,63,7.80,491.43,241.43
119,0.544772,61,6.50,396.21,146.21
98,0.513369,47,7.22,339.34,89.34
84,0.459440,38,6.08,231.11,-18.89
164,0.309931,52,3.98,207.04,-42.96
126,0.409207,60,3.45,206.71,-43.29
171,0.395634,66,3.48,229.65,-20.35
135,0.534388,64,6.16,393.96,143.96
161,0.556012,85,6.44,547.31,297.31
174,0.563467,94,5.33,500.84,250.84
106,0.557804,53,6.22,329.61,79.61
133,0.420357,52,3.63,188.96,-61.04
84,0.499274,36,5.18,186.45,-63.55
134,0.673805,88,6.26,550.92,300.92
95,0.330992,33,4.11,135.60,-114.40
105,0.497085,47,7.90,371.16,121.16
157,0.300868,60,4.42,265.25,15.25
141,0.399585,56,6.30,353.01,103.01
82,0.475521,41,3.96,162.45,-87.55
116,0.354650,43,6.57,282.53,32.53
157,0.697683,111,3.60,400.03,150.03
144,0.578586,88,3.13,275.76,25.76
127,0.504068,78,3.98,310.72,60.72
170,0.351094,69,7.60,524.44,274.44
82,0.466208,39,5.33,207.79,-42.21
118,0.582309,70,7.11,497.60,247.60
167,0.471866,79,6.44,508.93,258.93
149,0.586377,83,4.79,397.67,147.67
155,0.344687,54,4.98,269.08,19.08
96,0.685104,64,5.34,341.82,91.82
120,0.613626,73,4.80,350.68,100.68
100,0.407990,36,6.60,237.65,-12.35
112,0.309197,26,3.05,79.28,-170.72
99,0.429826,46,5.67,260.80,10.80
144,0.636170,86,4.60,395.18,145.18
139,0.317517,44,3.80,166.99,-83.01
83,0.403789,35,3.22,112.85,-137.15
88,0.452007,49,7.01,343.53,93.53
126,0.309364,41,6.60,270.54,20.54
135,0.495177,63,5.14,323.73,73.73
97,0.483901,52,6.92,359.85,109.85
138,0.697704,90,4.10,369.05,119.05
114,0.357440,45,4.12,185.34,-64.66
120,0.514065,65,4.81,312.37,62.37
140,0.507005,73,6.41,467.61,217.61
150,0.692056,100,7.76,776.00,526.00
112,0.536019,67,4.26,285.50,35.50
102,0.551571,56,3.39,190.00,-60.00
168,0.683006,119,5.71,680.04,430.04
114,0.411328,38,5.84,221.97,-28.03
98,0.373767,37,6.41,237.09,-12.91
102,0.665321,60,5.45,326.81,76.81
138,0.655340,94,4.30,404.21,154.21
140,0.690159,91,5.73,521.86,271.86
132,0.315720,45,4.15,186.68,-63.32
161,0.521533,83,7.74,642.06,392.06
163,0.318869,59,5.54,326.89,76.89
124,0.325128,42,4.31,180.93,-69.07
95,0.587497,56,7.61,425.94,175.94
153,0.459940,70,4.74,331.70,81.70
113,0.468178,56,3.10,173.85,-76.15
178,0.449422,74,4.27,315.76,65.76
121,0.353670,43,4.36,187.29,-62.71
119,0.540682,68,7.64,519.68,269.68
89,0.600039,58,7.39,428.51,178.51
177,0.351174,69,3.37,232.76,-17.24
169,0.641000,98,5.31,520.47,270.47
90,0.420729,36,7.49,269.71,19.71
114,0.335494,37,3.98,147.09,-102.91
130,0.398148,48,6.34,304.32,54.32
111,0.682203,78,3.20,249.44,-0.56
87,0.630693,43,4.71,202.49,-47.51
126,0.506517,64,3.44,220.15,-29.85
149,0.625532,91,6.16,560.19,310.19
116,0.374181,42,4.18,175.65,-74.35
170,0.613837,107,6.48,693.18,443.18
129,0.390422,48,5.21,250.01,0.01
96,0.397327,25,5.38,134.40,-115.60
170,0.583686,96,3.11,298.23,48.23
161,0.304201,60,6.29,377.37,127.37
113,0.350300,39,5.32,207.43,-42.57
126,0.370465,46,7.59,348.96,98.96
80,0.409134,29,5.11,148.13,-101.87
160,0.639907,103,3.01,309.91,59.91
179,0.556622,102,4.70,479.82,229.82
166,0.524920,85,5.54,470.93,220.93
158,0.528252,80,4.71,376.60,126.60
85,0.507106,46,4.69,215.86,-34.14
97,0.510342,46,5.50,253.22,3.22
86,0.649248,59,6.30,371.47,121.47
169,0.459750,85,6.86,583.38,333.38
128,0.464473,58,5.93,343.94,93.94
136,0.667955,89,7.04,626.71,376.71
122,0.342762,44,3.34,147.12,-102.88
98,0.474639,54,6.08,328.35,78.35
160,0.308796,45,5.65,254.24,4.24
174,0.371590,66,6.49,428.27,178.27
117,0.581422,63,4.43,278.92,28.92
119,0.380297,44,5.76,253.31,3.31
82,0.629369,46,3.87,177.92,-72.08
106,0.360878,31,4.82,149.44,-100.56
162,0.345397,63,6.30,396.99,146.99
122,0.489010,59,5.92,349.15,99.15
150,0.306359,51,7.65,390.09,140.09
88,0.367519,26,4.62,120.21,-129.79
109,0.654328,65,3.04,197.45,-52.55
135,0.572368,78,4.63,361.38,111.38
142,0.448644,60,3.95,237.04,-12.96
138,0.341708,49,4.13,202.57,-47.43
88,0.542564,42,4.54,190.75,-59.25
175,0.591864,97,3.31,320.87,70.87
160,0.373509,59,4.88,288.10,38.10
98,0.446702,39,4.52,176.12,-73.88
172,0.436140,67,3.55,237.72,-12.28
142,0.636304,86,6.04,519.33,269.33
161,0.622215,105,5.72,600.93,350.93
123,0.340806,36,4.11,147.95,-102.05
162,0.433243,64,3.59,229.49,-20.51
166,0.598562,103,3.94,405.65,155.65
146,0.582119,85,6.00,509.76,259.76
136,0.354743,48,3.81,183.09,-66.91
179,0.375433,63,4.93,310.42,60.42
164,0.514111,82,4.83,396.38,146.38
99,0.505696,48,6.04,290.02,40.02
130,0.385188,52,5.35,278.16,28.16
127,0.494949,63,7.08,446.35,196.35
92,0.447759,33,5.40,178.21,-71.79
132,0.482962,69,5.55,383.08,133.08
136,0.483093,71,3.47,246.60,-3.40
140,0.555049,67,7.79,522.08,272.08
141,0.498427,70,3.28,229.58,-20.42
162,0.380390,62,5.86,363.29,113.29
149,0.328571,52,6.68,347.21,97.21
179,0.544253,98,3.66,358.93,108.93
153,0.427919,70,7.73,541.13,291.13
150,0.595585,92,3.94,362.73,112.73
115,0.413637,44,5.28,232.44,-17.56
86,0.401917,34,3.72,126.45,-123.55
166,0.698101,118,3.88,458.01,208.01
115,0.477014,64,4.04,258.32,8.32
86,0.419904,41,3.72,152.63,-97.37
144,0.470091,76,6.13,465.56,215.56
172,0.550235,85,7.89,670.95,420.95
85,0.302876,26,7.50,194.99,-55.01
151,0.661753,91,3.48,316.75,66.75
178,0.514532,96,7.43,713.18,463.18
150,0.496342,66,3.73,245.98,-4.02
121,0.633356,78,7.92,617.96,367.96
112,0.695203,71,7.53,534.44,284.44
115,0.361978,33,3.53,116.44,-133.56
176,0.634647,105,7.22,757.69,507.69
119,0.500710,58,6.48,375.78,125.78
173,0.445944,73,7.37,538.03,288.03
154,0.370359,59,4.35,256.72,6.72
137,0.310646,38,3.70,140.73,-109.27
179,0.638771,118,6.37,751.72,501.72
96,0.323858,30,6.65,199.45,-50.55
147,0.435237,62,7.18,445.12,195.12
98,0.501242,44,4.94,217.36,-32.64
105,0.479837,43,4.83,207.76,-42.24
167,0.375451,66,7.80,514.81,264.81
162,0.564614,88,7.66,674.24,424.24
163,0.455732,73,7.08,516.70,266.70
159,0.419892,66,4.88,322.10,72.10
150,0.477595,74,3.12,231.01,-18.99
131,0.517745,71,7.26,515.46,265.46
155,0.366559,53,6.61,350.47,100.47
154,0.686422,113,7.94,896.67,646.67
133,0.650844,82,5.04,413.16,163.16
101,0.658507,60,7.91,474.90,224.90
81,0.498878,37,4.82,178.37,-71.63
103,0.621376,65,3.93,255.60,5.60
138,0.350513,57,5.42,308.87,58.87
176,0.682110,123,4.52,555.77,305.77
89,0.430971,41,5.54,227.04,-22.96
95,0.614090,57,6.53,372.34,122.34
88,0.454401,41,7.87,322.85,72.85
149,0.417826,62,4.65,288.57,38.57
129,0.682245,82,4.68,383.50,133.50
169,0.343239,65,3.66,238.14,-11.86
91,0.511646,47,5.43,255.27,5.27
121,0.549516,56,7.79,436.35,186.35
175,0.608049,110,3.99,439.02,189.02
88,0.648098,53,6.11,323.69,73.69
89,0.644992,54,3.41,184.33,-65.67
88,0.508094,50,4.40,219.90,-30.10
97,0.363211,36,7.55,271.63,21.63
137,0.555147,70,4.50,314.79,64.79
156,0.503790,78,4.68,364.74,114.74
127,0.334446,37,4.38,162.16,-87.84
115,0.548953,47,3.50,164.37,-85.63
93,0.412382,30,3.56,106.68,-143.32
170,0.508892,91,5.50,500.48,250.48
92,0.375671,32,6.51,208.35,-41.65
142,0.327583,49,3.41,166.92,-83.08
173,0.315995,58,5.71,331.16,81.16
131,0.354376,52,3.32,172.54,-77.46
114,0.649559,78,6.64,517.66,267.66
110,0.388726,42,4.55,191.19,-58.81
173,0.390760,61,4.97,302.94,52.94
135,0.410751,52,3.10,161.33,-88.67
138,0.489844,74,5.54,409.98,159.98
138,0.590347,83,3.54,294.10,44.10
116,0.355097,40,6.71,268.53,18.53
167,0.450022,81,6.06,491.11,241.11
107,0.600393,77,6.87,529.14,279.14
95,0.473031,47,7.00,328.81,78.81
180,0.530401,94,6.41,602.19,352.19
152,0.318490,47,7.02,329.73,79.73
171,0.626684,112,7.29,816.33,566.33
162,0.445624,78,3.68,287.18,37.18
105,0.316630,34,3.02,102.73,-147.27
147,0.322523,47,5.17,243.08,-6.92
89,0.632052,58,7.82,453.63,203.63
152,0.458443,62,6.45,399.79,149.79
168,0.622299,100,6.99,699.43,449.43
175,0.536307,95,4.75,451.50,201.50
141,0.347965,49,3.94,192.83,-57.17
177,0.550644,95,3.06,290.44,40.44
145,0.328079,51,5.39,274.96,24.96
98,0.359598,35,3.02,105.84,-144.16
118,0.468898,50,3.37,168.66,-81.34
162,0.338615,52,3.90,202.96,-47.04
87,0.459600,39,5.84,227.78,-22.22
152,0.371269,52,3.37,175.43,-74.57
106,0.632112,71,4.97,352.76,102.76
82,0.534057,50,7.00,350.23,100.23
135,0.390551,52,6.20,322.24,72.24
126,0.565371,80,6.76,540.84,290.84
93,0.583403,45,5.52,248.53,-1.47
120,0.407742,50,6.97,348.54,98.54
84,0.575900,52,5.44,282.79,32.79
160,0.652085,102,7.34,749.03,499.03
126,0.638969,89,3.26,290.03,40.03
132,0.641614,87,6.94,604.11,354.11
119,0.435747,48,5.25,251.98,1.98
160,0.478989,76,7.49,569.35,319.35
123,0.490175,64,7.59,485.47,235.47
175,0.461053,87,5.60,487.25,237.25
87,0.363825,32,6.41,205.07,-44.93
150,0.418699,60,4.20,251.77,1.77
150,0.506353,82,3.37,276.54,26.54
132,0.505402,74,4.89,361.70,111.70
85,0.521268,40,7.65,306.13,56.13
156,0.430434,64,6.96,445.53,195.53
139,0.368384,60,3.16,189.72,-60.28
177,0.597322,93,6.04,562.13,312.13
126,0.569997,70,5.32,372.40,122.40
169,0.532989,102,4.51,459.95,209.95
111,0.405207,40,7.87,314.60,64.60
116,0.597816,68,3.94,268.18,18.18
156,0.672195,95,7.53,715.10,465.10
104,0.594694,53,5.85,310.21,60.21
162,0.581618,91,6.05,550.79,300.79
126,0.456473,51,7.02,357.96,107.96
111,0.380661,46,4.87,224.08,-25.92
134,0.495263,68,5.30,360.42,110.42
127,0.320745,36,3.98,143.36,-106.64
136,0.592862,91,3.77,342.90,92.90
142,0.646987,90,3.88,349.01,99.01
130,0.435541,47,3.45,161.96,-88.04
85,0.646874,53,3.70,195.90,-54.10
123,0.495414,66,5.23,345.06,95.06
166,0.687492,111,4.21,466.82,216.82
146,0.502177,76,7.07,536.98,286.98
109,0.497934,46,6.00,276.06,26.06
156,0.695565,107,5.63,602.00,352.00
119,0.549635,68,4.52,307.33,57.33
99,0.509240,59,7.36,434.06,184.06
98,0.372884,42,4.48,188.33,-61.67
121,0.509523,69,5.57,384.04,134.04
124,0.343317,38,4.32,164.14,-85.86
135,0.412212,50,6.66,333.01,83.01
177,0.631935,98,4.30,421.83,171.83
161,0.592810,92,6.25,575.32,325.32
176,0.697778,124,4.33,536.93,286.93
155,0.539929,84,5.39,452.98,202.98
89,0.331409,34,7.15,243.24,-6.76
162,0.421898,68,5.93,403.14,153.14
169,0.655230,98,5.93,581.06,331.06
146,0.436982,60,3.01,180.57,-69.43
108,0.360515,48,3.73,178.93,-71.07
110,0.363081,48,6.93,332.40,82.40
91,0.512444,51,5.66,288.69,38.69
84,0.399792,31,3.91,121.13,-128.87
103,0.448870,51,4.65,237.20,-12.80
169,0.446336,68,3.26,221.74,-28.26
92,0.653834,65,7.76,504.66,254.66
150,0.552559,87,7.90,687.33,437.33
105,0.415380,50,4.27,213.39,-36.61
162,0.395959,60,5.37,322.41,72.41
127,0.404057,51,3.05,155.73,-94.27
120,0.484556,53,4.76,252.34,2.34
172,0.653316,131,4.65,608.93,358.93
172,0.497549,84,7.54,633.39,383.39
178,0.681497,123,6.60,811.19,561.19
154,0.313415,54,6.84,369.23,119.23
169,0.366725,51,4.29,218.86,-31.14
122,0.302954,31,3.05,94.57,-155.43
137,0.305572,46,5.32,244.62,-5.38
171,0.320795,38,5.72,217.42,-32.58
173,0.423046,71,7.74,549.29,299.29
133,0.335601,41,4.51,184.88,-65.12
148,0.486416,79,3.19,252.13,2.13
142,0.513706,69,4.13,284.63,34.63
111,0.455297,60,4.23,253.82,3.82
114,0.544619,61,4.48,273.47,23.47
124,0.480723,62,3.47,215.36,-34.64
157,0.302274,50,4.06,202.92,-47.08
84,0.586243,44,5.46,240.22,-9.78
153,0.487793,85,3.17,269.84,19.84
89,0.678832,66,5.09,335.91,85.91
88,0.533455,48,5.04,242.06,-7.94
161,0.621347,100,7.88,788.41,538.41
153,0.664043,111,5.04,559.78,309.78
136,0.319764,49,5.36,262.41,12.41
127,0.629073,82,3.74,306.28,56.28
138,0.453723,67,3.36,224.80,-25.20
175,0.625836,111,6.42,712.08,462.08
108,0.314206,34,5.64,191.86,-58.14
80,0.636197,43,4.40,189.14,-60.86
111,0.451753,47,4.70,220.92,-29.08
153,0.394128,61,4.58,279.13,29.13
161,0.518794,79,5.61,443.34,193.34
88,0.346355,33,3.29,108.52,-141.48
113,0.313979,41,5.73,234.78,-15.22
160,0.322349,47,6.91,324.77,74.77
103,0.500226,51,6.87,350.45,100.45
125,0.392759,42,3.57,149.90,-100.10
88,0.679817,65,4.08,264.97,14.97
127,0.645505,82,7.18,588.38,338.38
143,0.376325,50,6.16,308.08,58.08
122,0.468245,52,3.20,166.30,-83.70
160,0.657001,113,5.72,646.71,396.71
116,0.579118,65,6.11,397.06,147.06
124,0.622992,83,6.15,510.31,260.31
109,0.621209,56,7.03,393.70,143.70
125,0.691898,84,3.91,328.40,78.40
95,0.594442,50,4.87,243.57,-6.43
142,0.309127,41,6.00,245.99,-4.01
107,0.615716,64,7.14,457.28,207.28
88,0.431454,28,3.52,98.62,-151.38
98,0.580723,61,6.69,408.24,158.24
139,0.414440,57,5.86,334.14,84.14
101,0.364363,42,5.06,212.65,-37.35
168,0.516781,89,5.12,456.05,206.05
143,0.634358,89,3.74,333.13,83.13
138,0.335314,45,6.01,270.44,20.44
123,0.506688,54,3.76,202.78,-47.22
114,0.363377,40,3.45,137.96,-112.04
94,0.660213,63,3.61,227.35,-22.65
172,0.512930,91,4.31,392.05,142.05
163,0.574997,102,6.10,622.12,372.12
162,0.642861,105,5.75,604.12,354.12
118,0.590610,66,6.31,416.71,166.71
178,0.363710,57,7.33,417.87,167.87
82,0.470927,40,6.10,244.08,-5.92
98,0.596532,61,7.66,467.00,217.00
153,0.683469,103,7.83,806.35,556.35
128,0.598762,80,5.21,416.47,166.47
156,0.427316,66,4.10,270.44,20.44
88,0.697990,62,6.78,420.08,170.08
146,0.694141,90,4.95,445.88,195.88
124,0.605296,78,5.12,399.18,149.18
177,0.624340,108,3.33,359.44,109.44
115,0.696639,76,3.38,256.88,6.88
108,0.527274,56,4.27,238.84,-11.16
145,0.546288,84,4.08,342.65,92.65
120,0.556745,65,5.08,330.05,80.05
145,0.315613,44,6.04,265.65,15.65
107,0.650020,69,5.29,364.71,114.71
89,0.371618,36,4.09,147.19,-102.81
87,0.636052,60,4.98,298.72,48.72
82,0.668061,60,7.06,423.48,173.48
142,0.573942,84,4.63,389.32,139.32
86,0.444557,36,5.51,198.21,-51.79
129,0.362932,40,5.88,235.27,-14.73
81,0.660559,53,4.21,223.05,-26.95
148,0.610928,99,5.81,575.41,325.41
93,0.307757,30,7.23,216.97,-33.03
164,0.532258,97,3.07,297.87,47.87
139,0.431370,58,4.75,275.25,25.25
106,0.568757,51,4.96,253.19,3.19
111,0.657821,73,3.84,280.33,30.33
109,0.647238,75,6.98,523.86,273.86
111,0.535903,54,5.01,270.69,20.69
81,0.442522,31,3.79,117.35,-132.65
101,0.368384,38,5.57,211.69,-38.31
124,0.356216,42,7.55,317.30,67.30
115,0.580235,72,6.72,483.68,233.68
150,0.699455,101,5.14,519.47,269.47
103,0.603831,63,3.64,229.59,-20.41
124,0.305866,35,3.54,123.95,-126.05
129,0.518259,69,4.73,326.49,76.49
105,0.466511,48,7.31,351.07,101.07
122,0.323583,40,5.27,210.72,-39.28
135,0.623478,80,4.94,395.24,145.24
137,0.427658,64,5.33,341.42,91.42
145,0.472015,70,4.09,286.37,36.37
81,0.492937,32,4.61,147.56,-102.44
173,0.537953,92,6.50,597.79,347.79
95,0.661442,56,5.19,290.61,40.61
159,0.529001,84,4.16,349.27,99.27
128,0.380898,43,7.25,311.91,61.91
146,0.580574,90,4.04,363.63,113.63
160,0.409357,71,5.21,370.08,120.08
81,0.493957,42,5.20,218.23,-31.77
85,0.417588,33,3.91,128.88,-121.12
80,0.409098,33,5.93,195.74,-54.26
150,0.596042,94,6.48,608.65,358.65
152,0.417106,70,4.45,311.51,61.51
92,0.525654,49,7.68,376.42,126.42
134,0.430555,59,4.25,250.67,0.67
87,0.577905,52,7.18,373.39,123.39
113,0.683938,77,6.18,475.63,225.63
123,0.303306,36,3.64,131.15,-118.85
143,0.540046,88,4.92,432.92,182.92
131,0.303334,44,3.24,142.46,-107.54
146,0.373844,64,5.47,350.16,100.16
112,0.482885,54,3.49,188.40,-61.60
146,0.557595,86,5.32,457.55,207.55
81,0.668543,54,6.55,353.68,103.68
101,0.671761,58,6.67,386.84,136.84
135,0.338423,41,3.23,132.60,-117.40
144,0.500217,68,7.42,504.51,254.51
100,0.593455,56,3.49,195.64,-54.36
141,0.333910,41,4.36,178.69,-71.31
136,0.534120,71,3.80,269.82,19.82
173,0.334623,56,4.32,241.96,-8.04
168,0.491047,79,3.63,286.99,36.99
86,0.301496,26,3.97,103.09,-146.91
162,0.339586,59,4.18,246.91,-3.09
112,0.356652,40,4.35,173.91,-76.09
108,0.317997,31,3.80,117.82,-132.18
98,0.526651,55,7.43,408.66,158.66
114,0.641578,74,4.20,310.90,60.90
151,0.356332,51,5.06,258.21,8.21
132,0.653170,99,6.46,639.30,389.30
124,0.658692,81,3.90,315.54,65.54
92,0.638662,52,3.95,205.25,-44.75
161,0.552966,75,3.33,249.58,-0.42
172,0.675355,122,7.37,898.54,648.54
118,0.591149,68,3.86,262.37,12.37
114,0.405740,47,5.88,276.23,26.23
102,0.494981,41,7.34,300.85,50.85
90,0.636166,58,7.69,446.26,196.26
113,0.313556,29,6.32,183.25,-66.75
134,0.384365,57,4.35,247.88,-2.12
146,0.667867,88,7.71,678.71,428.71
82,0.424874,37,6.74,249.41,-0.59
132,0.576529,74,5.43,401.89,151.89
156,0.347125,50,7.55,377.36,127.36
127,0.359718,41,6.90,282.90,32.90
109,0.675120,75,6.87,515.56,265.56
87,0.446550,45,6.74,303.44,53.44
118,0.466804,54,7.76,418.92,168.92
179,0.626188,118,4.72,556.49,306.49
115,0.668580,73,6.26,457.32,207.32
145,0.577718,87,4.37,379.77,129.77
120,0.364599,48,4.85,232.57,-17.43
133,0.459405,63,3.17,199.56,-50.44
128,0.651573,78,6.97,543.89,293.89
130,0.565873,84,6.09,511.48,261.48
123,0.318760,31,5.63,174.48,-75.52
169,0.417454,74,7.10,525.64,275.64
160,0.391695,63,5.84,368.12,118.12
169,0.688942,116,4.97,577.05,327.05
168,0.442819,71,5.35,380.18,130.18
148,0.482050,76,6.67,507.07,257.07
85,0.606857,54,3.86,208.50,-41.50
143,0.558246,76,3.51,266.55,16.55
140,0.601711,88,7.90,695.59,445.59
153,0.375734,58,3.77,218.88,-31.12
82,0.493602,42,3.46,145.46,-104.54
89,0.647935,60,3.40,204.26,-45.74
95,0.410357,38,6.08,230.86,-19.14
160,0.666063,104,6.61,686.99,436.99
160,0.301936,55,3.85,211.72,-38.28
83,0.660491,51,3.96,201.71,-48.29
85,0.645690,49,3.18,155.75,-94.25
100,0.691130,66,7.81,515.20,265.20
90,0.403225,33,3.14,103.69,-146.31
118,0.390671,42,5.90,247.84,-2.16
122,0.332783,41,4.35,178.54,-71.46
161,0.509748,76,6.11,464.73,214.73
140,0.396649,61,5.34,325.97,75.97
82,0.609243,49,6.17,302.13,52.13
158,0.388205,60,3.11,186.66,-63.34
124,0.388474,47,7.20,338.31,88.31
85,0.687517,60,4.75,285.22,35.22
164,0.597292,96,5.20,499.57,249.57
116,0.352683,32,3.05,97.69,-152.31
85,0.686753,58,3.24,187.94,-62.06
155,0.603065,87,3.67,318.98,68.98
160,0.576924,95,6.40,608.30,358.30
167,0.548029,87,3.92,340.99,90.99
130,0.492980,58,6.06,351.21,101.21
141,0.517701,65,7.62,495.32,245.32
156,0.675058,108,7.66,827.70,577.70
105,0.459625,44,4.76,209.24,-40.76
144,0.406277,48,3.09,148.29,-101.71
90,0.678122,70,4.46,312.38,62.38
132,0.511252,63,6.26,394.28,144.28
132,0.482300,67,3.85,257.78,7.78
147,0.385830,71,7.82,555.52,305.52
165,0.433546,67,5.04,337.69,87.69
170,0.495582,91,3.34,303.78,53.78
99,0.360579,34,5.61,190.73,-59.27
134,0.466558,68,5.32,361.44,111.44
138,0.528852,83,7.03,583.38,333.38
162,0.632200,94,3.32,312.39,62.39
143,0.476916,65,6.43,417.85,167.85
99,0.531400,46,3.04,139.79,-110.21
174,0.327824,65,3.26,212.14,-37.86
80,0.489193,45,3.08,138.42,-111.58
180,0.607890,104,7.32,761.07,511.07
165,0.399608,80,6.63,530.77,280.77
84,0.439016,42,7.57,318.11,68.11
106,0.532588,58,7.67,445.07,195.07
96,0.677306,63,4.56,287.57,37.57
136,0.633238,91,5.99,545.07,295.07
99,0.406862,40,4.93,197.37,-52.63
139,0.507256,62,7.64,473.86,223.86
104,0.420122,40,4.22,168.87,-81.13
87,0.697040,68,4.58,311.48,61.48
157,0.462237,67,5.62,376.30,126.30
84,0.363117,26,7.23,188.04,-61.96
91,0.453868,40,4.69,187.50,-62.50
89,0.350394,28,6.06,169.60,-80.40
80,0.382236,33,6.21,205.07,-44.93
138,0.318240,38,7.97,302.71,52.71
88,0.307045,31,7.79,241.55,-8.45
120,0.477294,54,7.51,405.66,155.66
127,0.517058,68,5.45,370.82,120.82
119,0.555867,68,7.70,523.84,273.84
89,0.666433,55,4.55,250.35,0.35
113,0.632898,72,6.06,436.06,186.06
132,0.589468,77,4.28,329.18,79.18
90,0.662989,66,5.30,349.51,99.51
147,0.615534,91,7.96,724.04,474.04
87,0.512781,57,3.33,189.61,-60.39
128,0.342019,40,3.55,141.82,-108.18
156,0.354147,66,4.35,287.17,37.17
173,0.447528,90,7.53,677.41,427.41
96,0.680493,70,4.57,320.10,70.10
118,0.536818,66,6.85,452.27,202.27
93,0.529555,48,4.73,226.89,-23.11
179,0.356302,59,6.22,367.01,117.01
89,0.438440,36,4.79,172.46,-77.54
114,0.597311,69,7.97,549.88,299.88
119,0.686946,85,5.46,463.84,213.84
170,0.581839,87,4.35,378.18,128.18
177,0.408146,67,4.40,294.69,44.69
92,0.324453,26,4.27,110.92,-139.08
116,0.481851,55,3.09,169.87,-80.13
169,0.421891,68,6.05,411.37,161.37
175,0.317873,56,6.62,370.84,120.84
122,0.468835,52,4.90,254.99,4.99
112,0.335042,40,4.68,187.03,-62.97
148,0.538167,78,7.68,599.25,349.25
178,0.532156,97,4.77,462.82,212.82
93,0.353659,39,5.76,224.64,-25.36
160,0.569934,83,7.84,650.72,400.72
120,0.421124,55,5.34,293.57,43.57
119,0.548649,60,3.37,202.32,-47.68
142,0.302088,45,6.35,285.89,35.89
103,0.307825,27,5.04,135.97,-114.03
131,0.536698,71,7.13,506.44,256.44
153,0.382703,61,6.36,387.80,137.80
114,0.479871,52,5.92,307.85,57.85
160,0.313067,54,3.80,205.08,-44.92
95,0.627276,58,6.15,356.87,106.87
180,0.662008,129,6.90,889.82,639.82
103,0.407179,39,4.73,184.58,-65.42
85,0.437112,37,5.19,192.15,-57.85
89,0.605152,61,5.80,353.67,103.67
88,0.676128,59,6.80,401.41,151.41
151,0.334868,52,4.85,252.02,2.02
91,0.478971,49,6.12,300.06,50.06
170,0.559450,90,5.25,472.42,222.42
175,0.541232,90,6.44,579.43,329.43
151,0.398453,70,5.23,365.90,115.90
102,0.323095,42,3.45,144.96,-105.04
80,0.337297,28,3.19,89.21,-160.79
126,0.328243,48,5.43,260.52,10.52
156,0.300851,50,6.01,300.44,50.44
164,0.616222,97,5.57,540.67,290.67
101,0.455217,39,4.70,183.22,-66.78
172,0.307971,57,7.87,448.49,198.49
175,0.449563,84,3.62,304.15,54.15
108,0.413988,38,3.76,142.82,-107.18
168,0.429394,76,3.90,296.50,46.50
85,0.598281,52,6.10,317.06,67.06
157,0.465688,73,7.01,511.97,261.97
157,0.383239,53,5.20,275.76,25.76
144,0.541687,83,7.78,645.88,395.88
168,0.311901,48,4.68,224.78,-25.22
111,0.384749,44,4.72,207.56,-42.44
158,0.631819,87,3.38,294.18,44.18
164,0.326482,48,5.95,285.49,35.49
164,0.569954,91,4.88,444.53,194.53
172,0.663673,112,6.76,756.73,506.73
123,0.484810,58,3.41,198.04,-51.96
82,0.454172,37,3.82,141.51,-108.49
129,0.664088,89,6.58,585.98,335.98
140,0.344474,51,6.35,323.68,73.68
176,0.652174,118,3.64,429.69,179.69
148,0.402009,61,5.20,317.42,67.42
172,0.578811,107,7.77,831.63,581.63
112,0.428562,43,7.12,306.18,56.18
121,0.485212,61,7.12,434.07,184.07
115,0.536036,53,3.36,178.02,-71.98
176,0.609303,106,3.38,358.61,108.61
94,0.639962,61,6.21,378.72,128.72
136,0.655115,85,5.94,504.78,254.78
141,0.417073,70,5.89,412.52,162.52
176,0.454992,75,3.23,242.15,-7.85
157,0.510181,81,5.96,483.15,233.15
170,0.370174,70,6.98,488.32,238.32
94,0.501900,51,4.69,239.33,-10.67
121,0.664012,86,3.90,335.50,85.50
169,0.633223,112,3.96,443.74,193.74
173,0.694703,107,7.93,848.98,598.98
131,0.612052,92,6.10,560.78,310.78
133,0.589568,83,3.09,256.13,6.13
92,0.666857,64,6.43,411.53,161.53
131,0.487517,60,4.49,269.66,19.66
93,0.458330,53,7.71,408.46,158.46
110,0.575208,68,6.90,469.02,219.02
134,0.381421,46,3.80,174.89,-75.11
170,0.415105,69,3.96,272.94,22.94
141,0.561519,84,5.53,464.50,214.50
146,0.356607,51,6.86,349.76,99.76
157,0.644974,96,5.94,570.34,320.34
170,0.355549,59,3.82,225.64,-24.36
111,0.490788,46,4.14,190.33,-59.67
105,0.675451,71,3.46,245.83,-4.17
81,0.589990,40,5.27,210.82,-39.18
85,0.383226,36,6.00,216.07,-33.93
145,0.460951,65,5.16,335.49,85.49
151,0.356285,62,6.83,423.70,173.70
106,0.406516,43,4.03,173.17,-76.83
149,0.344523,45,6.99,314.65,64.65
121,0.341509,43,4.24,182.53,-67.47
115,0.655871,68,6.47,440.29,190.29
94,0.667448,69,5.15,355.28,105.28
169,0.513313,78,6.64,518.04,268.04
146,0.434616,67,5.09,340.80,90.80
118,0.339816,37,3.75,138.89,-111.11
170,0.659620,108,7.31,789.93,539.93
134,0.398710,56,5.41,303.24,53.24
170,0.340322,59,7.91,466.46,216.46
156,0.593724,97,5.62,545.42,295.42
143,0.654631,94,3.53,331.48,81.48
128,0.623593,68,7.32,497.65,247.65
109,0.408924,38,6.04,229.42,-20.58
116,0.527950,63,6.63,417.83,167.83
97,0.454824,39,7.02,273.79,23.79
107,0.604625,58,4.47,259.30,9.30
118,0.378730,52,5.17,268.79,18.79
123,0.404868,49,7.66,375.37,125.37
166,0.552297,98,3.70,362.29,112.29
87,0.375686,33,4.56,150.56,-99.44
131,0.528693,69,3.53,243.79,-6.21
156,0.580309,86,3.90,335.05,85.05
80,0.629862,48,6.13,294.02,44.02
167,0.535139,99,6.02,596.14,346.14
160,0.573160,78,5.30,413.14,163.14
128,0.478187,70,7.88,551.75,301.75
93,0.399887,33,4.96,163.69,-86.31
83,0.602952,51,6.95,354.43,104.43
160,0.600585,105,6.41,673.02,423.02
108,0.650623,72,6.39,460.41,210.41
163,0.306204,56,4.79,268.36,18.36
170,0.535194,91,5.51,501.68,251.68
171,0.599969,99,3.13,309.55,59.55
99,0.501898,47,4.36,204.78,-45.22
119,0.446045,50,5.44,271.78,21.78
177,0.371015,60,3.80,227.75,-22.25
147,0.443252,63,6.71,422.88,172.88
98,0.429138,42,7.76,325.90,75.90
177,0.403415,61,4.35,265.23,15.23
169,0.552034,92,7.71,709.70,459.70
109,0.352672,43,5.95,255.96,5.96
112,0.370014,49,5.30,259.62,9.62
114,0.518351,56,3.28,183.60,-66.40
123,0.467588,59,3.49,206.09,-43.91
163,0.684269,102,5.05,515.50,265.50
106,0.607637,70,6.12,428.65,178.65
123,0.444142,48,5.66,271.69,21.69
130,0.396692,46,5.61,257.94,7.94
153,0.696229,100,7.74,774.44,524.44
170,0.371570,74,4.38,324.46,74.46
127,0.597543,74,5.63,416.62,166.62
177,0.372344,71,7.47,530.67,280.67
170,0.676415,112,6.93,775.63,525.63
170,0.323908,65,5.09,330.61,80.61
90,0.620369,57,4.20,239.59,-10.41
169,0.563994,93,4.01,373.31,123.31
96,0.477556,35,4.61,161.25,-88.75
96,0.697111,63,7.73,487.01,237.01
84,0.493269,43,4.87,209.41,-40.59
129,0.676644,89,3.72,331.47,81.47
180,0.584363,102,3.53,360.54,110.54
133,0.343804,48,3.74,179.56,-70.44
103,0.325159,45,7.72,347.40,97.40
149,0.417766,64,5.07,324.70,74.70
160,0.361027,54,5.85,315.70,65.70
111,0.575013,55,4.24,233.19,-16.81
137,0.684884,95,3.03,288.11,38.11
105,0.506878,59,7.90,466.33,216.33
114,0.657493,75,7.12,533.85,283.85
156,0.325794,52,5.35,278.38,28.38
88,0.357965,24,3.09,74.26,-175.74
131,0.340257,37,6.93,256.27,6.27
95,0.370226,39,4.74,185.04,-64.96
166,0.333619,56,4.07,227.98,-22.02
129,0.609770,73,3.07,223.87,-26.13
131,0.425819,59,3.56,210.24,-39.76
166,0.361373,54,4.13,222.91,-27.09
94,0.311206,27,4.58,123.72,-126.28
124,0.580762,78,5.59,436.19,186.19
153,0.673878,109,5.85,637.76,387.76
179,0.377986,74,7.04,520.92,270.92
175,0.351654,50,3.52,176.19,-73.81
85,0.435105,30,4.48,134.30,-115.70
111,0.487821,55,3.12,171.58,-78.42
125,0.662246,88,6.78,596.97,346.97
164,0.490587,80,3.00,240.25,-9.75
168,0.578064,105,3.34,350.72,100.72
81,0.301301,25,4.50,112.61,-137.39
157,0.373441,66,5.33,351.54,101.54
179,0.538058,87,3.86,335.74,85.74
106,0.451859,48,4.30,206.27,-43.73
84,0.383540,31,5.81,180.24,-69.76
144,0.368270,57,6.27,357.65,107.65
118,0.603063,67,3.96,265.55,15.55
119,0.495799,53,5.17,273.93,23.93
114,0.600535,67,3.59,240.63,-9.37
133,0.472444,59,5.05,297.83,47.83
81,0.627222,49,6.56,321.25,71.25
172,0.409875,70,6.62,463.24,213.24
163,0.520367,89,6.00,533.93,283.93
168,0.652101,109,6.32,689.16,439.16
92,0.619416,56,5.42,303.43,53.43
166,0.691532,103,3.94,405.90,155.90
129,0.380781,52,4.43,230.62,-19.38
128,0.382222,46,3.72,171.25,-78.75
86,0.633563,61,4.09,249.32,-0.68
143,0.456886,59,4.51,266.18,16.18
82,0.491154,41,5.14,210.58,-39.42
130,0.682152,92,6.72,618.41,368.41
104,0.516715,44,3.36,147.72,-102.28
129,0.358150,37,6.47,239.22,-10.78
82,0.357079,39,5.91,230.56,-19.44
144,0.516510,76,4.70,357.38,107.38
92,0.468719,46,3.19,146.72,-103.28
80,0.571340,53,7.94,420.73,170.73
145,0.328986,49,7.73,378.70,128.70
81,0.454955,39,3.89,151.63,-98.37
119,0.490691,58,4.82,279.84,29.84
172,0.608092,105,4.39,460.45,210.45
135,0.498261,60,7.59,455.65,205.65
136,0.359597,56,5.32,298.10,48.10
140,0.363702,54,6.13,331.02,81.02
146,0.301300,45,5.33,239.71,-10.29
95,0.366596,32,7.00,224.02,-25.98
137,0.497565,68,7.86,534.28,284.28
162,0.466081,73,4.77,348.46,98.46
124,0.481655,65,3.46,225.16,-24.84
151,0.624148,102,6.48,661.47,411.47
104,0.580785,66,6.08,401.26,151.26
110,0.434336,44,5.29,232.98,-17.02
147,0.344245,52,6.82,354.46,104.46
156,0.608503,96,5.03,483.11,233.11
82,0.519144,45,5.64,253.99,3.99
119,0.501463,60,3.41,204.70,-45.30
162,0.364958,65,5.82,378.61,128.61
110,0.522632,55,7.46,410.36,160.36
100,0.620065,63,3.21,202.21,-47.79
102,0.689080,69,5.68,392.12,142.12
159,0.487583,88,7.16,630.06,380.06
80,0.467371,37,3.81,141.02,-108.98
136,0.661206,89,7.65,680.79,430.79
172,0.461208,75,7.62,571.19,321.19
95,0.436274,43,6.73,289.35,39.35
129,0.511018,73,6.61,482.35,232.35
178,0.560556,108,5.05,545.87,295.87
128,0.341884,41,5.08,208.37,-41.63
167,0.546208,92,4.39,403.75,153.75
126,0.405377,49,7.19,352.47,102.47
91,0.492552,41,6.76,277.15,27.15
140,0.643142,91,7.54,686.39,436.39
99,0.551161,56,3.02,168.85,-81.15
143,0.415575,51,5.81,296.26,46.26
134,0.423892,57,3.62,206.12,-43.88
132,0.457842,67,7.66,512.99,262.99
97,0.646479,60,5.40,323.77,73.77
138,0.440485,71,4.34,307.88,57.88
117,0.649325,77,3.35,258.25,8.25
179,0.503379,96,3.26,313.15,63.15
109,0.537509,61,7.79,475.37,225.37
152,0.692242,104,5.17,538.02,288.02
91,0.638768,67,6.81,456.58,206.58
179,0.621972,114,4.33,493.77,243.77
137,0.598575,87,6.05,526.42,276.42
169,0.367648,53,7.95,421.30,171.30
173,0.491147,89,7.72,687.36,437.36
82,0.357580,20,6.59,131.76,-118.24
140,0.420690,57,5.91,337.11,87.11
130,0.651677,74,3.53,260.90,10.90
98,0.419186,42,7.09,297.63,47.63
81,0.352817,24,3.56,85.33,-164.67
147,0.534578,80,3.54,283.00,33.00
108,0.565333,57,6.84,389.74,139.74
134,0.660689,85,5.78,490.95,240.95
127,0.617029,84,7.60,638.80,388.80
91,0.423690,31,4.88,151.20,-98.80
131,0.647906,90,5.80,521.87,271.87
81,0.531779,41,7.96,326.24,76.24
99,0.369254,33,7.76,256.19,6.19
177,0.400883,67,3.14,210.32,-39.68
154,0.464373,66,6.31,416.23,166.23
119,0.619229,75,7.29,546.81,296.81
169,0.436740,90,4.05,364.34,114.34
143,0.550768,93,3.53,328.51,78.51
99,0.655438,64,3.71,237.25,-12.75
156,0.386353,58,6.48,375.67,125.67
112,0.543228,58,6.89,399.85,149.85
105,0.495436,55,6.65,365.79,115.79
140,0.471771,64,6.13,392.64,142.64
115,0.324141,40,7.15,285.80,35.80
159,0.627391,96,4.03,386.41,136.41
168,0.532434,83,5.92,491.05,241.05
154,0.544854,87,4.85,421.67,171.67
112,0.621557,70,4.16,290.93,40.93
116,0.496974,52,4.74,246.25,-3.75
105,0.657505,75,3.60,270.09,20.09
109,0.578344,62,4.77,295.52,45.52
132,0.599625,83,4.44,368.17,118.17
180,0.476196,106,3.75,397.59,147.59
121,0.400567,50,6.06,302.85,52.85
150,0.599566,89,7.43,661.04,411.04
157,0.614530,101,5.35,540.32,290.32
137,0.457348,53,6.06,321.25,71.25
85,0.336577,30,4.75,142.37,-107.63
83,0.646450,54,3.05,164.61,-85.39
97,0.679171,65,6.97,452.87,202.87
142,0.675229,91,7.89,718.29,468.29
103,0.625694,57,7.12,405.79,155.79
164,0.314824,49,6.42,314.63,64.63
125,0.493732,62,4.37,270.95,20.95
104,0.549950,59,7.15,422.06,172.06
143,0.465572,84,7.86,660.25,410.25
115,0.366403,44,3.91,171.98,-78.02
151,0.423628,60,7.90,474.04,224.04
111,0.547359,63,5.65,355.85,105.85
112,0.352129,48,5.79,277.71,27.71
90,0.638677,62,7.27,450.57,200.57
155,0.353485,50,6.34,316.79,66.79
122,0.632342,82,3.03,248.35,-1.65
116,0.457056,53,6.14,325.31,75.31
98,0.319828,34,6.71,228.18,-21.82
96,0.321251,28,6.12,171.33,-78.67
136,0.658319,86,4.98,428.02,178.02
130,0.562120,72,4.48,322.61,72.61
85,0.334954,34,7.62,259.24,9.24
149,0.623011,94,6.65,624.93,374.93
110,0.527025,51,5.27,268.57,18.57
126,0.661770,82,6.63,543.96,293.96
105,0.482637,49,4.70,230.47,-19.53
126,0.476335,56,7.25,405.78,155.78
146,0.466415,77,5.70,438.84,188.84
136,0.681758,99,4.13,409.10,159.10
81,0.630420,41,3.00,123.09,-126.91
92,0.447280,33,3.08,101.66,-148.34
138,0.580216,86,6.83,587.77,337.77
105,0.493865,48,6.47,310.67,60.67
107,0.314432,33,3.23,106.57,-143.43
81,0.329083,25,6.83,170.65,-79.35
139,0.308111,48,5.00,239.97,-10.03
81,0.620156,50,5.29,264.39,14.39
139,0.637486,92,4.21,387.18,137.18
120,0.590095,75,4.08,305.91,55.91
128,0.697693,103,7.65,788.41,538.41
85,0.479613,39,7.20,280.95,30.95
88,0.423118,47,7.37,346.57,96.57
155,0.365063,53,3.56,188.77,-61.23
174,0.456709,79,5.79,457.78,207.78
86,0.589840,54,6.55,353.60,103.60
145,0.390856,45,6.04,271.99,21.99
139,0.564614,83,7.77,644.53,394.53
87,0.513873,47,3.25,152.53,-97.47
166,0.373732,66,7.31,482.26,232.26
167,0.572781,94,5.96,560.18,310.18
139,0.394712,49,6.35,311.20,61.20
113,0.425061,49,6.24,305.82,55.82
162,0.682572,112,3.62,405.83,155.83
121,0.590166,73,6.23,454.71,204.71
167,0.373932,70,7.18,502.65,252.65
113,0.487504,60,5.84,350.61,100.61
121,0.525843,57,7.46,425.02,175.02
88,0.441002,42,6.35,266.76,16.76
131,0.522039,70,5.29,370.19,120.19
174,0.616065,102,5.57,567.97,317.97
84,0.526336,47,3.12,146.81,-103.19
112,0.651398,68,5.92,402.24,152.24
139,0.556773,81,4.87,394.67,144.67
154,0.645998,103,4.85,499.93,249.93
169,0.583798,102,7.91,806.55,556.55
172,0.573620,102,4.59,468.63,218.63
82,0.394323,41,7.13,292.35,42.35
81,0.378466,29,3.28,94.99,-155.01
92,0.528671,58,3.13,181.39,-68.61
140,0.617583,92,3.49,321.09,71.09
151,0.369868,57,4.06,231.16,-18.84
174,0.590602,111,4.64,514.73,264.73
106,0.503677,46,5.99,275.62,25.62
108,0.486315,54,5.06,273.22,23.22
146,0.637822,93,6.03,560.61,310.61
111,0.623354,72,4.99,359.28,109.28
128,0.661491,86,5.95,511.50,261.50
170,0.453503,83,5.73,475.58,225.58
173,0.339496,55,6.64,365.36,115.36
154,0.454804,65,5.29,343.63,93.63
118,0.352257,44,5.80,255.41,5.41
180,0.597277,101,6.03,609.46,359.46
96,0.583678,54,5.38,290.46,40.46
150,0.306654,37,7.62,281.93,31.93
146,0.536079,77,5.46,420.09,170.09
92,0.375923,34,7.80,265.13,15.13
103,0.514552,57,5.83,332.21,82.21
90,0.580505,54,5.47,295.42,45.42
118,0.539743,67,4.58,307.08,57.08
147,0.465480,69,3.11,214.75,-35.25
135,0.635571,81,7.26,588.39,338.39
146,0.484419,67,6.47,433.26,183.26
157,0.398920,55,8.00,439.86,189.86
95,0.529926,45,4.94,222.11,-27.89
163,0.334041,49,4.51,220.95,-29.05
153,0.666593,96,6.36,610.72,360.72
128,0.672191,79,5.62,443.69,193.69
162,0.603204,102,6.50,662.83,412.83
162,0.384099,64,7.12,455.67,205.67
146,0.430738,55,3.86,212.38,-37.62
150,0.615596,91,3.97,361.30,111.30
166,0.672085,114,7.35,837.76,587.76
147,0.607168,94,6.30,591.80,341.80
155,0.317407,41,7.57,310.22,60.22
128,0.633877,75,7.96,597.19,347.19
148,0.324203,47,3.54,166.29,-83.71
96,0.511364,44,7.74,340.44,90.44
144,0.343202,46,6.13,281.98,31.98
171,0.510343,81,6.24,505.54,255.54
161,0.556468,93,6.53,606.93,356.93
115,0.336152,35,6.58,230.23,-19.77
126,0.468316,55,5.11,281.18,31.18
151,0.466735,61,4.04,246.63,-3.37
135,0.401164,48,3.46,166.00,-84.00
103,0.575268,63,7.91,498.63,248.63
133,0.321852,58,4.19,242.81,-7.19
85,0.355138,27,6.03,162.71,-87.29
178,0.345129,63,4.14,260.82,10.82
109,0.585070,58,6.54,379.60,129.60
174,0.623997,116,6.43,745.85,495.85
134,0.644444,91,7.72,702.71,452.71
152,0.472224,72,5.62,404.47,154.47
85,0.372096,31,7.60,235.58,-14.42
120,0.369104,43,4.79,205.97,-44.03
133,0.641542,95,6.22,591.01,341.01
156,0.524536,86,5.40,464.01,214.01
128,0.546164,64,5.28,337.74,87.74
121,0.394711,42,4.17,175.14,-74.86
109,0.492370,57,5.47,312.04,62.04
176,0.355929,59,5.80,341.95,91.95
152,0.357940,55,3.48,191.65,-58.35
162,0.626243,94,4.85,455.58,205.58
149,0.536674,70,5.40,377.93,127.93
83,0.655851,59,6.91,407.98,157.98
95,0.652602,65,6.06,393.76,143.76
98,0.407866,47,7.44,349.76,99.76
116,0.408471,48,7.09,340.14,90.14
160,0.554311,83,5.10,423.44,173.44
99,0.661424,63,4.60,289.72,39.72
125,0.417323,54,6.33,341.72,91.72
87,0.674997,64,6.92,442.86,192.86
120,0.552267,68,5.54,376.44,126.44
113,0.489891,57,6.71,382.69,132.69
136,0.392727,57,5.08,289.75,39.75
135,0.600304,84,3.58,301.13,51.13
81,0.441022,43,5.83,250.74,0.74
152,0.357036,56,7.55,422.88,172.88
95,0.300669,37,6.50,240.65,-9.35
165,0.617252,92,6.50,597.72,347.72
109,0.409857,42,5.08,213.18,-36.82
177,0.667703,111,5.61,622.92,372.92
167,0.336546,49,6.55,320.89,70.89
135,0.534289,80,4.76,380.41,130.41
87,0.546737,52,6.01,312.51,62.51
88,0.427947,30,4.48,134.27,-115.73
151,0.449066,75,3.66,274.69,24.69
86,0.685931,51,7.44,379.31,129.31
148,0.381427,61,7.32,446.62,196.62
88,0.506516,51,4.98,253.92,3.92
152,0.451729,73,5.02,366.53,116.53
152,0.626535,94,7.15,672.16,422.16
157,0.441278,65,3.05,197.99,-52.01
152,0.314827,49,3.59,176.15,-73.85
127,0.687587,88,5.18,455.98,205.98
146,0.540330,81,5.52,447.03,197.03
89,0.697594,55,3.22,177.36,-72.64
166,0.514343,84,4.40,369.35,119.35
169,0.536924,94,6.60,620.08,370.08
113,0.356957,41,5.19,212.67,-37.33
141,0.328113,53,3.79,200.79,-49.21
174,0.315154,53,6.59,349.34,99.34
101,0.497692,43,6.94,298.31,48.31
93,0.559172,58,7.55,437.64,187.64
96,0.405626,38,6.41,243.76,-6.24
133,0.322546,45,5.85,263.16,13.16
86,0.366582,30,4.75,142.40,-107.60
99,0.639578,69,3.61,248.86,-1.14
95,0.638615,59,7.39,436.16,186.16
135,0.367300,41,7.37,302.27,52.27
157,0.553562,88,6.10,536.66,286.66
96,0.610834,59,6.75,397.97,147.97
127,0.569856,70,7.87,551.07,301.07
125,0.499056,67,4.33,289.99,39.99
174,0.517014,90,4.78,430.30,180.30
131,0.690245,83,7.56,627.24,377.24
88,0.451826,35,3.99,139.58,-110.42
118,0.675168,74,6.22,460.14,210.14
80,0.602306,49,6.69,328.04,78.04
145,0.444160,78,3.57,278.41,28.41
146,0.306367,41,5.13,210.36,-39.64
173,0.355181,79,5.87,463.49,213.49
96,0.610576,66,4.52,298.64,48.64
134,0.637338,84,7.62,640.48,390.48
144,0.388035,51,3.22,164.34,-85.66
139,0.404982,59,7.86,463.71,213.71
167,0.498764,81,3.00,243.20,-6.80
140,0.374627,43,7.11,305.87,55.87
144,0.408121,59,6.16,363.57,113.57
145,0.489583,69,5.93,409.43,159.43
114,0.373011,30,6.45,193.44,-56.56
113,0.441918,49,5.87,287.55,37.55
101,0.326579,33,6.12,201.96,-48.04
107,0.319212,44,3.12,137.16,-112.84
108,0.517488,67,4.22,282.86,32.86
135,0.371903,45,7.63,343.33,93.33
111,0.467523,52,6.76,351.44,101.44
162,0.580533,88,4.19,368.97,118.97
145,0.454061,66,7.22,476.37,226.37
129,0.452966,62,5.09,315.49,65.49
161,0.481809,78,5.64,440.13,190.13
150,0.622937,94,5.49,516.44,266.44
175,0.569483,97,5.97,578.64,328.64
122,0.635171,77,5.35,411.74,161.74
92,0.453665,50,4.46,222.97,-27.03
168,0.600243,109,6.59,718.10,468.10
114,0.387910,47,4.09,192.02,-57.98
154,0.472478,77,7.06,543.95,293.95
141,0.688023,95,5.93,563.16,313.16
168,0.578513,99,3.44,340.73,90.73
170,0.302776,51,6.43,327.87,77.87
97,0.329812,29,4.87,141.21,-108.79
95,0.416986,37,4.25,157.13,-92.87
124,0.379235,54,6.23,336.50,86.50
130,0.457351,63,5.37,338.11,88.11
91,0.692510,55,5.90,324.40,74.40
98,0.438721,46,4.82,221.91,-28.09
161,0.567646,85,6.90,586.68,336.68
100,0.543925,41,5.32,218.25,-31.75
89,0.348252,22,3.88,85.31,-164.69
149,0.598921,89,5.42,482.21,232.21
103,0.362412,39,7.76,302.48,52.48
128,0.300585,41,5.28,216.34,-33.66
174,0.608389,113,3.17,358.04,108.04
161,0.681385,107,4.98,533.39,283.39
101,0.549567,56,5.42,303.40,53.40
164,0.340520,41,4.03,165.16,-84.84
119,0.693873,80,6.70,536.36,286.36
162,0.505442,74,3.88,287.40,37.40
94,0.354206,35,5.55,194.35,-55.65
98,0.551982,58,3.39,196.63,-53.37
156,0.619893,86,4.26,365.93,115.93
143,0.365678,46,4.51,207.60,-42.40
141,0.344255,50,5.04,251.95,1.95
180,0.614852,109,3.52,383.38,133.38
135,0.415183,58,4.44,257.62,7.62
86,0.656814,55,6.08,334.50,84.50
154,0.300766,42,3.26,137.08,-112.92
152,0.433408,63,3.01,189.81,-60.19
112,0.478099,59,7.59,447.69,197.69
80,0.572399,54,5.75,310.69,60.69
106,0.427271,43,4.26,183.33,-66.67
139,0.595612,90,6.75,607.30,357.30
103,0.452476,40,5.79,231.64,-18.36
153,0.534525,83,7.92,657.77,407.77
89,0.553744,43,5.58,239.73,-10.27
147,0.312204,49,4.06,198.83,-51.17
81,0.580315,47,4.34,203.87,-46.13
97,0.678566,72,4.23,304.24,54.24
144,0.645708,90,5.28,474.84,224.84
130,0.698919,103,7.24,745.89,495.89
152,0.532981,83,7.43,616.69,366.69
180,0.472431,88,4.89,430.23,180.23
111,0.613255,66,7.73,510.21,260.21
165,0.520330,91,4.33,394.11,144.11
109,0.488900,53,5.67,300.71,50.71
133,0.389859,49,7.60,372.30,122.30
172,0.642538,111,7.36,816.73,566.73
101,0.548909,66,4.57,301.85,51.85
89,0.698836,55,3.88,213.38,-36.62
127,0.509084,66,4.94,325.72,75.72
93,0.418640,36,4.95,178.30,-71.70
112,0.301328,32,3.02,96.72,-153.28
141,0.549106,80,7.22,577.90,327.90
110,0.690440,79,3.39,267.89,17.89
169,0.541823,91,3.23,294.29,44.29
158,0.375492,58,4.77,276.76,26.76
112,0.353188,39,6.93,270.27,20.27
108,0.419519,35,3.78,132.19,-117.81
98,0.641084,65,4.55,295.96,45.96
112,0.639550,73,4.95,361.54,111.54
107,0.454477,53,4.59,243.06,-6.94
110,0.400017,53,6.33,335.38,85.38
90,0.613580,52,5.18,269.53,19.53
176,0.553835,99,5.71,565.09,315.09
131,0.522528,74,4.57,338.21,88.21
111,0.466973,51,4.37,222.79,-27.21
89,0.588708,51,5.02,256.00,6.00
143,0.546675,82,3.89,319.39,69.39
156,0.492939,87,4.82,419.04,169.04
170,0.402595,63,7.14,449.87,199.87
152,0.564891,94,7.27,683.69,433.69
164,0.517535,71,5.83,413.73,163.73
161,0.330009,52,3.76,195.31,-54.69
176,0.383406,74,5.20,385.02,135.02
160,0.364300,68,5.98,406.58,156.58
106,0.542015,67,7.16,479.70,229.70
172,0.458635,76,5.82,442.63,192.63
138,0.561641,80,4.02,321.49,71.49
146,0.391636,44,6.14,270.00,20.00
93,0.351509,27,7.15,193.05,-56.95
90,0.501130,51,5.09,259.42,9.42
85,0.330043,21,5.18,108.71,-141.29
86,0.317586,25,4.89,122.33,-127.67
98,0.439006,44,5.37,236.47,-13.53
107,0.412778,50,7.50,374.76,124.76
165,0.436850,74,3.27,241.78,-8.22
132,0.419729,51,7.10,361.95,111.95
151,0.452140,77,3.11,239.34,-10.66
173,0.640923,116,3.21,372.16,122.16
105,0.658094,77,7.75,596.66,346.66
166,0.676491,115,5.58,641.66,391.66
166,0.316195,56,3.85,215.85,-34.15
136,0.624657,85,6.65,565.42,315.42
152,0.663071,83,5.74,476.66,226.66
141,0.321609,54,5.21,281.19,31.19
161,0.679523,110,5.44,598.74,348.74
89,0.520426,47,3.26,153.36,-96.64
121,0.448229,64,5.39,344.66,94.66
144,0.658014,94,7.43,698.44,448.44
178,0.373823,67,7.17,480.48,230.48
120,0.516700,65,4.05,263.49,13.49
140,0.527270,71,5.26,373.42,123.42
153,0.410219,63,4.85,305.80,55.80
145,0.390920,57,6.58,375.15,125.15
108,0.347333,31,5.36,166.24,-83.76
163,0.457193,68,7.28,495.24,245.24
154,0.481100,69,6.27,432.75,182.75
178,0.326853,69,6.58,453.77,203.77
166,0.636327,105,6.00,630.15,380.15
104,0.363483,42,4.58,192.54,-57.46
105,0.481792,52,6.89,358.06,108.06
96,0.654611,67,4.12,275.93,25.93
180,0.686788,114,7.20,820.52,570.52
126,0.625466,79,7.84,619.39,369.39
166,0.340709,54,3.78,204.28,-45.72
170,0.435586,76,6.55,498.06,248.06
176,0.473717,73,3.85,280.77,30.77
97,0.356574,43,7.16,307.99,57.99
81,0.542732,44,3.57,156.93,-93.07
85,0.474452,39,3.34,130.25,-119.75
124,0.557042,70,4.71,329.51,79.51
123,0.584321,75,4.29,321.75,71.75
81,0.324988,24,6.23,149.46,-100.54
84,0.671532,58,6.64,385.30,135.30
156,0.380633,71,3.68,260.98,10.98
171,0.335320,57,5.22,297.35,47.35
177,0.485141,79,6.66,526.28,276.28
155,0.332315,45,5.48,246.38,-3.62
109,0.419573,58,5.98,346.94,96.94
91,0.415968,41,5.33,218.34,-31.66
145,0.415742,58,4.45,258.38,8.38
115,0.426012,53,7.91,419.15,169.15
176,0.363389,56,5.48,306.68,56.68
90,0.614850,63,4.81,302.75,52.75
158,0.316391,55,3.25,178.70,-71.30
140,0.607361,87,4.84,421.27,171.27
143,0.590902,85,7.39,627.78,377.78
180,0.586278,96,5.73,549.68,299.68
156,0.513356,71,4.59,326.22,76.22
116,0.599576,68,4.54,308.75,58.75
92,0.336301,39,5.82,227.16,-22.84
179,0.473939,89,4.24,377.22,127.22
90,0.673256,60,6.82,409.34,159.34
121,0.692430,87,5.35,465.48,215.48
94,0.611812,60,4.09,245.64,-4.36
127,0.471923,54,5.10,275.49,25.49
127,0.341834,37,7.13,263.63,13.63
167,0.619410,100,5.72,571.63,321.63
119,0.339158,50,5.03,251.25,1.25
127,0.674417,94,6.06,569.65,319.65
169,0.337692,55,7.12,391.33,141.33
146,0.468819,67,6.02,403.09,153.09
172,0.635209,105,5.26,552.23,302.23
83,0.425166,32,5.78,184.96,-65.04
164,0.463378,84,5.71,479.68,229.68
134,0.535428,73,5.72,417.86,167.86
158,0.376901,72,6.23,448.73,198.73
162,0.589964,90,5.46,491.23,241.23
138,0.383748,64,7.74,495.36,245.36
93,0.622008,58,6.87,398.41,148.41
92,0.424766,34,7.49,254.64,4.64
89,0.380030,35,4.99,174.68,-75.32
115,0.534450,69,6.15,424.37,174.37
179,0.310207,53,6.00,317.79,67.79
145,0.604218,89,7.59,675.85,425.85
116,0.501343,63,6.87,432.83,182.83
118,0.387372,50,7.37,368.64,118.64
156,0.377510,54,4.81,259.99,9.99
163,0.598174,94,4.27,401.84,151.84
137,0.479327,67,3.29,220.45,-29.55
169,0.650273,98,6.17,604.87,354.87
131,0.529438,69,5.67,391.25,141.25
120,0.649260,83,5.00,414.66,164.66
168,0.584903,97,4.65,450.96,200.96
145,0.444463,64,5.76,368.41,118.41
93,0.594255,51,5.75,293.08,43.08
87,0.316792,23,6.87,157.94,-92.06
121,0.454413,53,7.63,404.42,154.42
124,0.372824,48,7.19,345.30,95.30
156,0.354806,54,5.82,314.54,64.54
99,0.409913,35,6.35,222.13,-27.87
113,0.668223,83,5.29,439.41,189.41
125,0.303524,38,5.51,209.37,-40.63
179,0.635300,106,3.25,344.24,94.24
86,0.305501,31,7.04,218.20,-31.80
101,0.598466,52,3.71,192.84,-57.16
148,0.416768,65,5.25,341.55,91.55
82,0.489247,35,3.02,105.60,-144.40
151,0.476068,76,3.17,240.90,-9.10
177,0.375586,70,4.70,329.03,79.03
98,0.605044,60,6.25,375.01,125.01
103,0.551371,53,5.35,283.79,33.79
133,0.578571,83,5.74,476.36,226.36
165,0.611892,104,7.84,815.76,565.76
179,0.369967,64,5.63,360.11,110.11
178,0.445291,79,7.70,608.33,358.33
176,0.358740,57,5.84,332.96,82.96
101,0.674323,68,3.10,211.08,-38.92
124,0.672134,84,5.67,476.64,226.64
143,0.351077,56,4.96,277.50,27.50
133,0.418614,59,4.74,279.84,29.84
119,0.341005,46,5.90,271.33,21.33
174,0.610681,94,6.92,650.40,400.40
104,0.672348,68,6.29,427.60,177.60
150,0.431828,62,4.52,280.16,30.16
150,0.602227,89,5.87,522.08,272.08
140,0.367939,49,3.75,183.51,-66.49
129,0.588039,80,7.81,624.80,374.80
104,0.436317,42,4.92,206.79,-43.21
145,0.335464,48,5.94,285.11,35.11
86,0.526165,46,5.24,241.09,-8.91
172,0.401217,69,5.22,359.97,109.97
104,0.540438,57,3.71,211.21,-38.79
97,0.346101,25,5.76,143.88,-106.12
129,0.634457,75,3.50,262.29,12.29
125,0.633067,80,5.90,471.92,221.92
132,0.414888,59,4.11,242.67,-7.33
106,0.404068,41,6.75,276.77,26.77
82,0.566444,49,7.35,360.17,110.17
124,0.469878,47,3.66,171.89,-78.11
172,0.428779,73,5.22,381.08,131.08
139,0.688337,101,7.94,801.75,551.75
180,0.687309,137,5.16,706.81,456.81
96,0.419147,41,3.03,124.05,-125.95
143,0.552462,85,7.38,627.46,377.46
96,0.441456,48,4.20,201.78,-48.22
172,0.499435,90,5.13,461.80,211.80
107,0.534980,53,6.70,355.06,105.06
176,0.530478,90,3.23,290.64,40.64
112,0.553094,58,4.69,272.30,22.30
94,0.657514,65,6.17,401.28,151.28
163,0.325301,57,7.62,434.20,184.20
159,0.370124,57,4.97,283.41,33.41
120,0.523565,63,5.65,355.64,105.64
120,0.388834,57,7.48,426.24,176.24
174,0.442604,77,5.95,458.08,208.08
169,0.618119,104,7.68,799.20,549.20
124,0.371441,51,4.17,212.62,-37.38
86,0.410277,39,7.40,288.46,38.46
179,0.490641,80,6.68,534.80,284.80
154,0.591115,88,3.73,328.43,78.43
120,0.504747,65,5.70,370.31,120.31
106,0.426944,37,3.53,130.69,-119.31
96,0.595215,50,5.08,253.89,3.89
151,0.545881,87,6.81,592.66,342.66
162,0.531103,75,5.65,424.10,174.10
114,0.663817,75,6.07,455.22,205.22
153,0.646598,105,5.65,592.78,342.78
167,0.317325,51,7.26,370.44,120.44
118,0.447250,48,7.60,364.71,114.71
106,0.521632,46,6.78,311.86,61.86
143,0.626552,102,7.36,750.26,500.26
110,0.386090,47,3.91,183.72,-66.28
137,0.335529,41,3.34,136.89,-113.11
145,0.510626,85,6.49,551.46,301.46
86,0.360744,35,5.39,188.62,-61.38
83,0.461228,44,6.99,307.66,57.66
146,0.665937,100,6.72,672.19,422.19
100,0.471228,47,3.93,184.78,-65.22
122,0.347180,48,6.10,292.63,42.63
158,0.539925,79,5.57,440.00,190.00
102,0.531916,55,5.37,295.15,45.15
82,0.512234,44,3.29,144.94,-105.06
90,0.555449,47,6.80,319.83,69.83
84,0.629490,62,6.04,374.35,124.35
170,0.522197,87,4.74,412.22,162.22
152,0.315153,48,6.46,310.23,60.23
160,0.677241,115,6.73,774.50,524.50
134,0.593484,73,5.86,427.99,177.99
167,0.577249,90,7.46,671.20,421.20
129,0.625596,76,4.65,353.22,103.22
150,0.418429,56,4.64,260.08,10.08
128,0.654724,86,6.97,599.62,349.62
139,0.506031,78,5.98,466.56,216.56
86,0.469290,33,3.28,108.15,-141.85
112,0.424100,47,5.58,262.33,12.33
115,0.338309,39,6.81,265.69,15.69
157,0.388163,57,7.64,435.74,185.74
90,0.379148,35,6.88,240.92,-9.08
123,0.373693,43,7.53,323.72,73.72
158,0.631067,99,4.11,406.59,156.59
96,0.676477,67,3.09,207.17,-42.83
132,0.347464,57,4.05,230.61,-19.39
92,0.619330,61,4.46,271.96,21.96
117,0.305197,29,6.18,179.18,-70.82
81,0.412088,34,4.71,160.30,-89.70
105,0.540109,61,4.86,296.16,46.16
165,0.567744,95,5.48,521.06,271.06
115,0.503892,53,7.97,422.44,172.44
169,0.533682,96,4.05,389.24,139.24
151,0.553839,76,3.91,297.49,47.49
145,0.526575,79,6.99,551.99,301.99
159,0.647062,96,7.52,721.79,471.79
171,0.457876,71,7.37,523.03,273.03
155,0.305860,40,5.29,211.74,-38.26
92,0.527781,43,4.72,203.02,-46.98
102,0.542720,58,7.02,407.06,157.06
176,0.581584,105,5.92,621.25,371.25
177,0.472512,82,4.21,345.38,95.38
120,0.485410,65,6.69,434.76,184.76
158,0.563816,88,4.90,431.33,181.33
119,0.346840,46,4.57,210.03,-39.97
89,0.491661,39,4.99,194.43,-55.57
164,0.363543,68,5.68,386.56,136.56
92,0.578195,60,7.99,479.59,229.59
99,0.661674,66,4.70,309.94,59.94
96,0.302373,28,7.50,210.04,-39.96
141,0.662987,90,3.46,311.04,61.04
172,0.495719,90,3.63,326.64,76.64
144,0.529985,77,4.57,351.97,101.97
173,0.563231,103,3.97,408.94,158.94
101,0.404402,41,5.20,213.30,-36.70
112,0.468396,57,4.73,269.70,19.70
152,0.470085,70,7.82,547.37,297.37
98,0.415584,41,3.82,156.61,-93.39
124,0.344943,38,5.67,215.65,-34.35
99,0.570432,61,6.31,384.99,134.99
143,0.576263,72,6.78,488.23,238.23
126,0.359240,47,6.44,302.76,52.76
91,0.566544,43,4.08,175.56,-74.44
133,0.362673,52,5.14,267.08,17.08
122,0.697637,88,4.80,422.02,172.02
119,0.403061,34,7.53,255.88,5.88
132,0.541208,81,4.67,378.16,128.16
156,0.599400,90,4.95,445.19,195.19
92,0.664728,55,3.41,187.41,-62.59
175,0.672291,130,5.63,731.74,481.74
94,0.593054,53,3.38,179.39,-70.61
138,0.457244,63,3.72,234.13,-15.87
138,0.381829,55,7.92,435.62,185.62
104,0.307218,36,6.32,227.69,-22.31
167,0.476391,75,4.19,313.99,63.99
172,0.539293,95,7.88,749.03,499.03
133,0.675628,81,3.94,318.88,68.88
93,0.534237,47,7.11,334.03,84.03
81,0.518614,40,5.25,210.14,-39.86
158,0.453348,80,4.43,354.64,104.64
99,0.667448,71,5.81,412.54,162.54
120,0.397899,52,3.75,195.02,-54.98
138,0.485554,75,4.62,346.59,96.59
85,0.436625,38,7.25,275.64,25.64
145,0.361996,58,3.71,214.97,-35.03
151,0.408149,72,7.42,534.31,284.31
105,0.577046,59,7.15,421.68,171.68
91,0.332660,33,3.35,110.55,-139.45
91,0.684556,68,6.90,469.52,219.52
101,0.527820,55,3.76,206.81,-43.19
109,0.640649,77,7.01,539.86,289.86
163,0.361077,69,7.29,502.82,252.82
139,0.508489,65,6.02,391.19,141.19
178,0.315621,54,6.15,332.24,82.24
180,0.409416,77,6.76,520.61,270.61
167,0.699377,118,4.41,519.93,269.93
126,0.682680,83,7.58,628.77,378.77
168,0.459926,74,4.15,306.77,56.77
151,0.664246,107,7.70,823.72,573.72
118,0.336806,40,5.45,217.83,-32.17
107,0.459036,53,4.95,262.35,12.35
146,0.468917,64,6.30,403.50,153.50
158,0.416303,65,4.72,306.72,56.72
135,0.506134,69,5.46,376.47,126.47
156,0.324694,60,6.30,378.17,128.17
101,0.633578,66,4.89,323.01,73.01
163,0.325270,57,5.42,309.02,59.02
80,0.354605,28,4.12,115.44,-134.56
114,0.425457,52,7.15,371.74,121.74
146,0.647096,97,4.79,464.41,214.41
174,0.582153,97,5.92,574.71,324.71
139,0.305609,46,6.84,314.64,64.64
138,0.599071,78,4.70,366.72,116.72
137,0.513368,75,4.41,330.96,80.96
173,0.361340,63,6.37,401.15,151.15
142,0.389712,52,4.95,257.49,7.49
180,0.623298,122,7.10,865.64,615.64
142,0.565667,72,4.97,357.76,107.76
172,0.302748,67,5.50,368.78,118.78
84,0.636962,50,7.36,368.06,118.06
140,0.447177,64,7.05,451.49,201.49
178,0.466995,81,6.88,557.50,307.50
95,0.384902,44,7.68,337.88,87.88
174,0.679315,119,3.03,360.95,110.95
112,0.569957,59,6.85,403.94,153.94
173,0.613580,113,3.23,364.70,114.70
116,0.371026,40,4.19,167.70,-82.30
136,0.461080,66,3.90,257.25,7.25
116,0.600007,71,7.64,542.64,292.64
179,0.467376,75,5.81,435.46,185.46
173,0.359555,59,3.64,214.94,-35.06
161,0.665575,120,4.32,518.68,268.68
158,0.487596,71,4.61,327.41,77.41
113,0.375755,45,3.62,162.78,-87.22
167,0.390204,59,5.12,301.85,51.85
145,0.317403,33,7.89,260.28,10.28
121,0.306735,37,4.75,175.61,-74.39
152,0.399583,50,7.28,364.06,114.06
88,0.578950,51,3.51,178.94,-71.06
102,0.426934,43,7.12,306.11,56.11
165,0.635994,96,5.03,482.83,232.83
119,0.599389,70,5.57,389.64,139.64
147,0.485068,70,7.00,489.99,239.99
174,0.409655,69,3.83,264.57,14.57
174,0.534565,81,3.45,279.34,29.34
147,0.439319,63,4.55,286.52,36.52
139,0.351600,46,5.37,246.93,-3.07
107,0.348111,30,4.13,123.94,-126.06
84,0.333397,32,6.61,211.67,-38.33
178,0.622071,108,7.85,847.74,597.74
83,0.404934,43,5.09,218.72,-31.28
139,0.457229,68,6.00,408.27,158.27
104,0.594130,56,3.12,174.83,-75.17
131,0.629342,97,7.18,696.63,446.63
91,0.387294,42,3.24,136.26,-113.74
170,0.633250,107,7.14,764.25,514.25
176,0.550015,103,4.11,422.82,172.82
137,0.488028,57,6.10,347.70,97.70
93,0.488406,45,4.62,208.04,-41.96
109,0.360201,45,3.46,155.86,-94.14
130,0.377102,59,3.45,203.31,-46.69
109,0.668949,75,7.72,578.81,328.81
127,0.484666,65,7.27,472.81,222.81
80,0.377969,22,5.02,110.53,-139.47
165,0.351206,58,7.80,452.68,202.68
149,0.365663,53,4.72,250.25,0.25
168,0.674099,112,3.45,386.72,136.72
176,0.414438,70,4.66,325.87,75.87
85,0.352580,27,7.24,195.57,-54.43
161,0.606100,98,3.92,384.60,134.60
171,0.395136,68,3.25,220.77,-29.23
131,0.386353,63,7.78,490.18,240.18
160,0.651900,106,5.01,530.68,280.68
95,0.474557,58,3.30,191.51,-58.49
148,0.322312,54,7.33,395.63,145.63
168,0.518620,82,4.29,352.04,102.04
156,0.411724,61,5.34,325.81,75.81
81,0.629551,48,5.23,251.04,1.04
95,0.356818,23,3.29,75.64,-174.36
97,0.354768,34,4.25,144.38,-105.62
141,0.572457,79,4.82,380.91,130.91
174,0.655752,116,6.16,714.09,464.09
121,0.610682,78,3.89,303.52,53.52
152,0.667015,102,4.92,501.85,251.85
114,0.362049,38,5.28,200.64,-49.36
129,0.648357,82,6.71,550.03,300.03
166,0.663781,103,3.89,400.52,150.52
139,0.383276,46,6.01,276.65,26.65
179,0.636579,125,6.89,861.16,611.16
111,0.614724,65,5.43,353.26,103.26
127,0.371777,42,4.23,177.69,-72.31
108,0.601051,65,4.54,295.05,45.05
107,0.342945,28,6.18,173.14,-76.86
87,0.673472,52,7.07,367.83,117.83
178,0.568591,96,7.71,739.75,489.75
118,0.457621,60,5.14,308.38,58.38
87,0.640442,53,3.36,178.17,-71.83
118,0.621028,62,5.19,321.70,71.70
170,0.463555,79,7.55,596.56,346.56
115,0.459753,59,5.59,330.03,80.03
129,0.652640,89,5.80,516.26,266.26
138,0.696238,101,5.53,558.55,308.55
98,0.431206,37,3.99,147.69,-102.31
140,0.529000,69,5.65,389.68,139.68
114,0.439461,49,3.89,190.51,-59.49
141,0.473784,57,6.99,398.28,148.28
127,0.507801,50,5.11,255.55,5.55
81,0.607684,49,3.51,172.21,-77.79
81,0.550381,42,6.50,273.16,23.16
130,0.397165,52,5.64,293.47,43.47
167,0.589719,89,7.12,633.28,383.28
89,0.444170,47,7.25,340.66,90.66
111,0.634838,67,4.73,317.09,67.09
150,0.555064,84,3.83,321.38,71.38
172,0.348421,66,4.75,313.69,63.69
137,0.651148,90,7.11,639.46,389.46
124,0.675948,76,3.26,247.66,-2.34
169,0.593365,88,5.40,474.99,224.99
143,0.359771,57,3.83,218.45,-31.55
177,0.310644,49,7.34,359.62,109.62
127,0.501721,73,7.72,563.33,313.33
152,0.332356,53,6.89,365.06,115.06
114,0.371299,48,6.64,318.59,68.59
164,0.682318,107,3.35,358.06,108.06
109,0.306009,37,6.86,253.95,3.95
116,0.476931,59,4.75,280.07,30.07
157,0.391313,58,6.24,362.09,112.09
161,0.646993,100,3.18,318.25,68.25
85,0.411429,39,4.45,173.58,-76.42
119,0.492785,60,7.76,465.75,215.75
144,0.682014,99,6.70,663.58,413.58
98,0.352289,32,5.45,174.27,-75.73
112,0.419565,43,5.00,215.17,-34.83
148,0.503027,69,5.56,383.35,133.35
147,0.589311,91,7.34,667.54,417.54
105,0.416323,48,5.25,251.97,1.97
167,0.582160,105,5.04,529.38,279.38
108,0.341359,40,6.25,249.94,-0.06
129,0.362436,48,6.51,312.38,62.38
128,0.384071,51,5.16,263.32,13.32
118,0.608459,60,6.99,419.34,169.34
133,0.412968,53,6.92,366.80,116.80
170,0.631641,115,6.16,708.34,458.34
180,0.368827,65,6.11,396.83,146.83
180,0.428359,70,5.28,369.55,119.55
116,0.550718,66,7.23,477.19,227.19
95,0.309366,34,3.07,104.50,-145.50
118,0.334250,37,4.40,162.65,-87.35
119,0.539816,72,6.55,471.44,221.44
173,0.491554,83,5.67,470.86,220.86
170,0.621684,116,3.04,352.13,102.13
134,0.566577,81,5.73,464.48,214.48
162,0.507386,78,4.12,321.51,71.51
165,0.406872,62,3.82,236.93,-13.07
169,0.533774,102,3.02,308.43,58.43
157,0.357296,54,6.24,337.12,87.12
171,0.341052,59,6.02,354.94,104.94
98,0.670410,66,3.47,229.00,-21.00
161,0.660596,116,3.31,383.48,133.48
96,0.426053,43,7.05,302.96,52.96
92,0.385781,40,7.20,288.09,38.09
130,0.323224,43,4.60,197.87,-52.13
152,0.428785,61,6.68,407.57,157.57
101,0.446407,40,6.85,273.88,23.88
136,0.310484,48,6.96,334.27,84.27
143,0.415734,64,3.20,204.67,-45.33
110,0.388014,47,6.22,292.38,42.38
123,0.617991,81,5.87,475.52,225.52
151,0.683022,107,7.27,777.58,527.58
116,0.361655,40,5.23,209.16,-40.84
161,0.453231,78,6.11,476.27,226.27
172,0.632196,111,4.10,455.41,205.41
120,0.406198,46,4.63,213.18,-36.82
110,0.630500,67,5.29,354.15,104.15
148,0.541198,77,3.14,242.10,-7.90
155,0.556760,84,5.02,421.81,171.81
100,0.382375,42,7.42,311.67,61.67
151,0.342044,52,6.21,323.06,73.06
128,0.420336,55,7.08,389.34,139.34
169,0.417108,63,3.60,226.59,-23.41
101,0.588078,57,3.07,175.24,-74.76
86,0.667491,55,5.47,300.71,50.71
169,0.558774,85,3.23,274.74,24.74
149,0.463482,79,4.21,332.38,82.38
180,0.597347,109,7.33,798.95,548.95
157,0.665701,99,5.91,584.62,334.62
83,0.500817,43,7.15,307.55,57.55
102,0.326393,38,3.62,137.45,-112.55
176,0.590072,101,3.39,342.22,92.22
137,0.325837,43,6.16,264.86,14.86
149,0.454674,66,7.91,521.85,271.85
137,0.646705,88,5.13,451.74,201.74
140,0.536876,75,7.06,529.87,279.87
112,0.374606,47,4.23,198.76,-51.24
107,0.518810,58,7.35,426.57,176.57
121,0.668672,90,3.93,353.80,103.80
160,0.513207,69,6.35,438.38,188.38
162,0.545563,101,6.99,706.26,456.26
82,0.527837,40,7.69,307.51,57.51
108,0.353117,33,7.35,242.56,-7.44
149,0.447357,68,6.32,429.63,179.63
163,0.696749,118,4.98,587.40,337.40
119,0.659694,76,5.63,428.20,178.20
90,0.595809,65,6.62,430.52,180.52
156,0.433169,68,4.17,283.73,33.73
111,0.639314,78,6.58,512.96,262.96
156,0.462317,77,6.84,526.74,276.74
180,0.616528,109,5.16,562.31,312.31
88,0.689687,61,5.97,364.09,114.09
132,0.566728,66,7.97,525.72,275.72
180,0.341391,70,7.49,523.98,273.98
99,0.658464,65,6.14,399.31,149.31
88,0.684736,56,5.98,334.78,84.78
172,0.415666,57,4.72,269.32,19.32
104,0.633590,69,5.05,348.27,98.27
121,0.662710,81,3.23,261.71,11.71
104,0.450736,50,5.87,293.59,43.59
127,0.534759,72,4.62,332.40,82.40
92,0.612512,56,6.77,379.27,129.27
153,0.422536,71,4.72,334.99,84.99
164,0.619106,96,7.25,695.77,445.77
154,0.552503,82,3.19,261.72,11.72
114,0.419061,44,6.26,275.55,25.55
108,0.399470,42,3.60,151.36,-98.64
143,0.593520,97,3.52,341.39,91.39
115,0.460752,52,5.47,284.69,34.69
119,0.589837,63,7.10,447.51,197.51
101,0.353501,31,3.13,96.88,-153.12
176,0.442567,78,5.85,456.10,206.10
127,0.571566,75,6.10,457.16,207.16
142,0.438462,50,7.32,365.93,115.93
116,0.420658,46,3.90,179.34,-70.66
156,0.585589,99,3.33,329.34,79.34
162,0.389785,63,6.08,382.88,132.88
106,0.514516,58,3.21,186.01,-63.99
123,0.468472,51,3.06,155.93,-94.07
161,0.418912,63,3.73,234.80,-15.20
95,0.346129,36,4.74,170.73,-79.27
119,0.464608,58,5.96,345.74,95.74
141,0.574679,81,5.87,475.23,225.23
133,0.381786,46,6.26,287.82,37.82
95,0.309996,21,6.77,142.22,-107.78
179,0.455440,79,3.35,264.35,14.35
156,0.315092,42,7.49,314.73,64.73
164,0.427730,61,3.65,222.59,-27.41
99,0.404951,42,3.15,132.29,-117.71
122,0.358773,33,3.29,108.65,-141.35
130,0.668917,84,6.37,535.07,285.07
121,0.597015,62,5.93,367.55,117.55
92,0.311812,30,7.67,230.13,-19.87
178,0.599901,104,5.40,561.41,311.41
161,0.482284,70,6.42,449.39,199.39
171,0.408574,70,3.57,250.04,0.04
118,0.591129,67,5.34,357.79,107.79
122,0.634412,71,4.36,309.90,59.90
104,0.404087,48,3.34,160.30,-89.70
177,0.413417,80,7.79,623.15,373.15
163,0.544573,92,6.66,612.70,362.70
88,0.653837,60,6.27,376.11,126.11
104,0.544073,67,5.17,346.39,96.39
122,0.465037,58,3.97,230.52,-19.48
155,0.367141,58,6.61,383.58,133.58
177,0.673419,122,4.92,600.66,350.66
163,0.564707,93,4.56,423.81,173.81
163,0.359846,64,6.44,411.96,161.96
93,0.521016,46,3.21,147.74,-102.26
169,0.561345,82,6.02,493.33,243.33
99,0.692982,67,5.05,338.24,88.24
83,0.308704,18,6.50,117.02,-132.98
118,0.572033,68,6.05,411.40,161.40
91,0.519564,45,6.72,302.26,52.26
138,0.307069,53,5.57,295.27,45.27
175,0.467199,93,3.81,353.93,103.93
113,0.335851,41,3.27,133.94,-116.06
131,0.521215,63,3.24,204.35,-45.65
156,0.316916,38,3.11,118.21,-131.79
116,0.409769,47,5.15,242.08,-7.92
121,0.687217,83,7.01,581.72,331.72
151,0.468624,71,4.56,324.07,74.07
165,0.449172,75,6.40,479.78,229.78
137,0.526790,71,4.76,338.03,88.03
103,0.481825,49,6.50,318.31,68.31
168,0.526205,73,7.70,561.90,311.90
180,0.301819,63,3.90,246.00,-4.00
133,0.672363,91,5.88,535.28,285.28
156,0.690059,97,6.49,629.18,379.18
148,0.309330,47,7.88,370.38,120.38
160,0.678032,105,6.97,731.98,481.98
91,0.361988,34,6.26,212.87,-37.13
164,0.636854,100,6.15,615.13,365.13
150,0.531240,87,5.09,443.08,193.08
137,0.495256,66,3.31,218.68,-31.32
100,0.561000,62,3.01,186.45,-63.55
157,0.538843,88,4.81,423.53,173.53
122,0.573821,73,4.52,330.26,80.26
115,0.518102,60,6.53,391.66,141.66
80,0.449599,36,4.30,154.87,-95.13
140,0.317805,49,4.21,206.29,-43.71
146,0.505393,79,5.38,425.05,175.05
153,0.396420,61,6.61,403.49,153.49
147,0.557850,86,4.45,383.10,133.10
151,0.591864,86,5.50,472.98,222.98
171,0.611691,106,3.47,368.22,118.22
178,0.564010,96,6.62,635.71,385.71
148,0.620407,87,6.87,597.98,347.98
147,0.644238,79,4.82,380.93,130.93
134,0.696513,101,6.66,672.67,422.67
162,0.623271,108,4.28,461.76,211.76
161,0.575041,97,6.07,588.80,338.80
149,0.565074,90,4.96,445.99,195.99
133,0.392807,55,3.38,186.16,-63.84
90,0.635127,60,4.49,269.67,19.67
133,0.663364,91,3.07,279.50,29.50
99,0.443263,47,6.36,298.82,48.82
174,0.619734,109,4.93,537.61,287.61
143,0.593967,88,6.18,543.67,293.67
170,0.520438,87,6.52,567.03,317.03
131,0.325071,34,7.11,241.80,-8.20
81,0.313507,29,5.40,156.54,-93.46
